nama_produk,pred_qty_arima,pred_rev_arima,pred_qty_lstm,pred_rev_lstm,pred_qty_ens,pred_rev_ens,aktual_qty,aktual_rev,bulan,tp
AS 6mm KIPAS ANGIN KECIL 7 IN 9 IN BATANG BESI,15.69,105114.13559322033,17.49,117173.11864406778,16.769999999999996,112349.52542372879,12.0,78800.0,2024-04,True
"AS DINAMO KIPAS ANGIN MODEL COSMOS,MIYAKO,UMUM-RRT.",13.87,89712.3404255319,15.35,99285.10638297872,14.758,95456.0,24.0,146000.0,2024-04,True
AS EXHAUST FAN MASPION EXOS EXSOS EXAUST KIPAS ANGIN,10.4,59853.0612244898,9.67,55651.836734693876,9.962,57332.32653061225,21.0,121000.0,2024-04,True
AS EXHAUST PANASONIC NATIONAL DINAMO MASPION EXOSOS FAN KIPAS ANGIN,2.72,16505.570093457944,4.24,25729.271028037383,3.632,22039.790654205608,4.0,25200.0,2024-04,True
AS Exhaust/Exaust/Exsos Maspion Panasonic National multi kipas angin.,4.89,28530.927272727273,2.15,12544.272727272728,3.2459999999999996,18938.934545454544,0.0,0.0,2024-04,False
AS FAN KIPAS ANGIN COSMOS MOYAKO DRAT KASAR DINAMO PLAFON DINDING PORT,26.03,165782.17777777778,18.27,116359.59999999999,21.374000000000002,136128.6311111111,20.0,120000.0,2024-04,True
AS KIPAS ANGIN MIYAKO COSMOS SEKAI FAN DINAMO DRAT HALUS,25.57,163008.75,16.0,102000.0,19.828000000000003,126403.50000000001,50.0,310000.0,2024-04,True
AS KIPAS ANGIN MIYAKO COSMOS SEKAI FAN DINAMO DRAT HALUS - KASAR - as drat halus,20.49,127482.59433962264,17.5,108879.71698113208,18.695999999999998,116320.86792452828,6.0,39000.0,2024-04,True
AS KIPAS ANGIN MIYAKO COSMOS SEKAI FAN DINAMO DRAT HALUS - KASAR - as drat kasar,27.98,172077.0,17.28,106272.0,21.560000000000002,132594.0,8.0,52000.0,2024-04,True
AS KIPAS ANGIN REGENCY 10 CM DIAMETER 10 MM,13.87,116027.88461538461,13.06,109251.92307692308,13.384,111962.30769230769,3.0,25500.0,2024-04,True
"AS fan kipas angin Maspion16""panjang20,5cm plafonportabledindingdinamo",22.84,147626.42335766423,18.71,120932.15328467154,20.362000000000002,131609.86131386863,45.0,292500.0,2024-04,True
"AS fan kipas angindinding portable panasonic Nasional KDK pajang20,5cm",1.27,11603.181818181818,1.47,13430.454545454544,1.3900000000000001,12699.545454545456,2.0,26000.0,2024-04,True
"AS kipas angin model Maspion 18,5 cm.AS Maspion 12""/inci",21.48,136970.2656716418,14.35,91504.80970149254,17.201999999999998,109690.99208955222,63.0,390500.0,2024-04,True
"AS kipas angin model Maspion 20,5 cm.AS Maspion 16""/inci",50.17,324620.99285035627,24.28,157101.80798099763,34.636,224109.4819287411,13.0,84500.0,2024-04,True
Arang Mixer karbon carbon brush mixer blender umum,25.13,109960.72972972973,4.27,18684.135135135133,12.613999999999999,55194.77297297297,9.0,36500.0,2024-04,True
Arang blender carbon brush bostel arang sepul blender plat kotak.,16.0,71586.51685393258,5.83,26084.337078651686,9.898,44285.20898876404,0.0,0.0,2024-04,False
BEARING 629 NKN 2 RS BERING BUSHING BALL LAHER BANTALAN,1.83,12569.8125,5.01,34412.4375,3.738,25675.3875,5.0,34500.0,2024-04,True
"BOS KIPAS ANGIN BOSHING BOSSING BOSING BREKET KUPING 7 "" 9 "" IN AS 6MM",4.18,25931.063063063062,4.01,24876.45045045045,4.077999999999999,25298.295495495495,5.0,32500.0,2024-04,True
BOSHING BOSSING BOSING KIPAS ANGIN REGENCY 10MM BULET BOS MESIN CUCI,30.27,105062.125,11.85,41129.375,19.218,66702.475,30.0,105000.0,2024-04,True
BOSHING BOSSING BOSING KIPAS ANGIN REGENCY 10MM GUCI BOS MESIN CUCI,14.58,50568.3,2.62,9087.033333333335,7.404000000000001,25679.540000000005,4.0,14000.0,2024-04,True
"BOSHING BOSSING BOSING KIPAS ANGIN REGENCY BOS MESIN CUCI 12 "" GUCI",4.77,22384.928571428572,2.61,12248.357142857143,3.4739999999999998,16302.985714285714,2.0,9600.0,2024-04,True
Bos kipas angin boshing Maspion Gentong guci Dinamofandindingportable,8.67,19721.359999999997,13.65,31049.199999999997,11.658,26518.064,10.0,23000.0,2024-04,True
Bos mesin cuci bulet 10mm boshing fan kipasangin dinamo regenci umum,7.06,22378.342105263157,6.94,21997.97368421053,6.9879999999999995,22150.121052631577,4.0,14000.0,2024-04,True
CASING COVER TUTUP IMPELLER CAP SHIMIZU GOLDSTAR 130 PS 128 130 135,1.95,45080.92105263158,1.42,32828.15789473684,1.6320000000000001,37729.26315789474,5.0,117500.0,2024-04,True
ELEMEN BODY SAMPING MAGIC COM PEMANAS RICE COOKER KABEL SABUK HEATER,27.27,310963.21875,17.31,197388.09374999997,21.294,242818.14375000002,32.0,372200.0,2024-04,True
ELEMEN TUTUP ATAS MAGIC COM JAR PEMANAS TOP HEATER RICE COOKER KOTAK,32.9,300219.4900849858,18.22,166261.37110481583,24.092,219844.61869688382,68.0,624200.0,2024-04,True
FUSE KIPAS ANGIN SEIRING THERMAL 2A THERMOFUSE KOTAK 250V,27.86,31476.912280701756,27.23,30765.122807017546,27.482,31049.83859649123,10.0,13000.0,2024-04,True
GEAR GIGI MIXER MASPION BARU MT 1150 ADONAN MESIN (SEPASANG),2.57,20131.666666666664,2.73,21385.0,2.666,20883.666666666664,0.0,0.0,2024-04,False
GEAR GIGI MIXER MASPION SEPASANG,2.32,18260.333333333332,4.4,34631.66666666667,3.568,28083.13333333333,6.0,47400.0,2024-04,True
GEAR GIGI MIXER MIYAKO HM 620 625 650 GRIGI SESET SEPASANG,21.64,163860.28535031847,21.38,161891.53885350318,21.484,162679.0374522293,9.0,76500.0,2024-04,True
GEAR GIGI MIXER MIYAKO HM 625 HM 620 628 650 GRIGI,12.16,47236.92307692308,8.39,32591.92307692308,9.898,38449.92307692308,34.0,136000.0,2024-04,True
GEAR GIGI MIXER PHILIP SESET SEPASANG.,6.5,50050.0,7.26,55902.0,6.9559999999999995,53561.2,2.0,15800.0,2024-04,True
GEAR KOPEL BLENDER PHILIP BARU 2061 2071 2115 2116 PLASTIK GIGI BAGUS,15.45,48740.377358490565,2.14,6751.094339622642,7.4639999999999995,23546.80754716981,2.0,7000.0,2024-04,True
GEAR KOPEL BLENDER PHILIP BARU 2061 2071 2115 2116 PLASTIK GIGI PISAU,6.19,17470.741379310348,2.52,7112.48275862069,3.9880000000000004,11255.786206896553,0.0,0.0,2024-04,False
GEAR KOPEL BLENDER PHILIP LAMA 2815 COPEL BAUT UPPER MOUNTING PISAU,4.05,11128.153846153846,2.97,8160.646153846154,3.402,9347.649230769232,0.0,0.0,2024-04,False
GEARBOX KIPAS ANGIN COSMOS / SEKAI / MIYAKO / RRT KOTAK GEARBOK GIRBOK,7.99,66333.97222222222,22.1,183476.94444444444,16.456,136619.75555555554,2.0,17800.0,2024-04,True
GEARBOX WALLFAN MIYAKO TARIK WALL FAN GEAR BOX KIPAS ANGIN DINDING,3.22,47789.88421052632,3.05,45266.81578947369,3.1180000000000003,46276.04315789475,8.0,120000.0,2024-04,True
Gear Kopel Maspion Upper Blender Mounting Baut Pisau Flange gigi Spare,8.98,26157.3155862069,12.31,35857.07737931035,10.978000000000002,31977.172662068973,0.0,0.0,2024-04,False
Gear Kopel Maspion Upper Blender Mounting Baut Pisau Flange gigi putih,4.4,13794.814814814816,4.42,13857.518518518518,4.412,13832.437037037036,0.0,0.0,2024-04,False
Gear box kipas angin Maspion bintang girbok/gear bok kipas angin12 16,1.42,17837.65862857143,3.16,39695.07131428572,2.464,30952.10624,1.0,14700.0,2024-04,True
"Gear box/girbox/gearbox/gear bok kipas angin Cosmos Miyako,umum.rrt",5.35,35461.033797216696,17.82,118115.06958250496,12.832,85053.45526838966,30.0,204800.0,2024-04,True
"Gigi konektor Miyako lama gear lower panasonic,nasional drat besar POM",34.6,118863.9455782313,17.95,61664.965986394556,24.61,84544.55782312926,4.0,14400.0,2024-04,True
Gigi konektor blender Miyako drat lubang kecil gear lower National,5.26,18620.399999999998,4.15,14691.000000000002,4.594,16262.76,0.0,0.0,2024-04,False
Gigi konektor blender Miyako drat lubang kecil gear lower National RRT,21.51,73665.629628866,45.25,154968.37474226806,35.754,122447.27669690721,22.0,76800.0,2024-04,True
IMPELLER JET DAB 370 KIPAS IMPELAR GADING MESIN POMPA AIR SPAREPARTS,3.06,72050.25,2.29,53919.95833333333,2.598,61172.075,5.0,122500.0,2024-04,True
IMPELLER KUNINGAN NATIONAL PANASONIC GP 125 129 POMPA AIR KIPAS SANEI,4.18,111680.54777070062,3.76,100459.05732484076,3.928,104947.6535031847,2.0,59000.0,2024-04,True
IMPELLER KUNINGAN POMPA AIR SHIMIZU PS 105 130 135 KIPAS GOLSTAR SANEI,8.23,227644.31297709924,2.9,80214.8854961832,5.032,139186.6564885496,4.0,119200.0,2024-04,True
IMPELLER KUNINGAN PS 226 230 SHIMIZU POMPA AIR KIPAS BIT SPAREPARTS.,1.73,83939.6,0.44,21348.8,0.9560000000000001,46385.12,1.0,49000.0,2024-04,True
IMPELLER KUNINGAN SANYO SY 136 PWH IMPELER KIPAS POMPA AIR,1.11,29855.828571428578,0.9,24207.428571428572,0.9840000000000001,26466.788571428577,0.0,0.0,2024-04,False
KABEL TIES 10CM CABLE TIES KABEL TIS CABLE TIE 2.5 × 100MM ISI 100PCS,3.0,14536.58536585366,1.24,6008.455284552846,1.9440000000000002,9419.707317073173,2.0,11000.0,2024-04,True
"KAPASITOR 1,5UF, 2UF, 2,5UF, 3UF, 3,5UF MIKRO CAPASITOR KIPAS ANGIN - 1,5UF",97.04,346176.31181486,35.07,125107.20584652862,59.858000000000004,213534.84823386118,47.0,169200.0,2024-04,True
"KAPASITOR 1,5UF, 2UF, 2,5UF, 3UF, 3,5UF MIKRO CAPASITOR KIPAS ANGIN - 2,5UF",77.97,385990.03542009887,29.04,143762.352553542,48.612,240653.42570016478,16.0,83200.0,2024-04,True
"KAPASITOR 1,5UF, 2UF, 2,5UF, 3UF, 3,5UF MIKRO CAPASITOR KIPAS ANGIN - 2UF",105.27,504516.86348684214,44.83,214852.1990131579,69.006,330718.0648026316,112.0,548800.0,2024-04,True
"KAPASITOR 1,5UF, 2UF, 2,5UF, 3UF, 3,5UF MIKRO CAPASITOR KIPAS ANGIN - 3,5UF",18.91,125336.80701754386,13.44,89081.26315789473,15.628,103583.48070175438,5.0,34000.0,2024-04,True
"KAPASITOR 1,5UF, 2UF, 2,5UF, 3UF, 3,5UF MIKRO CAPASITOR KIPAS ANGIN - 3UF",31.05,177607.70604395604,16.29,93179.69505494506,22.194000000000003,126950.89945054946,12.0,69600.0,2024-04,True
"KAPASITOR 1.5UF 1,5UF 1.5 UF 1,5 UF 450V MIKRO CAPASITOR KIPAS ANGIN",81.44,286288.3503649635,48.06,168946.68613138687,61.412,215883.3518248175,239.0,791300.0,2024-04,True
KAPASITOR 10 UF 450V KOTAK KABEL SAN EI CAPACITOR PETAK POMPA AIR,2.54,35788.6,3.26,45933.399999999994,2.9719999999999995,41875.479999999996,12.0,176800.0,2024-04,True
KAPASITOR 100UF 100 MFD UF 250V 250 VAC CAPASITOR STARTING AC MOTOR,2.79,83485.38461538461,1.41,42191.53846153846,1.9620000000000002,58709.07692307693,1.0,31000.0,2024-04,True
KAPASITOR 12 UF 450V KOTAK KABEL SAN EI CAPACITOR PETAK POMPA AIR,1.73,27011.378378378377,1.69,26386.837837837837,1.706,26636.65405405405,4.0,67600.0,2024-04,True
KAPASITOR 150UF 150 MFD UF 250V 250 VAC CAPASITOR STARTING AC MOTOR,4.7,169200.0,1.09,39240.0,2.5340000000000003,91224.00000000001,2.0,72000.0,2024-04,True
KAPASITOR 200UF 200 MFD UF 250V 250 VAC CAPASITOR STARTING AC MOTOR,2.2,96429.47368421053,1.47,64432.42105263157,1.762,77231.24210526315,0.0,0.0,2024-04,False
KAPASITOR 250UF 250 MFD UF 250V 250 VAC CAPASITOR STARTING AC MOTOR,2.23,122650.0,0.83,45650.0,1.39,76450.0,1.0,55000.0,2024-04,True
KAPASITOR 2UF 2 UF 400V 400 V 450V 450 V VOLT CAPASITOR KIPAS ANGIN,11.05,51448.8,17.04,79338.23999999999,14.643999999999998,68182.46399999999,13.0,63700.0,2024-04,True
KAPASITOR 3 UF 450V 3UF 450 V 400 VOLT CAPASITOR 3 MICKO KIPAS ANGIN,4.58,27059.717647058824,2.26,13352.61176470588,3.1879999999999997,18835.454117647056,10.0,63000.0,2024-04,True
KAPASITOR 300UF 300 MFD UF 250V 250 VAC CAPASITOR STARTING AC MOTOR,2.48,153760.0,0.52,32240.0,1.304,80848.0,2.0,124000.0,2024-04,True
KAPASITOR 30UF 450 VAC CAPASITOR BULET CONDENSATOR SPAREPARTS DINAMO,5.76,176296.13114754096,2.25,68865.67622950819,3.654,111837.85819672131,5.0,165000.0,2024-04,True
KAPASITOR 35 UF 450VAC CAPASITOR BULET CONDENSATOR SPAREPARTS,5.23,191021.477124183,4.1,149749.15032679736,4.552,166258.0810457516,1.0,38000.0,2024-04,True
KAPASITOR 4 UF 450V 4UF 450 V POMPA AIR CAPASITOR,7.37,68266.3,13.72,127084.61818181818,11.18,103557.2909090909,10.0,99000.0,2024-04,True
KAPASITOR 40UF 450VAC CAPASITOR 40 UF 450 VAC BULET CONDENSATOR,4.92,196149.6551724138,4.11,163856.72413793104,4.434,176773.89655172414,15.0,570000.0,2024-04,True
KAPASITOR 5 UF 450 V KOTAK CAPACITOR PETAK POMPA AIR SAN EI,16.25,158942.41071428574,13.68,133805.05714285714,14.708,143859.9985714286,7.0,87500.0,2024-04,True
KAPASITOR 50 UF 50UF 450VAC 450 VAC CAPASITOR BULET CONDENSATOR,11.2,536097.4769230769,7.87,376704.20923076925,9.201999999999998,440461.5163076922,4.0,196000.0,2024-04,True
KAPASITOR 500UF 500 MFD UF 250V 250 VAC CAPASITOR STARTING AC MOTOR,1.64,145960.0,0.21,18690.0,0.782,69598.0,0.0,0.0,2024-04,False
KAPASITOR 6 UF 450V KOTAK KABEL CAPACITOR PETAK SAN EI POMPA AIR.,8.02,97354.9756097561,4.35,52804.756097560974,5.818,70624.84390243902,12.0,146800.0,2024-04,True
KAPASITOR 8 UF 450V KOTAK KABEL SAN EI CAPACITOR PETAK POMPA AIR,4.43,59408.905882352934,4.68,62761.552941176466,4.58,61420.49411764706,3.0,47700.0,2024-04,True
KAPASITOR POMPA AIR 10UF 450VAC CAPASITOR BULET CONDENSATOR SPAREPART,4.55,65463.61111111111,10.06,144739.32478632478,7.856000000000001,113029.03931623933,3.0,49200.0,2024-04,True
KAPASITOR POMPA AIR 12UF 450VAC CAPASITOR BULET CONDENSATOR SPAREPARTS,9.75,152431.8062827225,6.17,96461.97382198952,7.602,118849.90680628273,13.0,199700.0,2024-04,True
KAPASITOR POMPA AIR 14 UF 450VAC CAPASITOR BULET CONDENSATOR SPAREPART,9.07,151800.12698412698,10.64,178076.44444444447,10.012,167565.91746031746,3.0,53700.0,2024-04,True
KAPASITOR POMPA AIR 16UF 450VAC CAPASITOR BULET CONDENSATOR SPAREPARTS,6.47,118703.9758308157,13.67,250801.13595166162,10.79,197962.27190332324,3.0,59700.0,2024-04,True
KAPASITOR POMPA AIR 20UF 450VAC CAPASITOR BULET CONDENSATOR SPAREPARTS,13.22,315075.7086956522,16.44,391818.8086956522,15.152000000000001,361121.5686956522,14.0,341600.0,2024-04,True
KAPASITOR POMPA AIR 20UF 450VAC CAPASITOR KOTAK 20 UF 450V CONDENSATOR,2.91,69208.67796610169,1.14,27112.67796610169,1.848,43951.0779661017,3.0,71700.0,2024-04,True
KAPASITOR POMPA AIR 25UF 450VAC CAPASITOR BULET CONDENSATOR SPAREPARTS,5.7,154683.44680851063,5.98,162281.93191489362,5.868,159242.53787234044,1.0,30000.0,2024-04,True
KAPASITOR POMPA AIR 6 UF 450VAC CAPASITOR BULET CONDENSATOR SPAREPARTS,9.66,113117.80165289257,11.88,139113.8181818182,10.992,128715.41157024795,5.0,65500.0,2024-04,True
KAPASITOR POMPA AIR 8UF 450VAC CAPASITOR BULET CONDENSATOR SPAREPARTS,6.5,89281.40000000001,9.94,136531.864,8.564,117631.6784,0.0,0.0,2024-04,False
KARET SEAL ORING BLENDER BUMBU CHOPPER GELAS NATIONAL MIYAKO PAKING,5.01,17769.043795620437,8.94,31707.635036496347,7.368,26132.198540145986,6.0,23400.0,2024-04,True
KARET SEAL ORING BLENDER PHILIP 1741,2.38,9520.0,1.74,6960.0,1.996,7984.0,0.0,0.0,2024-04,False
KIPAS IMPELLER JET DAB 255 IMPELAR GADING MESIN POMPA AIR SPAREPARTS,2.79,62065.54285714286,1.35,30031.71428571429,1.9260000000000002,42845.24571428572,0.0,0.0,2024-04,False
KIPAS PENDINGIN GP 125 NATIONAL NASIONAL PANASONIC FAN POMPA AIR,2.72,13705.290322580648,1.74,8767.354838709678,2.132,10742.529032258066,1.0,5000.0,2024-04,True
KLEP TABOK KARET SEDOT PLENES POMPA AIR PLENNES PLANES OVAL PACKING,1.8,4956.18320610687,1.97,5424.267175572519,1.9020000000000001,5237.03358778626,24.0,69600.0,2024-04,True
KNOP KOMPOR GAS HITACHI TODACHI TOMBOL PUTARAN CETEKAN PEMANTIK,3.78,10306.05882352941,1.6,4362.352941176471,2.472,6739.835294117647,1.0,2900.0,2024-04,True
KNOP KOMPOR GAS RINNAI TOMBOL PUTARAN CETEKAN SWITCH PEMANTIK,3.87,11204.349397590362,3.95,11435.963855421687,3.918,11343.318072289157,7.0,20300.0,2024-04,True
"Kabel Buntung AC Power listrik Colokan Gepeng Oval SNI Serbaguna 1,2m",6.9,41256.25000000001,2.03,12137.708333333332,3.9779999999999998,23785.125,1.0,6000.0,2024-04,True
Karet seal Oring sil blender Mounting gelas Nasional Miyako Gmc sanex,19.31,69196.36128898128,19.67,70486.40220374221,19.526000000000003,69970.38583783785,45.0,166500.0,2024-04,True
LAMPU GOSOKAN BAJU SETERIKA SETRIKA INDIKATOR RESISTOR 1 PCS,15.69,12860.511235955057,20.23,16581.780898876405,18.414,15093.273033707866,8.0,6600.0,2024-04,True
"LEHER KIPAS ANGIN COSMOS DINDING WALL FAN PLAT 12"" 16""",6.65,41478.13432835821,7.23,45095.77611940299,6.998,43648.71940298508,15.0,100500.0,2024-04,True
"LEHER KIPAS ANGINCOSMOS TIANG BERDIRI STAND FAN PLAT 12"" 16"" SPAREPART",4.8,29535.0,1.3,7999.0625,2.7,16613.4375,0.0,0.0,2024-04,False
LEM KOREA HANDSOME SEBAGUNA MULTIFUNGSI EPOTEC BESI POWERGLUE ( 1pcs),18.05,46463.98181818182,17.08,43967.025454545445,17.468,44965.808,32.0,89600.0,2024-04,True
LEM PIPA ISARPLAS TUBE 45GR FOX FITING PVC,1.08,10198.636363636364,0.75,7082.386363636364,0.882,8328.886363636364,2.0,19200.0,2024-04,True
LIS KIPAS ANGIN MULTI RING GAWANG PENGIKAT KIPAS ANGIN,2.97,27676.0,2.66,24787.25925925926,2.7840000000000003,25942.755555555555,22.0,196000.0,2024-04,True
"Leher kipas angin COSMOS Dinding wall fan kipas angin COSMOS 12"" 16""",4.18,25146.938055555554,6.37,38322.008472222224,5.494,33051.98030555555,0.0,0.0,2024-04,False
"Leher kipas angin COSMOS tiang berdiri stand fan leher Cosmos 12"" 16"".",6.35,38171.61654135338,7.48,44964.36090225564,7.0280000000000005,42247.26315789474,10.0,68000.0,2024-04,True
MOUNTING PISAU BLENDER JUS PHILIP HR 2061 2115 2116 2071 MANGKOK GELAS,1.83,66795.0,0.52,18980.0,1.044,38106.0,0.0,0.0,2024-04,False
MOUNTING PISAU BLENDER NATIONAL MIYAKO LAMA MANGKOK JUS JUICE GELAS,1.49,42048.8275862069,0.99,27938.48275862069,1.19,33582.62068965517,0.0,0.0,2024-04,False
NITTO ISOLASI LISTRIK 3/4 INCH 25 METER HITAM ISOLASI KABEL.,4.64,36796.21978021978,7.75,61459.2032967033,6.505999999999999,51594.00989010989,0.0,0.0,2024-04,False
ORING KARET TUTUP IMPELLE SHIMIZU 4 BAUT PS 128 130 135 SEMI JETPAM,4.27,7546.760869565216,4.41,7794.195652173913,4.354,7695.221739130435,4.0,7200.0,2024-04,True
OTOMATIS MAGIC COM RICE COOKER KAKI PIN 3 ELEMENT THERMOSTAT MTS PER.,6.44,51997.80645161291,5.26,42470.25806451613,5.732,46281.27741935484,4.0,35600.0,2024-04,True
OTOMATIS PER MAGIC COM RICE COOKER KAKI PIN 2 ELEMEN THERMOSTAT MTS,4.15,33865.82417582418,1.15,9384.505494505494,2.35,19177.032967032967,0.0,0.0,2024-04,False
OTOMATIS PM5 PRESSURE SWITCH JETPUMP POMPA AIR SAN-EI PM 5 SEMI,3.31,187125.33333333334,0.79,44661.333333333336,1.798,101646.93333333333,0.0,0.0,2024-04,False
PINION KIPAS ANGIN MASPION / PEN STOP/ TARIKAN GEARBOX DINAMO,6.5,21617.424242424244,1.67,5554.015151515152,3.6020000000000003,11979.37878787879,2.0,7000.0,2024-04,True
PINION PANASONIC NASIONAL PEN STOP TARIKAN GEARBOX KIPAS ANGIN GEAR,36.77,131016.3383838384,78.11,278316.18686868687,61.574,219396.24747474748,22.0,88500.0,2024-04,True
PISAU BLENDER MASPION JUS + SEAL PUTIH MOUNTING SPAREPART STAINLES,1.3,17382.85714285714,0.87,11633.142857142857,1.042,13933.028571428571,0.0,0.0,2024-04,False
RADAR PELAMPUNG AIR OTOMATIS TOREN ST 70 AB ORIGINAL SHINTUNG POMPA,0.77,43021.34375,1.01,56430.59375,0.914,51066.89375,1.0,59000.0,2024-04,True
SEAL BLENDER JUS PHILIP BARU 2061 2071 2115 2116 KARET PISAU MOUNTING,2.41,9112.8125,1.12,4235.0,1.6360000000000001,6186.125000000001,0.0,0.0,2024-04,False
SEAL KARET PENGAMAN TABUNG GAS LPG ELPIJI REGULATOR SILIKON,60.98,37864.768749999996,48.49,30109.259375,53.486000000000004,33211.463125,130.0,78000.0,2024-04,True
SEAL PDL 255 PEDROLO SIL POMPA AIR MS 14 PDR KARET SPAREPARTS MACHANIC,70.51,473274.55405405414,41.57,279024.5810810811,53.146,356724.5702702703,5.0,36000.0,2024-04,True
SEAL SANYO 100 101 PH 100 SIL POMPA AIR,1.45,10292.66129032258,0.93,6601.5,1.138,8077.964516129031,0.0,0.0,2024-04,False
SEAL SHIMIZU SMZ 230 GOLSTAR GS 250 SIL POMPA AIR PS 226,12.91,101037.73684210527,3.35,26218.157894736843,7.174,56145.98947368421,6.0,47400.0,2024-04,True
SEAL SIL POMPA AIR PANASONIC NATIONAL NASIONAL GP 200 MECHANICAL,6.53,42775.08791208792,2.4,15721.31868131868,4.052,26542.826373626373,5.0,35000.0,2024-04,True
SELANG PEMBUANGAN AIR MESIN CUCI MULTI 1-2 TABUNG PANJANG SAMPAI 2M,2.23,28181.625,0.73,9225.375,1.33,16807.875,3.0,38700.0,2024-04,True
SELANG PEMBUANGAN MESIN CUCI MULTI 1.2 METER,1.18,10063.714285714286,1.18,10063.714285714286,1.18,10063.714285714286,0.0,0.0,2024-04,False
SINGER OIL MINYAK PELUMAS MESIN JAHIT RANTAI SEPEDA 80CC,8.39,61789.88235294118,8.7,64072.94117647059,8.576,63159.71764705883,15.0,115500.0,2024-04,True
SNAP RING S12 RETAINER CIRCLIP POMPA AIR EXTERNAL EKSTERNAL RETAINING,13.62,12558.441176470587,14.34,13222.323529411764,14.052,12956.770588235293,0.0,0.0,2024-04,False
SPINER KIPAS ANGIN KUNCI MUR BALING MASPION FAN DINDING PLAFON DINAMO,3.93,10826.764705882353,2.76,7603.529411764705,3.2279999999999998,8892.823529411764,0.0,0.0,2024-04,False
STIK MIXER PHILIPS GARPU STICK KOCOKAN PENGADUK ADONAN KUE SEPASANG,1.21,30846.478873239437,0.98,24983.098591549297,1.072,27328.450704225354,0.0,0.0,2024-04,False
SWITCH EXHAUST SAKLAR TARIKAN FAN DINAMO MASPION HEXOS DINDING,2.07,15409.079999999998,1.87,13920.28,1.9500000000000002,14515.800000000001,4.0,30800.0,2024-04,True
SWITCH FAN KIPAS ANGIN MASPION LURUS 4 PIN SAKLAR ON OFF TIANG BERDIRI,1.83,14026.702702702703,1.63,12493.72972972973,1.71,13106.918918918918,2.0,17400.0,2024-04,True
SYNCHRONOUS MOTOR ROTARY ROTARI SINKRONUS SWING DINAMO KIPAS ANGIN,20.09,253081.6822916667,3.3,41571.40625,10.016,126175.51666666668,10.0,127000.0,2024-04,True
Siltip sealtape isolatip Hachi sealtape isolasi keranpipa air.,5.54,15980.769230769232,9.47,27317.307692307695,7.898000000000001,22782.692307692312,3.0,8700.0,2024-04,True
Swit tembok kipas angin wall fan saklar tarikan DinamoDindingPlafon,5.26,26203.780487804877,3.54,17635.243902439026,4.228,21062.658536585364,3.0,15600.0,2024-04,True
Switch Micro 3 Pin Saklar Mikro Otomatis Rice Cooker Majic Com Jer lim,7.95,47382.0,3.4,20264.0,5.220000000000001,31111.200000000004,30.0,150000.0,2024-04,True
Switch Micro Limid Tombol Pin 3 Magicom Rice Cooker Majic Com Jer,6.13,36780.0,5.36,32160.000000000004,5.668,34008.0,2.0,12000.0,2024-04,True
"T Kuningan Tebal Tee Jet Pump 3 Way 1"" Sambungan Otomatis Pompa Air",2.04,65157.6,1.77,56533.8,1.8780000000000001,59983.32000000001,0.0,0.0,2024-04,False
TABUNG ANGIN 2 LITER TANGKI PRESSURE TANK SPART PART POMPA AIR,0.65,39377.8125,0.53,32108.0625,0.5780000000000001,35015.9625,1.0,64900.0,2024-04,True
TABUNG POMPA AIR PVC FIBER TENGKI OTOMATIS 2 LITER,1.98,54491.25,0.99,27245.625,1.3860000000000001,38143.875,10.0,275000.0,2024-04,True
TALI PEMBUANGAN AIR DRAIN REM MESIN CUCI 2 TABUNG TARIKAN,3.62,16994.254545454547,1.83,8591.018181818183,2.5460000000000003,11952.312727272729,8.0,35900.0,2024-04,True
TERMOSTAT BIMETAL PENGATUR SUHU SAKLAR OTOMATIS DISPENSER MAGIC COM,11.55,49466.66666666667,9.15,39187.87878787879,10.11,43299.393939393936,0.0,0.0,2024-04,False
TIMAH SOLDER 0.8mm 10M 60/40 TIM TINOL TENOL KAWAT KWALITAS BAGUS,2.29,39839.01829268292,1.58,27487.182926829268,1.8639999999999999,32427.917073170727,5.0,89500.0,2024-04,True
"TUSEN KLEP 1/2"" INCH TUSSEN TOSSEN PVC PLASTIK FOOT VALVE",1.55,9038.947368421053,1.57,9155.578947368422,1.562,9108.926315789473,0.0,0.0,2024-04,False
"TUSEN KLEP 3/4"" INCH TUSSEN TOSSEN PVC PLASTIK FOOT VALVE",1.92,12891.428571428572,1.31,8795.714285714286,1.554,10434.000000000002,0.0,0.0,2024-04,False
Tarikan pinion baut gearbox kipas angin cabutan Cosmos Miyako Multifan,2.82,5520.269491525423,2.9,5676.872881355932,2.868,5614.231525423728,24.0,44000.0,2024-04,True
Tarikan pinion socket gerbox cabutan kipas angin CosmosMiyakoMaspion,12.1,23622.751535836174,11.56,22568.513037542663,11.776,22990.208436860066,13.0,26000.0,2024-04,True
Tutup sendok Blender Nasional National tutup gelas juice blender NS.,1.33,10824.485777777778,0.83,6755.130222222221,1.03,8382.872444444445,0.0,0.0,2024-04,False
"WATERMUR 1/2 "" INCH POLOS WATERMOER SAMBUNGAN PIPA UNION SOCKET PVC",2.54,20320.0,2.52,20160.0,2.528,20224.0,3.0,24000.0,2024-04,True
"WATERMUR 3/4 "" INCH POLOS WATERMOER SAMBUNGAN PIPA PVC UNION SOCKET",1.18,9440.0,2.69,21520.0,2.086,16688.0,4.0,32000.0,2024-04,True
"WATERMUR 3/4""INCH DRAT LUAR WATER MUR UNION SOCKET SANYO PVC 1 × 3/4""",11.45,91600.0,10.22,81760.0,10.712,85696.0,0.0,0.0,2024-04,False
"WATERMUR1/2"" INCH DRAT LUAR WATERMOR UNION SOCKET SANYO PCV 1×1/2""",6.04,48320.0,2.62,20960.0,3.9880000000000004,31904.000000000004,0.0,0.0,2024-04,False
arang blender Philip,4.4,20097.846153846156,2.23,10185.953846153847,3.098,14150.710769230769,0.0,0.0,2024-04,False
bearing nkn 608 2RS ball laher.,1.98,11558.959811320754,6.05,35319.04386792453,4.422,25815.010245283014,4.0,23600.0,2024-04,True
bos kipasangin dinamoNational boshing fanpanasonic KDK dindingportable,14.86,44642.307719298246,5.59,16793.438771929825,9.298,27932.986350877192,20.0,64000.0,2024-04,True
carbon arang blender Philips brush karbon kaleng bulet,46.09,198533.91397849465,33.5,144302.1505376344,38.536,165994.8559139785,61.0,221500.0,2024-04,True
drat besar kopel gear gigi karet pisau blender.,4.77,13033.413461538461,14.22,38854.32692307692,10.44,28525.96153846154,2.0,7000.0,2024-04,True
gear konektor Miyako baru blender/ gigi lower mesin dinamo Blender.,28.72,92387.50168350167,26.74,86018.16835016834,27.531999999999996,88565.90168350167,21.0,65500.0,2024-04,True
"kapasitas kipas angin 1,5uf mikro 450V capasitor kotak spareparts",4.46,15099.109009009007,2.68,9073.007207207207,3.3920000000000003,11483.447927927928,10.0,32000.0,2024-04,True
"kapasitor 3 uf capasitor 3,0 mickro 450V kotak.spartparts kipas angin",8.26,48669.63636363637,4.46,26279.246753246753,5.98,35235.4025974026,3.0,18900.0,2024-04,True
"kapasitor 3,5uf mickro 450V kotak capasitor kipas angin spareparts",2.07,13515.096774193547,2.23,14559.741935483871,2.166,14141.883870967742,33.0,215400.0,2024-04,True
kapasitor 4 uf mickro capasitor kipas angin 450V kotak spareparts,4.67,41533.8125,15.32,136252.25,11.06,98364.875,1.0,9900.0,2024-04,True
kapasitor kipas angin 2 uf mickro 450V capasitor kotak spareparts,3.53,16259.587307692307,4.91,22616.02653846154,4.3580000000000005,20073.45084615385,28.0,121200.0,2024-04,True
"kapasitor kipas angin 2,5uf mickro kotak 450V capasitor spareparts",15.41,74524.98795180723,13.02,62966.60240963855,13.975999999999999,67589.95662650603,22.0,96200.0,2024-04,True
konektor blender maspion conektor kecil gigi atas mesin gear ger lower,14.08,49018.83870967742,16.11,56086.18548387097,15.297999999999998,53259.24677419354,0.0,0.0,2024-04,False
kopel Miyako baru pisau baut flange gigi blender gear upper konektor.,17.33,54920.9262672811,18.35,58153.433179723506,17.942,56860.430414746545,12.0,42000.0,2024-04,True
kopel gigi karet blender drat lobang kecil gear RRT pisau blender,3.71,10864.20895522388,4.94,14466.089552238807,4.448,13025.337313432836,0.0,0.0,2024-04,False
oring seal AS kipas angin umum.,71.0,35157.98443579766,66.01,32687.021867704283,68.006,33675.40689494163,42.0,21000.0,2024-04,True
seal 2 ply mounting bumbu blender Philip karet 2061-2071-2115-2116mill,3.1,11972.41379310345,3.4,13131.03448275862,3.2800000000000002,12667.586206896553,2.0,8000.0,2024-04,True
seal pompa air Shimizu 100- 125/sil pompa air Shimizu simitsu 125.,34.57,201306.076954023,18.39,107087.61224137932,24.862000000000002,144774.9981264368,7.0,43400.0,2024-04,True
seal pompa air Toyomoto 125 sil TM 125 marcanical seal Ty mekanik,2.85,16448.57142857143,3.01,17372.0,2.9459999999999997,17002.62857142857,20.0,110000.0,2024-04,True
seal sil pompa air Panasonic National GP125 Nasional Spareparts pompa,23.93,133550.41170731708,27.45,153195.1024390244,26.042,145337.22614634148,6.0,35400.0,2024-04,True
spiner AS kipas angin Cosmos Miyako/kunci mur baling kipas angin,8.2,25671.466666666664,7.4,23166.933333333334,7.720000000000001,24168.746666666666,22.0,70400.0,2024-04,True
AS 6mm KIPAS ANGIN KECIL 7 IN 9 IN BATANG BESI,11.51,77110.49717514124,18.66,125011.45762711864,15.8,105851.07344632769,10.0,65000.0,2024-05,True
"AS DINAMO KIPAS ANGIN MODEL COSMOS,MIYAKO,UMUM-RRT.",13.71,88677.44680851065,14.78,95598.29787234042,14.352,92829.9574468085,0.0,0.0,2024-05,False
AS EXHAUST FAN MASPION EXOS EXSOS EXAUST KIPAS ANGIN,10.57,60831.42857142857,10.13,58299.18367346939,10.306000000000001,59312.08163265307,27.0,152000.0,2024-05,True
AS EXHAUST PANASONIC NATIONAL DINAMO MASPION EXOSOS FAN KIPAS ANGIN,2.2,13350.093457943925,3.54,21481.51401869159,3.0040000000000004,18228.945794392526,2.0,12600.0,2024-05,True
AS Exhaust/Exaust/Exsos Maspion Panasonic National multi kipas angin.,4.51,26313.8,1.98,11552.400000000001,2.992,17456.960000000003,0.0,0.0,2024-05,False
AS FAN KIPAS ANGIN COSMOS MOYAKO DRAT KASAR DINAMO PLAFON DINDING PORT,18.03,114831.06666666667,16.67,106169.37777777779,17.214000000000002,109634.05333333334,0.0,0.0,2024-05,False
AS KIPAS ANGIN MIYAKO COSMOS SEKAI FAN DINAMO DRAT HALUS,24.43,155741.25,15.32,97665.0,18.964,120895.49999999999,108.0,665000.0,2024-05,True
AS KIPAS ANGIN MIYAKO COSMOS SEKAI FAN DINAMO DRAT HALUS - KASAR - as drat halus,13.8,85859.43396226416,13.65,84926.17924528303,13.71,85299.48113207548,10.0,63500.0,2024-05,True
AS KIPAS ANGIN MIYAKO COSMOS SEKAI FAN DINAMO DRAT HALUS - KASAR - as drat kasar,20.26,124599.00000000001,16.61,102151.5,18.07,111130.5,25.0,156500.0,2024-05,True
AS KIPAS ANGIN REGENCY 10 CM DIAMETER 10 MM,8.51,71189.42307692308,12.11,101304.80769230769,10.669999999999998,89258.65384615383,5.0,42500.0,2024-05,True
"AS fan kipas angin Maspion16""panjang20,5cm plafonportabledindingdinamo",22.03,142390.98540145985,19.54,126296.8613138686,20.536,132734.5109489051,15.0,97500.0,2024-05,True
"AS fan kipas angindinding portable panasonic Nasional KDK pajang20,5cm",1.11,10141.363636363636,1.57,14344.09090909091,1.3860000000000001,12663.0,0.0,0.0,2024-05,False
"AS kipas angin model Maspion 18,5 cm.AS Maspion 12""/inci",25.29,161265.27089552238,14.81,94438.06492537314,19.002,121168.94731343283,4.0,26000.0,2024-05,True
"AS kipas angin model Maspion 20,5 cm.AS Maspion 16""/inci",33.6,217406.12636579573,19.93,128955.47912114013,25.398000000000003,164335.7380190024,15.0,97500.0,2024-05,True
Arang Mixer karbon carbon brush mixer blender umum,19.69,86157.05405405407,4.23,18509.10810810811,10.414000000000001,45568.2864864865,1.0,4500.0,2024-05,True
Arang blender carbon brush bostel arang sepul blender plat kotak.,14.77,66083.30337078651,5.38,24070.96629213483,9.136,40875.901123595504,0.0,0.0,2024-05,False
BEARING 629 NKN 2 RS BERING BUSHING BALL LAHER BANTALAN,1.89,12981.9375,3.87,26582.0625,3.0780000000000003,21142.0125,0.0,0.0,2024-05,False
"BOS KIPAS ANGIN BOSHING BOSSING BOSING BREKET KUPING 7 "" 9 "" IN AS 6MM",3.54,21960.756756756757,2.29,14206.252252252254,2.79,17308.054054054057,5.0,32500.0,2024-05,True
BOSHING BOSSING BOSING KIPAS ANGIN REGENCY 10MM BULET BOS MESIN CUCI,24.49,85000.70833333333,9.94,34500.083333333336,15.759999999999998,54700.33333333333,22.0,77000.0,2024-05,True
BOSHING BOSSING BOSING KIPAS ANGIN REGENCY 10MM GUCI BOS MESIN CUCI,10.77,37353.95,2.66,9225.766666666668,5.904,20477.04,6.0,21000.0,2024-05,True
"BOSHING BOSSING BOSING KIPAS ANGIN REGENCY BOS MESIN CUCI 12 "" GUCI",3.77,17692.07142857143,3.01,14125.5,3.314,15552.128571428573,0.0,0.0,2024-05,False
Bos kipas angin boshing Maspion Gentong guci Dinamofandindingportable,6.86,15604.213333333333,14.45,32868.93333333333,11.414,25963.04533333333,0.0,0.0,2024-05,False
Bos mesin cuci bulet 10mm boshing fan kipasangin dinamo regenci umum,5.57,17655.434210526317,6.82,21617.605263157897,6.32,20032.736842105267,0.0,0.0,2024-05,False
CASING COVER TUTUP IMPELLER CAP SHIMIZU GOLDSTAR 130 PS 128 130 135,2.09,48317.5,1.36,31441.05263157895,1.6520000000000001,38191.631578947374,0.0,0.0,2024-05,False
ELEMEN BODY SAMPING MAGIC COM PEMANAS RICE COOKER KABEL SABUK HEATER,24.2,275955.625,14.58,166257.5625,18.427999999999997,210136.78749999998,0.0,0.0,2024-05,False
ELEMEN TUTUP ATAS MAGIC COM JAR PEMANAS TOP HEATER RICE COOKER KOTAK,34.37,313633.55240793194,15.28,139433.2464589235,22.915999999999997,209113.36883852686,0.0,0.0,2024-05,False
FUSE KIPAS ANGIN SEIRING THERMAL 2A THERMOFUSE KOTAK 250V,21.57,24370.315789473687,23.98,27093.19298245614,23.016,26004.042105263157,50.0,65000.0,2024-05,True
GEAR GIGI MIXER MASPION BARU MT 1150 ADONAN MESIN (SEPASANG),2.37,18565.0,2.52,19740.0,2.46,19270.0,0.0,0.0,2024-05,False
GEAR GIGI MIXER MASPION SEPASANG,2.6,20464.166666666668,3.14,24714.416666666668,2.924,23014.316666666666,0.0,0.0,2024-05,False
GEAR GIGI MIXER MIYAKO HM 620 625 650 GRIGI SESET SEPASANG,16.31,123500.98216560508,17.57,133041.83057324842,17.066,129225.49121019107,6.0,48900.0,2024-05,True
GEAR GIGI MIXER MIYAKO HM 625 HM 620 628 650 GRIGI,14.2,55161.53846153846,8.4,32630.769230769234,10.719999999999999,41643.07692307692,0.0,0.0,2024-05,False
GEAR GIGI MIXER PHILIP SESET SEPASANG.,4.43,34111.0,7.32,56364.0,6.164000000000001,47462.8,0.0,0.0,2024-05,False
GEAR KOPEL BLENDER PHILIP BARU 2061 2071 2115 2116 PLASTIK GIGI BAGUS,11.14,35143.547169811325,2.16,6814.188679245283,5.752000000000001,18145.9320754717,0.0,0.0,2024-05,False
GEAR KOPEL BLENDER PHILIP BARU 2061 2071 2115 2116 PLASTIK GIGI PISAU,5.71,16115.98275862069,2.32,6548.0,3.676,10375.193103448277,1.0,3500.0,2024-05,True
GEAR KOPEL BLENDER PHILIP LAMA 2815 COPEL BAUT UPPER MOUNTING PISAU,3.74,10276.36923076923,2.74,7528.676923076923,3.1400000000000006,8627.753846153848,2.0,7000.0,2024-05,True
GEARBOX KIPAS ANGIN COSMOS / SEKAI / MIYAKO / RRT KOTAK GEARBOK GIRBOK,4.2,34868.92156862745,18.16,150766.5751633987,12.575999999999999,104407.51372549018,11.0,78900.0,2024-05,True
GEARBOX WALLFAN MIYAKO TARIK WALL FAN GEAR BOX KIPAS ANGIN DINDING,3.2,47493.052631578954,2.6,38588.1052631579,2.8400000000000003,42150.08421052632,0.0,0.0,2024-05,False
Gear Kopel Maspion Upper Blender Mounting Baut Pisau Flange gigi Spare,8.29,24147.45503448276,11.36,33089.87806896552,10.132,29512.908855172416,0.0,0.0,2024-05,False
Gear Kopel Maspion Upper Blender Mounting Baut Pisau Flange gigi putih,4.06,12728.85185185185,4.08,12791.555555555557,4.072,12766.474074074074,0.0,0.0,2024-05,False
Gear box kipas angin Maspion bintang girbok/gear bok kipas angin12 16,1.11,13943.521885714288,2.69,33791.05754285715,2.058,25852.043279999998,0.0,0.0,2024-05,False
"Gear box/girbox/gearbox/gear bok kipas angin Cosmos Miyako,umum.rrt",8.57,56803.93638170974,14.57,96573.32007952286,12.17,80665.56660039761,4.0,27600.0,2024-05,True
"Gigi konektor Miyako lama gear lower panasonic,nasional drat besar POM",24.23,83239.1156462585,14.85,51015.30612244898,18.602,63904.829931972796,9.0,32400.0,2024-05,True
Gigi konektor blender Miyako drat lubang kecil gear lower National,4.86,17204.4,3.83,13558.2,4.242,15016.68,0.0,0.0,2024-05,False
Gigi konektor blender Miyako drat lubang kecil gear lower National RRT,17.94,61439.39542268042,37.55,128598.0656701031,29.706,101734.59757113403,9.0,31200.0,2024-05,True
IMPELLER JET DAB 370 KIPAS IMPELAR GADING MESIN POMPA AIR SPAREPARTS,2.86,67341.08333333333,1.51,35554.20833333333,2.05,48268.95833333333,0.0,0.0,2024-05,False
IMPELLER KUNINGAN NATIONAL PANASONIC GP 125 129 POMPA AIR KIPAS SANEI,2.83,75611.47133757961,2.46,65725.87261146496,2.608,69680.11210191083,0.0,0.0,2024-05,False
IMPELLER KUNINGAN POMPA AIR SHIMIZU PS 105 130 135 KIPAS GOLSTAR SANEI,5.83,161259.58015267176,1.72,47575.725190839694,3.3640000000000003,93049.26717557252,0.0,0.0,2024-05,False
IMPELLER KUNINGAN PS 226 230 SHIMIZU POMPA AIR KIPAS BIT SPAREPARTS.,1.14,55312.799999999996,0.36,17467.2,0.6719999999999999,32605.439999999995,0.0,0.0,2024-05,False
IMPELLER KUNINGAN SANYO SY 136 PWH IMPELER KIPAS POMPA AIR,1.03,27704.057142857146,0.83,22324.628571428573,0.9099999999999999,24476.399999999998,0.0,0.0,2024-05,False
KABEL TIES 10CM CABLE TIES KABEL TIS CABLE TIE 2.5 × 100MM ISI 100PCS,2.29,11096.260162601628,1.36,6589.918699186993,1.7320000000000002,8392.455284552847,3.0,16500.0,2024-05,True
"KAPASITOR 1,5UF, 2UF, 2,5UF, 3UF, 3,5UF MIKRO CAPASITOR KIPAS ANGIN - 1,5UF",72.51,258669.0475030451,29.13,103917.1059683313,46.482,165817.88258221681,5.0,18000.0,2024-05,True
"KAPASITOR 1,5UF, 2UF, 2,5UF, 3UF, 3,5UF MIKRO CAPASITOR KIPAS ANGIN - 2,5UF",51.06,252772.23558484353,22.75,112623.74382207579,34.074000000000005,168683.1405271829,2.0,10400.0,2024-05,True
"KAPASITOR 1,5UF, 2UF, 2,5UF, 3UF, 3,5UF MIKRO CAPASITOR KIPAS ANGIN - 2UF",86.8,415997.5657894737,36.97,177182.37335526317,56.902,272708.4503289474,52.0,254800.0,2024-05,True
"KAPASITOR 1,5UF, 2UF, 2,5UF, 3UF, 3,5UF MIKRO CAPASITOR KIPAS ANGIN - 3,5UF",12.74,84441.61403508772,7.8,51698.94736842105,9.776,64796.01403508772,0.0,0.0,2024-05,False
"KAPASITOR 1,5UF, 2UF, 2,5UF, 3UF, 3,5UF MIKRO CAPASITOR KIPAS ANGIN - 3UF",22.11,126470.41483516483,13.21,75561.92582417584,16.77,95925.32142857143,1.0,5800.0,2024-05,True
"KAPASITOR 1.5UF 1,5UF 1.5 UF 1,5 UF 450V MIKRO CAPASITOR KIPAS ANGIN",95.4,335362.3357664234,39.36,138363.32846715327,61.776,217162.93138686134,62.0,209400.0,2024-05,True
KAPASITOR 10 UF 450V KOTAK KABEL SAN EI CAPACITOR PETAK POMPA AIR,3.8,53542.0,2.37,33393.3,2.942,41452.78,0.0,0.0,2024-05,False
KAPASITOR 100UF 100 MFD UF 250V 250 VAC CAPASITOR STARTING AC MOTOR,1.86,55656.92307692308,1.24,37104.61538461538,1.488,44525.53846153846,31.0,961000.0,2024-05,True
KAPASITOR 12 UF 450V KOTAK KABEL SAN EI CAPACITOR PETAK POMPA AIR,1.83,28572.72972972973,1.07,16706.45945945946,1.374,21452.967567567568,0.0,0.0,2024-05,False
KAPASITOR 150UF 150 MFD UF 250V 250 VAC CAPASITOR STARTING AC MOTOR,3.49,125640.00000000001,0.69,24839.999999999996,1.81,65160.0,30.0,1080000.0,2024-05,True
KAPASITOR 200UF 200 MFD UF 250V 250 VAC CAPASITOR STARTING AC MOTOR,2.03,88978.10526315788,1.36,59610.94736842105,1.6280000000000001,71357.81052631579,1.0,44000.0,2024-05,True
KAPASITOR 250UF 250 MFD UF 250V 250 VAC CAPASITOR STARTING AC MOTOR,1.6,88000.0,0.58,31899.999999999996,0.9880000000000001,54340.00000000001,0.0,0.0,2024-05,False
KAPASITOR 2UF 2 UF 400V 400 V 450V 450 V VOLT CAPASITOR KIPAS ANGIN,9.49,44185.44,15.47,72028.32,13.078,60891.168,2.0,9800.0,2024-05,True
KAPASITOR 3 UF 450V 3UF 450 V 400 VOLT CAPASITOR 3 MICKO KIPAS ANGIN,4.86,28714.023529411767,1.78,10516.658823529411,3.0120000000000005,17795.604705882353,6.0,37800.0,2024-05,True
KAPASITOR 300UF 300 MFD UF 250V 250 VAC CAPASITOR STARTING AC MOTOR,1.94,120280.0,0.46,28520.0,1.052,65224.0,4.0,248000.0,2024-05,True
KAPASITOR 30UF 450 VAC CAPASITOR BULET CONDENSATOR SPAREPARTS DINAMO,4.86,148749.86065573772,3.49,106818.3155737705,4.038,123590.93360655737,0.0,0.0,2024-05,False
KAPASITOR 35 UF 450VAC CAPASITOR BULET CONDENSATOR SPAREPARTS,3.46,126373.67320261437,5.03,183716.64052287582,4.402,160779.45359477124,0.0,0.0,2024-05,False
KAPASITOR 4 UF 450V 4UF 450 V POMPA AIR CAPASITOR,6.46,59837.21818181818,11.22,103927.8,9.316,86291.56727272728,0.0,0.0,2024-05,False
KAPASITOR 40UF 450VAC CAPASITOR 40 UF 450 VAC BULET CONDENSATOR,5.86,233625.4022988506,2.82,112427.24137931035,4.0360000000000005,160906.50574712647,0.0,0.0,2024-05,False
KAPASITOR 5 UF 450 V KOTAK CAPACITOR PETAK POMPA AIR SAN EI,11.86,116003.50714285715,11.12,108765.5142857143,11.416,111660.71142857143,2.0,25000.0,2024-05,True
KAPASITOR 50 UF 50UF 450VAC 450 VAC CAPASITOR BULET CONDENSATOR,8.37,400637.1323076923,3.64,174231.68000000002,5.532,264793.8609230769,1.0,49000.0,2024-05,True
KAPASITOR 500UF 500 MFD UF 250V 250 VAC CAPASITOR STARTING AC MOTOR,1.51,134390.0,0.19,16910.0,0.7180000000000001,63902.00000000001,0.0,0.0,2024-05,False
KAPASITOR 6 UF 450V KOTAK KABEL CAPACITOR PETAK SAN EI POMPA AIR.,7.43,90192.9512195122,3.41,41394.07317073171,5.018,60913.6243902439,0.0,0.0,2024-05,False
KAPASITOR 8 UF 450V KOTAK KABEL SAN EI CAPACITOR PETAK POMPA AIR,3.54,47473.48235294117,4.77,63968.50588235293,4.278,57370.49647058823,0.0,0.0,2024-05,False
KAPASITOR POMPA AIR 10UF 450VAC CAPASITOR BULET CONDENSATOR SPAREPART,3.49,50212.74786324787,7.61,109489.68803418805,5.962,85778.91196581196,0.0,0.0,2024-05,False
KAPASITOR POMPA AIR 12UF 450VAC CAPASITOR BULET CONDENSATOR SPAREPARTS,9.23,144302.10994764397,2.98,46589.41361256545,5.48,85674.49214659687,4.0,63600.0,2024-05,True
KAPASITOR POMPA AIR 14 UF 450VAC CAPASITOR BULET CONDENSATOR SPAREPART,6.54,109456.76190476191,5.55,92887.61904761904,5.946,99515.27619047619,0.0,0.0,2024-05,False
KAPASITOR POMPA AIR 16UF 450VAC CAPASITOR BULET CONDENSATOR SPAREPARTS,4.57,83845.00302114805,7.74,142004.4471299094,6.472,118740.66948640485,0.0,0.0,2024-05,False
KAPASITOR POMPA AIR 20UF 450VAC CAPASITOR BULET CONDENSATOR SPAREPARTS,11.17,266217.52391304343,8.66,206396.03913043477,9.664,230324.63304347824,3.0,74700.0,2024-05,True
KAPASITOR POMPA AIR 20UF 450VAC CAPASITOR KOTAK 20 UF 450V CONDENSATOR,2.51,59695.45762711864,0.67,15934.644067796611,1.4060000000000001,33438.96949152543,0.0,0.0,2024-05,False
KAPASITOR POMPA AIR 25UF 450VAC CAPASITOR BULET CONDENSATOR SPAREPARTS,3.74,101494.05106382979,4.57,124018.13191489363,4.238,115008.4995744681,1.0,30000.0,2024-05,True
KAPASITOR POMPA AIR 6 UF 450VAC CAPASITOR BULET CONDENSATOR SPAREPARTS,7.43,87004.68595041322,6.32,74006.67768595042,6.763999999999999,79205.88099173552,0.0,0.0,2024-05,False
KAPASITOR POMPA AIR 8UF 450VAC CAPASITOR BULET CONDENSATOR SPAREPARTS,6.0,82413.6,9.18,126092.808,7.908,108621.1248,1.0,15900.0,2024-05,True
KARET SEAL ORING BLENDER BUMBU CHOPPER GELAS NATIONAL MIYAKO PAKING,4.49,15924.751824817518,4.99,17698.109489051094,4.790000000000001,16988.766423357665,0.0,0.0,2024-05,False
KARET SEAL ORING BLENDER PHILIP 1741,2.2,8800.0,1.6,6400.0,1.84,7360.0,0.0,0.0,2024-05,False
KIPAS IMPELLER JET DAB 255 IMPELAR GADING MESIN POMPA AIR SPAREPARTS,2.57,57171.485714285714,1.25,27807.14285714286,1.778,39552.880000000005,0.0,0.0,2024-05,False
KIPAS PENDINGIN GP 125 NATIONAL NASIONAL PANASONIC FAN POMPA AIR,1.94,9775.09677419355,1.91,9623.935483870968,1.922,9684.4,0.0,0.0,2024-05,False
KLEP TABOK KARET SEDOT PLENES POMPA AIR PLENNES PLANES OVAL PACKING,5.14,14152.656488549617,2.4,6608.24427480916,3.496,9626.009160305342,0.0,0.0,2024-05,False
KNOP KOMPOR GAS HITACHI TODACHI TOMBOL PUTARAN CETEKAN PEMANTIK,2.6,7088.823529411765,1.13,3080.911764705882,1.718,4684.076470588236,0.0,0.0,2024-05,False
KNOP KOMPOR GAS RINNAI TOMBOL PUTARAN CETEKAN SWITCH PEMANTIK,3.51,10162.084337349397,2.8,8106.506024096385,3.0839999999999996,8928.73734939759,72.0,184800.0,2024-05,True
"Kabel Buntung AC Power listrik Colokan Gepeng Oval SNI Serbaguna 1,2m",5.11,30553.54166666667,1.62,9686.250000000002,3.016,18033.166666666668,0.0,0.0,2024-05,False
Karet seal Oring sil blender Mounting gelas Nasional Miyako Gmc sanex,20.4,73102.3185031185,15.27,54719.23546777546,17.322,62072.46868191268,11.0,42900.0,2024-05,True
LAMPU GOSOKAN BAJU SETERIKA SETRIKA INDIKATOR RESISTOR 1 PCS,11.17,9155.634831460675,16.78,13753.94382022472,14.536,11914.620224719101,0.0,0.0,2024-05,False
"LEHER KIPAS ANGIN COSMOS DINDING WALL FAN PLAT 12"" 16""",6.86,42787.970149253735,4.75,29627.238805970148,5.594,34891.53134328358,0.0,0.0,2024-05,False
"LEHER KIPAS ANGINCOSMOS TIANG BERDIRI STAND FAN PLAT 12"" 16"" SPAREPART",4.43,27258.34375,1.2,7383.75,2.492,15333.5875,5.0,34000.0,2024-05,True
LEM KOREA HANDSOME SEBAGUNA MULTIFUNGSI EPOTEC BESI POWERGLUE ( 1pcs),17.77,45743.21090909091,13.11,33747.523636363636,14.974,38545.79854545454,12.0,33600.0,2024-05,True
LEM PIPA ISARPLAS TUBE 45GR FOX FITING PVC,1.0,9443.181818181818,0.52,4910.454545454546,0.712,6723.545454545454,1.0,9600.0,2024-05,True
LIS KIPAS ANGIN MULTI RING GAWANG PENGIKAT KIPAS ANGIN,5.43,50599.555555555555,2.08,19382.51851851852,3.42,31869.333333333332,2.0,18800.0,2024-05,True
"Leher kipas angin COSMOS Dinding wall fan kipas angin COSMOS 12"" 16""",3.86,23221.81361111111,5.88,35374.16166666667,5.072,30513.222444444444,5.0,33500.0,2024-05,True
"Leher kipas angin COSMOS tiang berdiri stand fan leher Cosmos 12"" 16"".",6.14,36909.24812030075,7.78,46767.74436090225,7.1240000000000006,42824.34586466166,0.0,0.0,2024-05,False
MOUNTING PISAU BLENDER JUS PHILIP HR 2061 2115 2116 2071 MANGKOK GELAS,1.69,61685.0,0.48,17520.0,0.964,35186.0,0.0,0.0,2024-05,False
MOUNTING PISAU BLENDER NATIONAL MIYAKO LAMA MANGKOK JUS JUICE GELAS,1.37,38662.34482758621,0.91,25680.8275862069,1.094,30873.43448275862,0.0,0.0,2024-05,False
NITTO ISOLASI LISTRIK 3/4 INCH 25 METER HITAM ISOLASI KABEL.,4.29,34020.64285714286,7.16,56780.37362637363,6.0120000000000005,47676.481318681326,0.0,0.0,2024-05,False
ORING KARET TUTUP IMPELLE SHIMIZU 4 BAUT PS 128 130 135 SEMI JETPAM,2.89,5107.760869565217,5.19,9172.760869565218,4.2700000000000005,7546.760869565218,0.0,0.0,2024-05,False
OTOMATIS MAGIC COM RICE COOKER KAKI PIN 3 ELEMENT THERMOSTAT MTS PER.,5.09,41097.64516129032,2.83,22849.967741935485,3.734,30149.038709677418,2.0,17800.0,2024-05,True
OTOMATIS PER MAGIC COM RICE COOKER KAKI PIN 2 ELEMEN THERMOSTAT MTS,3.83,31254.483516483517,1.06,8650.065934065935,2.168,17691.83296703297,0.0,0.0,2024-05,False
OTOMATIS PM5 PRESSURE SWITCH JETPUMP POMPA AIR SAN-EI PM 5 SEMI,3.06,172992.0,0.73,41269.333333333336,1.6620000000000001,93958.40000000001,0.0,0.0,2024-05,False
PINION KIPAS ANGIN MASPION / PEN STOP/ TARIKAN GEARBOX DINAMO,4.31,14334.015151515152,1.98,6585.0,2.912,9684.606060606062,0.0,0.0,2024-05,False
PINION PANASONIC NASIONAL PEN STOP TARIKAN GEARBOX KIPAS ANGIN GEAR,23.57,83983.00505050505,59.56,212220.10101010103,45.164,160925.26262626264,56.0,172800.0,2024-05,True
PISAU BLENDER MASPION JUS + SEAL PUTIH MOUNTING SPAREPART STAINLES,1.2,16045.714285714284,0.81,10830.857142857143,0.966,12916.8,0.0,0.0,2024-05,False
RADAR PELAMPUNG AIR OTOMATIS TOREN ST 70 AB ORIGINAL SHINTUNG POMPA,0.63,35199.28125,0.76,42462.625,0.708,39557.2875,0.0,0.0,2024-05,False
SEAL BLENDER JUS PHILIP BARU 2061 2071 2115 2116 KARET PISAU MOUNTING,2.23,8432.1875,1.03,3894.6875,1.51,5709.6875,0.0,0.0,2024-05,False
SEAL KARET PENGAMAN TABUNG GAS LPG ELPIJI REGULATOR SILIKON,61.14,37964.11875,38.38,23831.581250000003,47.48400000000001,29484.596250000006,110.0,66000.0,2024-05,True
SEAL PDL 255 PEDROLO SIL POMPA AIR MS 14 PDR KARET SPAREPARTS MACHANIC,48.29,324130.3108108108,33.19,222776.66216216216,39.230000000000004,263318.12162162166,20.0,130000.0,2024-05,True
SEAL SANYO 100 101 PH 100 SIL POMPA AIR,1.34,9511.838709677419,0.86,6104.612903225806,1.052,7467.503225806451,0.0,0.0,2024-05,False
SEAL SHIMIZU SMZ 230 GOLSTAR GS 250 SIL POMPA AIR PS 226,8.34,65271.47368421053,4.52,35374.947368421046,6.048,47333.55789473684,0.0,0.0,2024-05,False
SEAL SIL POMPA AIR PANASONIC NATIONAL NASIONAL GP 200 MECHANICAL,5.34,34979.93406593407,1.55,10153.351648351649,3.066,20083.984615384616,1.0,7500.0,2024-05,True
SELANG PEMBUANGAN AIR MESIN CUCI MULTI 1-2 TABUNG PANJANG SAMPAI 2M,1.94,24516.75,0.93,11752.875,1.334,16858.425,1.0,12900.0,2024-05,True
SELANG PEMBUANGAN MESIN CUCI MULTI 1.2 METER,1.09,9296.142857142859,1.09,9296.142857142859,1.09,9296.142857142859,1.0,8900.0,2024-05,True
SINGER OIL MINYAK PELUMAS MESIN JAHIT RANTAI SEPEDA 80CC,8.14,59948.705882352944,8.69,63999.294117647056,8.469999999999999,62379.058823529405,5.0,38500.0,2024-05,True
SNAP RING S12 RETAINER CIRCLIP POMPA AIR EXTERNAL EKSTERNAL RETAINING,12.57,11590.279411764706,13.24,12208.05882352941,12.972000000000001,11960.94705882353,0.0,0.0,2024-05,False
SPINER KIPAS ANGIN KUNCI MUR BALING MASPION FAN DINDING PLAFON DINAMO,3.63,10000.29411764706,2.54,6997.450980392157,2.976,8198.588235294117,0.0,0.0,2024-05,False
STIK MIXER PHILIPS GARPU STICK KOCOKAN PENGADUK ADONAN KUE SEPASANG,1.11,28297.183098591555,0.91,23198.591549295776,0.9900000000000001,25238.028169014087,0.0,0.0,2024-05,False
SWITCH EXHAUST SAKLAR TARIKAN FAN DINAMO MASPION HEXOS DINDING,2.03,15111.319999999998,1.78,13250.32,1.88,13994.72,1.0,7700.0,2024-05,True
SWITCH FAN KIPAS ANGIN MASPION LURUS 4 PIN SAKLAR ON OFF TIANG BERDIRI,1.54,11803.891891891892,1.46,11190.702702702703,1.492,11435.978378378379,0.0,0.0,2024-05,False
SYNCHRONOUS MOTOR ROTARY ROTARI SINKRONUS SWING DINAMO KIPAS ANGIN,16.06,202314.1770833333,4.42,55680.489583333336,9.075999999999999,114333.96458333332,8.0,101600.0,2024-05,True
Siltip sealtape isolatip Hachi sealtape isolasi keranpipa air.,4.06,11711.538461538461,7.95,22932.69230769231,6.393999999999999,18444.23076923077,0.0,0.0,2024-05,False
Swit tembok kipas angin wall fan saklar tarikan DinamoDindingPlafon,3.29,16389.817073170732,3.7,18432.317073170732,3.5360000000000005,17615.317073170736,0.0,0.0,2024-05,False
Switch Micro 3 Pin Saklar Mikro Otomatis Rice Cooker Majic Com Jer lim,10.63,63354.8,2.93,17462.8,6.010000000000001,35819.600000000006,0.0,0.0,2024-05,False
Switch Micro Limid Tombol Pin 3 Magicom Rice Cooker Majic Com Jer,4.6,27599.999999999996,5.02,30119.999999999996,4.851999999999999,29111.999999999996,1.0,6000.0,2024-05,True
"T Kuningan Tebal Tee Jet Pump 3 Way 1"" Sambungan Otomatis Pompa Air",1.89,60366.6,1.64,52381.6,1.7399999999999998,55575.59999999999,0.0,0.0,2024-05,False
TABUNG ANGIN 2 LITER TANGKI PRESSURE TANK SPART PART POMPA AIR,0.6,36348.75,0.42,25444.125,0.492,29805.975,0.0,0.0,2024-05,False
TABUNG POMPA AIR PVC FIBER TENGKI OTOMATIS 2 LITER,2.94,80911.25,0.74,20365.416666666664,1.6199999999999999,44583.74999999999,0.0,0.0,2024-05,False
TALI PEMBUANGAN AIR DRAIN REM MESIN CUCI 2 TABUNG TARIKAN,3.6,16900.36363636364,1.66,7792.945454545455,2.436,11435.912727272727,0.0,0.0,2024-05,False
TERMOSTAT BIMETAL PENGATUR SUHU SAKLAR OTOMATIS DISPENSER MAGIC COM,10.66,45654.94949494949,8.45,36189.89898989898,9.334,39975.91919191919,0.0,0.0,2024-05,False
TIMAH SOLDER 0.8mm 10M 60/40 TIM TINOL TENOL KAWAT KWALITAS BAGUS,2.49,43318.40853658537,1.0,17396.951219512193,1.596,27765.534146341462,1.0,17900.0,2024-05,True
"TUSEN KLEP 1/2"" INCH TUSSEN TOSSEN PVC PLASTIK FOOT VALVE",1.43,8339.157894736842,1.45,8455.78947368421,1.442,8409.136842105263,0.0,0.0,2024-05,False
"TUSEN KLEP 3/4"" INCH TUSSEN TOSSEN PVC PLASTIK FOOT VALVE",1.77,11884.285714285716,1.21,8124.285714285715,1.4340000000000002,9628.285714285716,0.0,0.0,2024-05,False
Tarikan pinion baut gearbox kipas angin cabutan Cosmos Miyako Multifan,5.71,11177.566949152542,2.32,4541.498305084746,3.676,7195.925762711865,0.0,0.0,2024-05,False
Tarikan pinion socket gerbox cabutan kipas angin CosmosMiyakoMaspion,10.26,20030.53146757679,13.12,25614.090921501705,11.975999999999999,23380.66713993174,4.0,8000.0,2024-05,True
Tutup sendok Blender Nasional National tutup gelas juice blender NS.,1.23,10010.614666666666,0.77,6266.807555555555,0.954,7764.330399999999,0.0,0.0,2024-05,False
"WATERMUR 1/2 "" INCH POLOS WATERMOER SAMBUNGAN PIPA UNION SOCKET PVC",2.09,16720.0,1.79,14320.0,1.9100000000000001,15280.000000000002,0.0,0.0,2024-05,False
"WATERMUR 3/4 "" INCH POLOS WATERMOER SAMBUNGAN PIPA PVC UNION SOCKET",1.34,10720.0,1.75,14000.0,1.586,12688.0,0.0,0.0,2024-05,False
"WATERMUR 3/4""INCH DRAT LUAR WATER MUR UNION SOCKET SANYO PVC 1 × 3/4""",10.57,84560.0,9.43,75440.0,9.886,79088.0,0.0,0.0,2024-05,False
"WATERMUR1/2"" INCH DRAT LUAR WATERMOR UNION SOCKET SANYO PCV 1×1/2""",5.57,44560.0,2.42,19360.0,3.68,29440.0,0.0,0.0,2024-05,False
arang blender Philip,4.06,18544.830769230768,2.06,9409.446153846155,2.86,13063.599999999999,0.0,0.0,2024-05,False
bearing nkn 608 2RS ball laher.,1.89,11033.55254716981,3.82,22300.61943396226,3.048,17793.79267924528,4.0,23600.0,2024-05,True
bos kipasangin dinamoNational boshing fanpanasonic KDK dindingportable,13.43,40346.31175438596,3.74,11235.681754385965,7.616,22879.933754385962,0.0,0.0,2024-05,False
carbon arang blender Philips brush karbon kaleng bulet,41.29,177857.78494623658,31.07,133834.86021505378,35.158,151444.0301075269,1.0,4500.0,2024-05,True
drat besar kopel gear gigi karet pisau blender.,3.23,8825.560897435898,12.95,35384.21474358974,9.062,24760.753205128203,10.0,33000.0,2024-05,True
gear konektor Miyako baru blender/ gigi lower mesin dinamo Blender.,23.06,74180.21548821549,24.73,79552.32996632997,24.061999999999998,77403.48417508416,0.0,0.0,2024-05,False
"kapasitas kipas angin 1,5uf mikro 450V capasitor kotak spareparts",4.77,16148.598648648647,2.05,6940.173423423423,3.138,10623.543513513512,5.0,18500.0,2024-05,True
"kapasitor 3 uf capasitor 3,0 mickro 450V kotak.spartparts kipas angin",6.34,37356.59740259741,3.82,22508.233766233767,4.827999999999999,28447.57922077922,0.0,0.0,2024-05,False
"kapasitor 3,5uf mickro 450V kotak capasitor kipas angin spareparts",7.06,46094.96774193548,1.55,10120.0,3.7539999999999996,24509.98709677419,1.0,6800.0,2024-05,True
kapasitor 4 uf mickro capasitor kipas angin 450V kotak spareparts,2.71,24102.0625,6.71,59677.0625,5.109999999999999,45447.06249999999,0.0,0.0,2024-05,False
kapasitor kipas angin 2 uf mickro 450V capasitor kotak spareparts,6.63,30538.545000000002,3.4,15660.792307692307,4.692,21611.893384615385,0.0,0.0,2024-05,False
"kapasitor kipas angin 2,5uf mickro kotak 450V capasitor spareparts",12.89,62337.903614457835,8.66,41881.01204819277,10.352,50063.7686746988,4.0,20400.0,2024-05,True
konektor blender maspion conektor kecil gigi atas mesin gear ger lower,13.0,45258.87096774194,14.87,51769.18548387096,14.122,49165.059677419355,0.0,0.0,2024-05,False
kopel Miyako baru pisau baut flange gigi blender gear upper konektor.,12.54,39740.820276497696,16.67,52829.304147465446,15.018,47593.91059907834,1.0,3500.0,2024-05,True
kopel gigi karet blender drat lobang kecil gear RRT pisau blender,3.43,10044.268656716418,4.56,13353.31343283582,4.108,12029.695522388058,2.0,7000.0,2024-05,True
oring seal AS kipas angin umum.,55.17,27319.23945525292,61.1,30255.67392996109,58.727999999999994,29081.10014007782,80.0,40000.0,2024-05,True
seal 2 ply mounting bumbu blender Philip karet 2061-2071-2115-2116mill,2.23,8612.413793103447,2.55,9848.275862068966,2.4219999999999997,9353.931034482757,0.0,0.0,2024-05,False
seal pompa air Shimizu 100- 125/sil pompa air Shimizu simitsu 125.,23.43,136436.25637931036,17.74,103302.56885057471,20.016,116556.04386206897,0.0,0.0,2024-05,False
seal pompa air Toyomoto 125 sil TM 125 marcanical seal Ty mekanik,5.26,30357.714285714286,2.3,13274.285714285714,3.484,20107.657142857144,0.0,0.0,2024-05,False
seal sil pompa air Panasonic National GP125 Nasional Spareparts pompa,15.6,87061.6975609756,25.23,140805.5531707317,21.378,119308.01092682927,4.0,23600.0,2024-05,True
spiner AS kipas angin Cosmos Miyako/kunci mur baling kipas angin,8.74,27362.026666666665,5.88,18408.32,7.024000000000001,21989.80266666667,6.0,19200.0,2024-05,True
AS 6mm KIPAS ANGIN KECIL 7 IN 9 IN BATANG BESI,1.73,11590.022598870057,3.87,25926.813559322036,3.0140000000000002,20192.097175141243,2.0,13800.0,2024-06,True
"AS DINAMO KIPAS ANGIN MODEL COSMOS,MIYAKO,UMUM-RRT.",2.74,17722.55319148936,2.96,19145.531914893618,2.872,18576.340425531915,20.0,120000.0,2024-06,True
AS EXHAUST FAN MASPION EXOS EXSOS EXAUST KIPAS ANGIN,2.46,14157.551020408164,2.16,12431.020408163267,2.2800000000000002,13121.632653061226,0.0,0.0,2024-06,False
AS EXHAUST PANASONIC NATIONAL DINAMO MASPION EXOSOS FAN KIPAS ANGIN,0.39,2366.607476635514,0.88,5340.03738317757,0.684,4150.665420560747,0.0,0.0,2024-06,False
AS Exhaust/Exaust/Exsos Maspion Panasonic National multi kipas angin.,0.9,5251.09090909091,0.4,2333.818181818182,0.6000000000000001,3500.7272727272734,0.0,0.0,2024-06,False
AS FAN KIPAS ANGIN COSMOS MOYAKO DRAT KASAR DINAMO PLAFON DINDING PORT,3.61,22991.688888888886,3.33,21208.4,3.442,21921.715555555555,0.0,0.0,2024-06,False
AS KIPAS ANGIN MIYAKO COSMOS SEKAI FAN DINAMO DRAT HALUS,7.13,45453.75,3.1,19762.5,4.712,30039.0,35.0,212500.0,2024-06,True
AS KIPAS ANGIN MIYAKO COSMOS SEKAI FAN DINAMO DRAT HALUS - KASAR - as drat halus,2.19,13625.518867924528,1.93,12007.877358490565,2.034,12654.93396226415,20.0,120000.0,2024-06,True
AS KIPAS ANGIN MIYAKO COSMOS SEKAI FAN DINAMO DRAT HALUS - KASAR - as drat kasar,3.57,21955.5,1.27,7810.5,2.19,13468.5,0.0,0.0,2024-06,False
AS KIPAS ANGIN REGENCY 10 CM DIAMETER 10 MM,1.1,9201.923076923078,2.72,22753.846153846156,2.072,17333.076923076922,5.0,42500.0,2024-06,True
"AS fan kipas angin Maspion16""panjang20,5cm plafonportabledindingdinamo",3.69,23850.328467153286,2.32,14995.328467153284,2.868,18537.328467153286,22.0,143000.0,2024-06,True
"AS fan kipas angindinding portable panasonic Nasional KDK pajang20,5cm",0.22,2010.0,0.31,2832.272727272727,0.274,2503.3636363636365,0.0,0.0,2024-06,False
"AS kipas angin model Maspion 18,5 cm.AS Maspion 12""/inci",3.84,24486.30447761194,2.37,15112.64104477612,2.958,18862.10641791045,22.0,143000.0,2024-06,True
"AS kipas angin model Maspion 20,5 cm.AS Maspion 16""/inci",4.67,30216.863396674584,4.55,29440.412945368167,4.598,29750.993125890735,0.0,0.0,2024-06,False
Arang Mixer karbon carbon brush mixer blender umum,3.03,13258.297297297297,0.9,3938.1081081081084,1.752,7666.183783783784,0.0,0.0,2024-06,False
Arang blender carbon brush bostel arang sepul blender plat kotak.,2.95,13198.76404494382,1.08,4832.08988764045,1.8280000000000003,8178.759550561799,0.0,0.0,2024-06,False
BEARING 629 NKN 2 RS BERING BUSHING BALL LAHER BANTALAN,0.38,2610.125,0.77,5288.9375,0.614,4217.4125,0.0,0.0,2024-06,False
"BOS KIPAS ANGIN BOSHING BOSSING BOSING BREKET KUPING 7 "" 9 "" IN AS 6MM",0.65,4032.342342342343,0.31,1923.1171171171172,0.446,2766.8072072072073,0.0,0.0,2024-06,False
BOSHING BOSSING BOSING KIPAS ANGIN REGENCY 10MM BULET BOS MESIN CUCI,4.08,14161.0,2.03,7045.791666666666,2.8499999999999996,9891.875,4.0,14000.0,2024-06,True
BOSHING BOSSING BOSING KIPAS ANGIN REGENCY 10MM GUCI BOS MESIN CUCI,1.71,5930.85,0.46,1595.4333333333334,0.9600000000000001,3329.6000000000004,0.0,0.0,2024-06,False
"BOSHING BOSSING BOSING KIPAS ANGIN REGENCY BOS MESIN CUCI 12 "" GUCI",0.75,3519.6428571428573,0.6,2815.714285714286,0.66,3097.2857142857147,0.0,0.0,2024-06,False
Bos kipas angin boshing Maspion Gentong guci Dinamofandindingportable,1.37,3116.2933333333335,2.89,6573.786666666667,2.282,5190.789333333333,0.0,0.0,2024-06,False
Bos mesin cuci bulet 10mm boshing fan kipasangin dinamo regenci umum,1.11,3518.4078947368425,1.36,4310.842105263158,1.2600000000000002,3993.8684210526326,0.0,0.0,2024-06,False
CASING COVER TUTUP IMPELLER CAP SHIMIZU GOLDSTAR 130 PS 128 130 135,0.42,9709.736842105263,0.27,6241.973684210527,0.33,7629.078947368422,0.0,0.0,2024-06,False
ELEMEN BODY SAMPING MAGIC COM PEMANAS RICE COOKER KABEL SABUK HEATER,4.84,55191.125,2.92,33297.125,3.6879999999999997,42054.725,0.0,0.0,2024-06,False
ELEMEN TUTUP ATAS MAGIC COM JAR PEMANAS TOP HEATER RICE COOKER KOTAK,6.87,62690.209631728045,3.06,27923.15014164306,4.584,41829.973937677045,0.0,0.0,2024-06,False
FUSE KIPAS ANGIN SEIRING THERMAL 2A THERMOFUSE KOTAK 250V,4.91,5547.438596491228,5.28,5965.473684210527,5.132000000000001,5798.259649122808,10.0,13000.0,2024-06,True
GEAR GIGI MIXER MASPION BARU MT 1150 ADONAN MESIN (SEPASANG),0.47,3681.6666666666665,0.5,3916.6666666666665,0.488,3822.6666666666665,0.0,0.0,2024-06,False
GEAR GIGI MIXER MASPION SEPASANG,0.52,4092.8333333333335,0.63,4958.625,0.5860000000000001,4612.308333333333,0.0,0.0,2024-06,False
GEAR GIGI MIXER MIYAKO HM 620 625 650 GRIGI SESET SEPASANG,2.56,19384.580891719746,3.82,28925.429299363055,3.316,25109.08993630573,0.0,0.0,2024-06,False
GEAR GIGI MIXER MIYAKO HM 625 HM 620 628 650 GRIGI,2.84,11032.307692307691,1.68,6526.153846153846,2.144,8328.615384615385,0.0,0.0,2024-06,False
GEAR GIGI MIXER PHILIP SESET SEPASANG.,0.89,6853.0,1.46,11242.0,1.232,9486.4,0.0,0.0,2024-06,False
GEAR KOPEL BLENDER PHILIP BARU 2061 2071 2115 2116 PLASTIK GIGI BAGUS,2.23,7035.018867924528,0.43,1356.5283018867924,1.15,3627.9245283018863,0.0,0.0,2024-06,False
GEAR KOPEL BLENDER PHILIP BARU 2061 2071 2115 2116 PLASTIK GIGI PISAU,0.79,2229.706896551724,0.36,1016.0689655172414,0.532,1501.5241379310346,0.0,0.0,2024-06,False
GEAR KOPEL BLENDER PHILIP LAMA 2815 COPEL BAUT UPPER MOUNTING PISAU,0.63,1731.0461538461539,0.74,2033.2923076923075,0.696,1912.393846153846,0.0,0.0,2024-06,False
GEARBOX KIPAS ANGIN COSMOS / SEKAI / MIYAKO / RRT KOTAK GEARBOK GIRBOK,0.65,5396.380718954249,3.78,31382.029411764703,2.5279999999999996,20987.769934640517,0.0,0.0,2024-06,False
GEARBOX WALLFAN MIYAKO TARIK WALL FAN GEAR BOX KIPAS ANGIN DINDING,0.64,9498.61052631579,0.52,7717.62105263158,0.5680000000000001,8430.016842105264,0.0,0.0,2024-06,False
Gear Kopel Maspion Upper Blender Mounting Baut Pisau Flange gigi Spare,1.66,4835.316689655173,2.27,6612.149931034483,2.026,5901.416634482758,0.0,0.0,2024-06,False
Gear Kopel Maspion Upper Blender Mounting Baut Pisau Flange gigi putih,0.81,2539.5,0.82,2570.8518518518517,0.8160000000000001,2558.311111111111,0.0,0.0,2024-06,False
Gear box kipas angin Maspion bintang girbok/gear bok kipas angin12 16,0.22,2763.5809142857142,0.54,6783.334971428572,0.41200000000000003,5175.43334857143,2.0,29400.0,2024-06,True
"Gear box/girbox/gearbox/gear bok kipas angin Cosmos Miyako,umum.rrt",1.42,9412.087475149105,2.64,17498.528827037775,2.152,14263.952286282307,0.0,0.0,2024-06,False
"Gigi konektor Miyako lama gear lower panasonic,nasional drat besar POM",3.75,12882.65306122449,2.64,9069.387755102041,3.084,10594.69387755102,0.0,0.0,2024-06,False
Gigi konektor blender Miyako drat lubang kecil gear lower National,0.97,3433.7999999999997,0.77,2725.8,0.85,3009.0,0.0,0.0,2024-06,False
Gigi konektor blender Miyako drat lubang kecil gear lower National RRT,3.1,10616.61793814433,7.41,25377.141587628867,5.686,19472.932127835054,0.0,0.0,2024-06,False
IMPELLER JET DAB 370 KIPAS IMPELAR GADING MESIN POMPA AIR SPAREPARTS,0.57,13421.124999999998,0.3,7063.749999999999,0.408,9606.699999999999,0.0,0.0,2024-06,False
IMPELLER KUNINGAN NATIONAL PANASONIC GP 125 129 POMPA AIR KIPAS SANEI,0.57,15229.165605095539,0.49,13091.738853503184,0.522,13946.709554140127,0.0,0.0,2024-06,False
IMPELLER KUNINGAN POMPA AIR SHIMIZU PS 105 130 135 KIPAS GOLSTAR SANEI,1.17,32362.557251908394,0.34,9404.503816793893,0.6719999999999999,18587.72519083969,0.0,0.0,2024-06,False
IMPELLER KUNINGAN PS 226 230 SHIMIZU POMPA AIR KIPAS BIT SPAREPARTS.,0.23,11159.6,0.07,3396.4000000000005,0.134,6501.68,10.0,450000.0,2024-06,True
IMPELLER KUNINGAN SANYO SY 136 PWH IMPELER KIPAS POMPA AIR,0.21,5648.400000000001,0.17,4572.514285714286,0.186,5002.868571428572,0.0,0.0,2024-06,False
KABEL TIES 10CM CABLE TIES KABEL TIS CABLE TIE 2.5 × 100MM ISI 100PCS,0.41,1986.6666666666667,0.37,1792.8455284552847,0.386,1870.3739837398375,0.0,0.0,2024-06,False
"KAPASITOR 1,5UF, 2UF, 2,5UF, 3UF, 3,5UF MIKRO CAPASITOR KIPAS ANGIN - 1,5UF",9.9,35316.83313032887,4.91,17515.72228989038,6.906000000000001,24636.166626065777,2.0,7200.0,2024-06,True
"KAPASITOR 1,5UF, 2UF, 2,5UF, 3UF, 3,5UF MIKRO CAPASITOR KIPAS ANGIN - 2,5UF",6.54,32376.232289950578,3.97,19653.46210873147,4.998,24742.570181219115,2.0,10400.0,2024-06,True
"KAPASITOR 1,5UF, 2UF, 2,5UF, 3UF, 3,5UF MIKRO CAPASITOR KIPAS ANGIN - 2UF",13.57,65035.56414473685,6.35,30433.001644736843,9.238,44274.02664473684,0.0,0.0,2024-06,False
"KAPASITOR 1,5UF, 2UF, 2,5UF, 3UF, 3,5UF MIKRO CAPASITOR KIPAS ANGIN - 3,5UF",2.55,16901.57894736842,1.56,10339.78947368421,1.956,12964.505263157895,0.0,0.0,2024-06,False
"KAPASITOR 1,5UF, 2UF, 2,5UF, 3UF, 3,5UF MIKRO CAPASITOR KIPAS ANGIN - 3UF",3.09,17674.96978021978,2.29,13098.925824175825,2.61,14929.343406593407,0.0,0.0,2024-06,False
"KAPASITOR 1.5UF 1,5UF 1.5 UF 1,5 UF 450V MIKRO CAPASITOR KIPAS ANGIN",16.49,57967.76642335766,6.83,24009.693430656935,10.693999999999999,37592.92262773722,0.0,0.0,2024-06,False
KAPASITOR 10 UF 450V KOTAK KABEL SAN EI CAPACITOR PETAK POMPA AIR,0.76,10708.4,0.47,6622.299999999999,0.5860000000000001,8256.740000000002,0.0,0.0,2024-06,False
KAPASITOR 100UF 100 MFD UF 250V 250 VAC CAPASITOR STARTING AC MOTOR,1.29,38600.76923076923,0.23,6882.307692307692,0.654,19569.69230769231,0.0,0.0,2024-06,False
KAPASITOR 12 UF 450V KOTAK KABEL SAN EI CAPACITOR PETAK POMPA AIR,0.37,5777.0,0.21,3278.8378378378375,0.274,4278.102702702703,0.0,0.0,2024-06,False
KAPASITOR 150UF 150 MFD UF 250V 250 VAC CAPASITOR STARTING AC MOTOR,1.49,53640.0,0.3,10800.0,0.776,27936.0,0.0,0.0,2024-06,False
KAPASITOR 200UF 200 MFD UF 250V 250 VAC CAPASITOR STARTING AC MOTOR,0.3,13149.473684210525,0.21,9204.631578947368,0.246,10782.56842105263,1.0,44000.0,2024-06,True
KAPASITOR 250UF 250 MFD UF 250V 250 VAC CAPASITOR STARTING AC MOTOR,0.32,17600.0,0.12,6600.0,0.2,11000.0,0.0,0.0,2024-06,False
KAPASITOR 2UF 2 UF 400V 400 V 450V 450 V VOLT CAPASITOR KIPAS ANGIN,1.39,6471.839999999999,2.16,10056.960000000001,1.8519999999999999,8622.912,0.0,0.0,2024-06,False
KAPASITOR 3 UF 450V 3UF 450 V 400 VOLT CAPASITOR 3 MICKO KIPAS ANGIN,0.91,5376.494117647058,0.26,1536.1411764705883,0.52,3072.2823529411767,0.0,0.0,2024-06,False
KAPASITOR 300UF 300 MFD UF 250V 250 VAC CAPASITOR STARTING AC MOTOR,0.41,25420.0,0.24,14880.0,0.308,19096.0,0.0,0.0,2024-06,False
KAPASITOR 30UF 450 VAC CAPASITOR BULET CONDENSATOR SPAREPARTS DINAMO,0.97,29688.75819672131,0.7,21424.877049180326,0.808,24730.42950819672,0.0,0.0,2024-06,False
KAPASITOR 35 UF 450VAC CAPASITOR BULET CONDENSATOR SPAREPARTS,0.69,25201.6862745098,1.01,36889.424836601305,0.8819999999999999,32214.329411764702,1.0,38000.0,2024-06,True
KAPASITOR 4 UF 450V 4UF 450 V POMPA AIR CAPASITOR,1.29,11948.91818181818,2.24,20748.50909090909,1.86,17228.672727272726,0.0,0.0,2024-06,False
KAPASITOR 40UF 450VAC CAPASITOR 40 UF 450 VAC BULET CONDENSATOR,1.17,46645.3448275862,0.56,22325.977011494255,0.804,32053.724137931036,0.0,0.0,2024-06,False
KAPASITOR 5 UF 450 V KOTAK CAPACITOR PETAK POMPA AIR SAN EI,1.79,17508.117857142857,1.92,18779.657142857144,1.8679999999999999,18271.04142857143,0.0,0.0,2024-06,False
KAPASITOR 50 UF 50UF 450VAC 450 VAC CAPASITOR BULET CONDENSATOR,1.21,57917.67384615385,1.0,47865.846153846156,1.084,51886.57723076924,0.0,0.0,2024-06,False
KAPASITOR 500UF 500 MFD UF 250V 250 VAC CAPASITOR STARTING AC MOTOR,0.3,26700.0,0.04,3560.0,0.144,12815.999999999998,0.0,0.0,2024-06,False
KAPASITOR 6 UF 450V KOTAK KABEL CAPACITOR PETAK SAN EI POMPA AIR.,1.49,18087.146341463416,0.68,8254.536585365855,1.004,12187.580487804878,0.0,0.0,2024-06,False
KAPASITOR 8 UF 450V KOTAK KABEL SAN EI CAPACITOR PETAK POMPA AIR,0.71,9521.517647058823,0.95,12740.05882352941,0.8539999999999999,11452.642352941175,0.0,0.0,2024-06,False
KAPASITOR POMPA AIR 10UF 450VAC CAPASITOR BULET CONDENSATOR SPAREPART,0.7,10071.324786324785,1.52,21869.162393162394,1.192,17150.02735042735,0.0,0.0,2024-06,False
KAPASITOR POMPA AIR 12UF 450VAC CAPASITOR BULET CONDENSATOR SPAREPARTS,1.52,23763.7277486911,0.97,15165.010471204188,1.19,18604.49738219895,0.0,0.0,2024-06,False
KAPASITOR POMPA AIR 14 UF 450VAC CAPASITOR BULET CONDENSATOR SPAREPART,1.31,21924.8253968254,1.11,18577.523809523813,1.19,19916.44444444444,0.0,0.0,2024-06,False
KAPASITOR POMPA AIR 16UF 450VAC CAPASITOR BULET CONDENSATOR SPAREPARTS,0.91,16695.61329305136,1.55,28437.583081571,1.294,23740.79516616314,0.0,0.0,2024-06,False
KAPASITOR POMPA AIR 20UF 450VAC CAPASITOR BULET CONDENSATOR SPAREPARTS,1.69,40278.21086956521,2.09,49811.5152173913,1.9299999999999997,45998.19347826086,0.0,0.0,2024-06,False
KAPASITOR POMPA AIR 20UF 450VAC CAPASITOR KOTAK 20 UF 450V CONDENSATOR,0.5,11891.525423728814,0.13,3091.7966101694915,0.278,6611.688135593221,0.0,0.0,2024-06,False
KAPASITOR POMPA AIR 25UF 450VAC CAPASITOR BULET CONDENSATOR SPAREPARTS,0.56,15196.970212765958,0.99,26866.072340425533,0.8180000000000001,22198.431489361705,0.0,0.0,2024-06,False
KAPASITOR POMPA AIR 6 UF 450VAC CAPASITOR BULET CONDENSATOR SPAREPARTS,1.49,17447.77685950413,1.26,14754.495867768595,1.3519999999999999,15831.808264462808,0.0,0.0,2024-06,False
KAPASITOR POMPA AIR 8UF 450VAC CAPASITOR BULET CONDENSATOR SPAREPARTS,0.9,12362.04,0.82,11263.192,0.852,11702.7312,0.0,0.0,2024-06,False
KARET SEAL ORING BLENDER BUMBU CHOPPER GELAS NATIONAL MIYAKO PAKING,0.9,3192.043795620438,1.0,3546.715328467153,0.96,3404.846715328467,0.0,0.0,2024-06,False
KARET SEAL ORING BLENDER PHILIP 1741,0.44,1760.0,0.32,1280.0,0.368,1472.0,0.0,0.0,2024-06,False
KIPAS IMPELLER JET DAB 255 IMPELAR GADING MESIN POMPA AIR SPAREPARTS,0.51,11345.314285714287,0.25,5561.428571428572,0.354,7874.982857142857,0.0,0.0,2024-06,False
KIPAS PENDINGIN GP 125 NATIONAL NASIONAL PANASONIC FAN POMPA AIR,0.39,1965.0967741935485,0.38,1914.7096774193549,0.384,1934.8645161290324,1.0,5000.0,2024-06,True
KLEP TABOK KARET SEDOT PLENES POMPA AIR PLENNES PLANES OVAL PACKING,1.03,2836.038167938931,0.48,1321.648854961832,0.7,1927.4045801526715,0.0,0.0,2024-06,False
KNOP KOMPOR GAS HITACHI TODACHI TOMBOL PUTARAN CETEKAN PEMANTIK,0.52,1417.764705882353,0.23,627.0882352941177,0.34600000000000003,943.3588235294119,0.0,0.0,2024-06,False
KNOP KOMPOR GAS RINNAI TOMBOL PUTARAN CETEKAN SWITCH PEMANTIK,2.97,8598.686746987953,0.81,2345.0963855421687,1.6740000000000002,4846.532530120482,0.0,0.0,2024-06,False
"Kabel Buntung AC Power listrik Colokan Gepeng Oval SNI Serbaguna 1,2m",1.02,6098.75,0.32,1913.3333333333335,0.6000000000000001,3587.500000000001,0.0,0.0,2024-06,False
Karet seal Oring sil blender Mounting gelas Nasional Miyako Gmc sanex,3.26,11682.037172557171,2.82,10105.320498960498,2.996,10736.007168399168,9.0,30900.0,2024-06,True
LAMPU GOSOKAN BAJU SETERIKA SETRIKA INDIKATOR RESISTOR 1 PCS,2.23,1827.8483146067415,3.36,2754.067415730337,2.908,2383.579775280899,0.0,0.0,2024-06,False
"LEHER KIPAS ANGIN COSMOS DINDING WALL FAN PLAT 12"" 16""",1.37,8545.119402985076,0.95,5925.447761194029,1.1179999999999999,6973.316417910447,0.0,0.0,2024-06,False
"LEHER KIPAS ANGINCOSMOS TIANG BERDIRI STAND FAN PLAT 12"" 16"" SPAREPART",0.83,5107.09375,0.23,1415.21875,0.47000000000000003,2891.96875,0.0,0.0,2024-06,False
LEM KOREA HANDSOME SEBAGUNA MULTIFUNGSI EPOTEC BESI POWERGLUE ( 1pcs),2.98,7671.061818181817,2.39,6152.294545454545,2.626,6759.801454545453,0.0,0.0,2024-06,False
LEM PIPA ISARPLAS TUBE 45GR FOX FITING PVC,0.17,1605.3409090909092,0.2,1888.6363636363637,0.188,1775.3181818181818,0.0,0.0,2024-06,False
LIS KIPAS ANGIN MULTI RING GAWANG PENGIKAT KIPAS ANGIN,0.83,7734.3703703703695,0.28,2609.185185185185,0.5,4659.259259259259,0.0,0.0,2024-06,False
"Leher kipas angin COSMOS Dinding wall fan kipas angin COSMOS 12"" 16""",0.71,4271.36986111111,0.94,5655.053055555555,0.8479999999999999,5101.579777777777,0.0,0.0,2024-06,False
"Leher kipas angin COSMOS tiang berdiri stand fan leher Cosmos 12"" 16"".",1.23,7393.872180451127,1.56,9377.593984962406,1.428,8584.105263157893,0.0,0.0,2024-06,False
MOUNTING PISAU BLENDER JUS PHILIP HR 2061 2115 2116 2071 MANGKOK GELAS,0.34,12410.0,0.1,3650.0,0.196,7154.0,0.0,0.0,2024-06,False
MOUNTING PISAU BLENDER NATIONAL MIYAKO LAMA MANGKOK JUS JUICE GELAS,0.27,7619.586206896552,0.18,5079.724137931034,0.21600000000000003,6095.668965517242,0.0,0.0,2024-06,False
NITTO ISOLASI LISTRIK 3/4 INCH 25 METER HITAM ISOLASI KABEL.,0.86,6819.989010989011,1.43,11340.214285714286,1.202,9532.124175824176,0.0,0.0,2024-06,False
ORING KARET TUTUP IMPELLE SHIMIZU 4 BAUT PS 128 130 135 SEMI JETPAM,0.58,1025.086956521739,1.04,1838.086956521739,0.856,1512.886956521739,0.0,0.0,2024-06,False
OTOMATIS MAGIC COM RICE COOKER KAKI PIN 3 ELEMENT THERMOSTAT MTS PER.,0.79,6378.612903225807,0.49,3956.354838709677,0.6100000000000001,4925.25806451613,0.0,0.0,2024-06,False
OTOMATIS PER MAGIC COM RICE COOKER KAKI PIN 2 ELEMEN THERMOSTAT MTS,0.77,6283.538461538462,0.21,1713.6923076923076,0.43400000000000005,3541.6307692307696,0.0,0.0,2024-06,False
OTOMATIS PM5 PRESSURE SWITCH JETPUMP POMPA AIR SAN-EI PM 5 SEMI,0.61,34485.333333333336,0.15,8480.0,0.33399999999999996,18882.13333333333,0.0,0.0,2024-06,False
PINION KIPAS ANGIN MASPION / PEN STOP/ TARIKAN GEARBOX DINAMO,0.86,2860.1515151515155,0.4,1330.3030303030305,0.5840000000000001,1942.2424242424247,30.0,105000.0,2024-06,True
PINION PANASONIC NASIONAL PEN STOP TARIKAN GEARBOX KIPAS ANGIN GEAR,5.14,18314.494949494947,11.14,39693.282828282834,8.74,31141.76767676768,12.0,47000.0,2024-06,True
PISAU BLENDER MASPION JUS + SEAL PUTIH MOUNTING SPAREPART STAINLES,0.24,3209.142857142857,0.16,2139.4285714285716,0.192,2567.3142857142857,0.0,0.0,2024-06,False
RADAR PELAMPUNG AIR OTOMATIS TOREN ST 70 AB ORIGINAL SHINTUNG POMPA,0.13,7263.34375,0.15,8380.78125,0.14200000000000002,7933.806250000001,0.0,0.0,2024-06,False
SEAL BLENDER JUS PHILIP BARU 2061 2071 2115 2116 KARET PISAU MOUNTING,0.45,1701.5625,0.21,794.0625,0.30600000000000005,1157.0625000000002,0.0,0.0,2024-06,False
SEAL KARET PENGAMAN TABUNG GAS LPG ELPIJI REGULATOR SILIKON,12.17,7556.809375,7.46,4632.19375,9.344000000000001,5802.040000000001,20.0,12000.0,2024-06,True
SEAL PDL 255 PEDROLO SIL POMPA AIR MS 14 PDR KARET SPAREPARTS MACHANIC,7.57,50811.067567567574,6.55,43964.66216216216,6.958,46703.22432432433,0.0,0.0,2024-06,False
SEAL SANYO 100 101 PH 100 SIL POMPA AIR,0.27,1916.5645161290322,0.17,1206.725806451613,0.21000000000000002,1490.6612903225807,0.0,0.0,2024-06,False
SEAL SHIMIZU SMZ 230 GOLSTAR GS 250 SIL POMPA AIR PS 226,1.67,13069.947368421052,0.9,7043.684210526316,1.2080000000000002,9454.189473684211,0.0,0.0,2024-06,False
SEAL SIL POMPA AIR PANASONIC NATIONAL NASIONAL GP 200 MECHANICAL,0.79,5174.934065934066,0.24,1572.131868131868,0.4600000000000001,3013.2527472527477,0.0,0.0,2024-06,False
SELANG PEMBUANGAN AIR MESIN CUCI MULTI 1-2 TABUNG PANJANG SAMPAI 2M,0.3,3791.25,0.27,3412.125,0.28200000000000003,3563.7750000000005,0.0,0.0,2024-06,False
SELANG PEMBUANGAN MESIN CUCI MULTI 1.2 METER,0.18,1535.1428571428573,0.18,1535.1428571428573,0.18,1535.1428571428573,0.0,0.0,2024-06,False
SINGER OIL MINYAK PELUMAS MESIN JAHIT RANTAI SEPEDA 80CC,1.32,9721.411764705883,0.87,6407.2941176470595,1.05,7732.941176470589,1.0,7700.0,2024-06,True
SNAP RING S12 RETAINER CIRCLIP POMPA AIR EXTERNAL EKSTERNAL RETAINING,2.51,2314.3676470588234,2.65,2443.455882352941,2.594,2391.820588235294,0.0,0.0,2024-06,False
SPINER KIPAS ANGIN KUNCI MUR BALING MASPION FAN DINDING PLAFON DINAMO,0.73,2011.078431372549,0.51,1405.0,0.598,1647.4313725490197,0.0,0.0,2024-06,False
STIK MIXER PHILIPS GARPU STICK KOCOKAN PENGADUK ADONAN KUE SEPASANG,0.22,5608.450704225353,0.18,4588.732394366197,0.196,4996.619718309859,0.0,0.0,2024-06,False
SWITCH EXHAUST SAKLAR TARIKAN FAN DINAMO MASPION HEXOS DINDING,0.33,2456.52,0.27,2009.88,0.29400000000000004,2188.5360000000005,7.0,53900.0,2024-06,True
SWITCH FAN KIPAS ANGIN MASPION LURUS 4 PIN SAKLAR ON OFF TIANG BERDIRI,0.31,2376.1081081081084,0.29,2222.810810810811,0.298,2284.1297297297297,0.0,0.0,2024-06,False
SYNCHRONOUS MOTOR ROTARY ROTARI SINKRONUS SWING DINAMO KIPAS ANGIN,2.68,33761.020833333336,0.89,11211.682291666668,1.606,20231.417708333334,0.0,0.0,2024-06,False
Siltip sealtape isolatip Hachi sealtape isolasi keranpipa air.,0.81,2336.538461538462,1.59,4586.538461538462,1.278,3686.538461538462,0.0,0.0,2024-06,False
Swit tembok kipas angin wall fan saklar tarikan DinamoDindingPlafon,0.66,3287.926829268293,0.74,3686.4634146341464,0.708,3527.048780487805,3.0,15600.0,2024-06,True
Switch Micro 3 Pin Saklar Mikro Otomatis Rice Cooker Majic Com Jer lim,2.13,12694.8,0.59,3516.3999999999996,1.206,7187.76,0.0,0.0,2024-06,False
Switch Micro Limid Tombol Pin 3 Magicom Rice Cooker Majic Com Jer,0.67,4020.0000000000005,1.19,7140.0,0.982,5892.0,0.0,0.0,2024-06,False
"T Kuningan Tebal Tee Jet Pump 3 Way 1"" Sambungan Otomatis Pompa Air",0.38,12137.2,0.33,10540.2,0.35000000000000003,11179.000000000002,0.0,0.0,2024-06,False
TABUNG ANGIN 2 LITER TANGKI PRESSURE TANK SPART PART POMPA AIR,0.12,7269.75,0.08,4846.5,0.096,5815.8,0.0,0.0,2024-06,False
TABUNG POMPA AIR PVC FIBER TENGKI OTOMATIS 2 LITER,0.59,16237.291666666664,0.15,4128.125,0.32599999999999996,8971.791666666664,0.0,0.0,2024-06,False
TALI PEMBUANGAN AIR DRAIN REM MESIN CUCI 2 TABUNG TARIKAN,0.72,3380.0727272727277,0.33,1549.2000000000003,0.486,2281.549090909091,0.0,0.0,2024-06,False
TERMOSTAT BIMETAL PENGATUR SUHU SAKLAR OTOMATIS DISPENSER MAGIC COM,2.13,9122.424242424242,1.69,7237.979797979798,1.866,7991.757575757576,0.0,0.0,2024-06,False
TIMAH SOLDER 0.8mm 10M 60/40 TIM TINOL TENOL KAWAT KWALITAS BAGUS,0.41,7132.749999999999,0.16,2783.512195121951,0.26,4523.20731707317,0.0,0.0,2024-06,False
"TUSEN KLEP 1/2"" INCH TUSSEN TOSSEN PVC PLASTIK FOOT VALVE",0.29,1691.1578947368419,0.29,1691.1578947368419,0.29,1691.1578947368419,0.0,0.0,2024-06,False
"TUSEN KLEP 3/4"" INCH TUSSEN TOSSEN PVC PLASTIK FOOT VALVE",0.35,2350.0,0.24,1611.4285714285716,0.284,1906.857142857143,0.0,0.0,2024-06,False
Tarikan pinion baut gearbox kipas angin cabutan Cosmos Miyako Multifan,1.14,2231.598305084746,0.46,900.4694915254238,0.732,1432.9210169491525,0.0,0.0,2024-06,False
Tarikan pinion socket gerbox cabutan kipas angin CosmosMiyakoMaspion,1.63,3182.238430034129,2.55,4978.3484641638215,2.182,4259.9044505119455,4.0,8000.0,2024-06,True
Tutup sendok Blender Nasional National tutup gelas juice blender NS.,0.25,2034.6777777777777,0.15,1220.8066666666666,0.19,1546.355111111111,0.0,0.0,2024-06,False
"WATERMUR 1/2 "" INCH POLOS WATERMOER SAMBUNGAN PIPA UNION SOCKET PVC",0.42,3360.0,0.36,2880.0,0.384,3072.0,1.0,8000.0,2024-06,True
"WATERMUR 3/4 "" INCH POLOS WATERMOER SAMBUNGAN PIPA PVC UNION SOCKET",0.27,2160.0,0.35,2800.0,0.318,2544.0,1.0,8000.0,2024-06,True
"WATERMUR 3/4""INCH DRAT LUAR WATER MUR UNION SOCKET SANYO PVC 1 × 3/4""",2.11,16880.0,1.89,15120.0,1.9779999999999998,15823.999999999998,0.0,0.0,2024-06,False
"WATERMUR1/2"" INCH DRAT LUAR WATERMOR UNION SOCKET SANYO PCV 1×1/2""",1.11,8880.0,0.48,3840.0,0.732,5856.0,0.0,0.0,2024-06,False
arang blender Philip,0.81,3699.8307692307694,0.41,1872.753846153846,0.5700000000000001,2603.5846153846155,2.0,9000.0,2024-06,True
bearing nkn 608 2RS ball laher.,0.42,2451.9005660377356,0.56,3269.200754716981,0.504,2942.280679245283,0.0,0.0,2024-06,False
bos kipasangin dinamoNational boshing fanpanasonic KDK dindingportable,2.69,8081.279122807017,0.75,2253.144736842105,1.526,4584.39849122807,0.0,0.0,2024-06,False
carbon arang blender Philips brush karbon kaleng bulet,5.97,25715.93548387097,5.9,25414.408602150543,5.928,25535.01935483871,0.0,0.0,2024-06,False
drat besar kopel gear gigi karet pisau blender.,0.81,2213.221153846154,2.52,6885.576923076923,1.836,5016.634615384615,0.0,0.0,2024-06,False
gear konektor Miyako baru blender/ gigi lower mesin dinamo Blender.,4.61,14829.609427609428,4.95,15923.333333333332,4.814,15485.84377104377,0.0,0.0,2024-06,False
"kapasitas kipas angin 1,5uf mikro 450V capasitor kotak spareparts",0.86,2911.487387387387,0.31,1049.4896396396396,0.53,1794.2887387387386,2.0,7400.0,2024-06,True
"kapasitor 3 uf capasitor 3,0 mickro 450V kotak.spartparts kipas angin",1.27,7483.103896103897,0.76,4478.077922077922,0.964,5680.0883116883115,0.0,0.0,2024-06,False
"kapasitor 3,5uf mickro 450V kotak capasitor kipas angin spareparts",1.16,7573.677419354838,0.2,1305.8064516129034,0.584,3812.954838709677,0.0,0.0,2024-06,False
kapasitor 4 uf mickro capasitor kipas angin 450V kotak spareparts,0.54,4802.625,1.34,11917.625,1.02,9071.625,0.0,0.0,2024-06,False
kapasitor kipas angin 2 uf mickro 450V capasitor kotak spareparts,1.33,6126.133461538462,0.68,3132.158461538462,0.9400000000000001,4329.748461538462,1.0,4900.0,2024-06,True
"kapasitor kipas angin 2,5uf mickro kotak 450V capasitor spareparts",1.67,8076.361445783133,1.32,6383.710843373495,1.46,7060.77108433735,1.0,5100.0,2024-06,True
konektor blender maspion conektor kecil gigi atas mesin gear ger lower,2.6,9051.774193548388,2.97,10339.911290322581,2.822,9824.656451612904,0.0,0.0,2024-06,False
kopel Miyako baru pisau baut flange gigi blender gear upper konektor.,1.98,6274.8663594470045,3.17,10046.124423963134,2.694,8537.621198156681,5.0,17500.0,2024-06,True
kopel gigi karet blender drat lobang kecil gear RRT pisau blender,0.59,1727.731343283582,0.91,2664.805970149254,0.782,2289.976119402985,0.0,0.0,2024-06,False
oring seal AS kipas angin umum.,10.42,5159.805603112841,11.92,5902.579922178988,11.32,5605.470194552529,0.0,0.0,2024-06,False
seal 2 ply mounting bumbu blender Philip karet 2061-2071-2115-2116mill,0.45,1737.9310344827586,0.51,1969.6551724137933,0.486,1876.9655172413793,0.0,0.0,2024-06,False
seal pompa air Shimizu 100- 125/sil pompa air Shimizu simitsu 125.,4.69,27310.54385057472,3.55,20672.160057471265,4.006,23327.513574712648,0.0,0.0,2024-06,False
seal pompa air Toyomoto 125 sil TM 125 marcanical seal Ty mekanik,1.05,6060.0,0.46,2654.857142857143,0.6960000000000001,4016.914285714286,0.0,0.0,2024-06,False
seal sil pompa air Panasonic National GP125 Nasional Spareparts pompa,1.83,10213.006829268294,4.95,27625.346341463417,3.7020000000000004,20660.41053658537,0.0,0.0,2024-06,False
spiner AS kipas angin Cosmos Miyako/kunci mur baling kipas angin,1.33,4163.786666666667,1.33,4163.786666666667,1.33,4163.786666666667,0.0,0.0,2024-06,False
AS 6mm KIPAS ANGIN KECIL 7 IN 9 IN BATANG BESI,4.03,26998.72316384181,9.03,60495.89830508474,6.61038978932738,44285.87690499665,4.0,27600.0,2024-07,True
"AS DINAMO KIPAS ANGIN MODEL COSMOS,MIYAKO,UMUM-RRT.",6.4,41395.744680851065,6.9,44629.78723404255,6.658038978932738,43064.762757352175,0.0,0.0,2024-07,False
AS EXHAUST FAN MASPION EXOS EXSOS EXAUST KIPAS ANGIN,5.73,32976.73469387755,5.05,29063.26530612245,5.379066988651476,30957.079404075845,6.0,36000.0,2024-07,True
AS EXHAUST PANASONIC NATIONAL DINAMO MASPION EXOSOS FAN KIPAS ANGIN,0.92,5582.766355140187,2.05,12439.859813084111,1.5031680923879878,9121.561143808602,2.0,12600.0,2024-07,True
AS Exhaust/Exaust/Exsos Maspion Panasonic National multi kipas angin.,2.11,12310.89090909091,0.92,5367.781818181818,1.4958672301400835,8727.705348217323,0.0,0.0,2024-07,False
AS FAN KIPAS ANGIN COSMOS MOYAKO DRAT KASAR DINAMO PLAFON DINDING PORT,8.41,53562.35555555556,7.78,49549.955555555556,8.08487088654475,51491.64435741611,0.0,0.0,2024-07,False
AS KIPAS ANGIN MIYAKO COSMOS SEKAI FAN DINAMO DRAT HALUS,16.64,106080.0,7.23,46091.25,11.783706416485872,75121.12840509744,10.0,65000.0,2024-07,True
AS KIPAS ANGIN MIYAKO COSMOS SEKAI FAN DINAMO DRAT HALUS - KASAR - as drat halus,5.12,31855.094339622643,4.5,27997.64150943396,4.800031666123404,29864.347960456464,11.0,71500.0,2024-07,True
AS KIPAS ANGIN MIYAKO COSMOS SEKAI FAN DINAMO DRAT HALUS - KASAR - as drat kasar,8.32,51168.0,2.96,18204.0,5.553822145841049,34156.00619692245,15.0,97500.0,2024-07,True
AS KIPAS ANGIN REGENCY 10 CM DIAMETER 10 MM,2.57,21499.03846153846,6.36,53203.846153846156,4.525935460310153,37861.19086990224,0.0,0.0,2024-07,False
"AS fan kipas angin Maspion16""panjang20,5cm plafonportabledindingdinamo",8.61,55650.766423357665,5.42,35032.1897810219,6.963711314409131,45009.97349568822,0.0,0.0,2024-07,False
"AS fan kipas angindinding portable panasonic Nasional KDK pajang20,5cm",0.52,4750.909090909091,0.73,6669.545454545454,0.6283763711517499,5741.075027340988,0.0,0.0,2024-07,False
"AS kipas angin model Maspion 18,5 cm.AS Maspion 12""/inci",8.96,57134.7104477612,5.54,35326.59552238806,7.195013384100072,45880.02303217902,5.0,32500.0,2024-07,True
"AS kipas angin model Maspion 20,5 cm.AS Maspion 16""/inci",10.91,70592.28686460808,10.62,68715.86494061757,10.76033739221901,69623.90686998105,53.0,344500.0,2024-07,True
Arang Mixer karbon carbon brush mixer blender umum,7.08,30979.783783783787,2.11,9232.675675675675,4.5150925494085845,19756.580641871617,0.0,0.0,2024-07,False
Arang blender carbon brush bostel arang sepul blender plat kotak.,6.89,30826.94382022472,2.51,11230.134831460673,4.629578544549215,20713.462656623567,7.0,31500.0,2024-07,True
BEARING 629 NKN 2 RS BERING BUSHING BALL LAHER BANTALAN,0.88,6044.5,1.81,12432.4375,1.3599525008148925,9341.173739972293,2.0,13800.0,2024-07,True
"BOS KIPAS ANGIN BOSHING BOSSING BOSING BREKET KUPING 7 "" 9 "" IN AS 6MM",1.52,9429.477477477478,0.73,4528.630630630631,1.1122984132862739,6900.2584449453,8.0,52000.0,2024-07,True
BOSHING BOSSING BOSING KIPAS ANGIN REGENCY 10MM BULET BOS MESIN CUCI,9.52,33042.333333333336,4.73,16417.041666666668,7.04798658182437,24462.386761082085,18.0,63000.0,2024-07,True
BOSHING BOSSING BOSING KIPAS ANGIN REGENCY 10MM GUCI BOS MESIN CUCI,3.99,13838.650000000001,1.08,3745.8000000000006,2.488213142611465,8629.95258295743,0.0,0.0,2024-07,False
"BOSHING BOSSING BOSING KIPAS ANGIN REGENCY BOS MESIN CUCI 12 "" GUCI",1.76,8259.428571428572,1.4,6570.0,1.5742119351684285,7387.551724326126,0.0,0.0,2024-07,False
Bos kipas angin boshing Maspion Gentong guci Dinamofandindingportable,3.2,7278.933333333333,6.74,15331.253333333332,5.026915970843785,11434.558195012662,20.0,46000.0,2024-07,True
Bos mesin cuci bulet 10mm boshing fan kipasangin dinamo regenci umum,2.6,8241.315789473685,3.18,10079.763157894738,2.899325215561976,9190.09795301158,0.0,0.0,2024-07,False
CASING COVER TUTUP IMPELLER CAP SHIMIZU GOLDSTAR 130 PS 128 130 135,0.97,22424.868421052633,0.63,14564.605263157895,0.794533494325738,18368.359862241075,1.0,23500.0,2024-07,True
ELEMEN BODY SAMPING MAGIC COM PEMANAS RICE COOKER KABEL SABUK HEATER,11.29,128741.28124999999,6.8,77541.25,8.972809969184011,102318.07367985143,0.0,0.0,2024-07,False
ELEMEN TUTUP ATAS MAGIC COM JAR PEMANAS TOP HEATER RICE COOKER KOTAK,16.04,146368.40793201132,7.13,65062.76487252124,11.441745395418607,104408.35769893035,0.0,0.0,2024-07,False
FUSE KIPAS ANGIN SEIRING THERMAL 2A THERMOFUSE KOTAK 250V,11.47,12959.087719298246,12.33,13930.736842105263,11.913827043764309,13460.534414358273,10.0,13000.0,2024-07,True
GEAR GIGI MIXER MASPION BARU MT 1150 ADONAN MESIN (SEPASANG),1.11,8695.0,1.18,9243.333333333332,1.1461254570505832,8977.982746896236,0.0,0.0,2024-07,False
GEAR GIGI MIXER MASPION SEPASANG,1.21,9523.708333333332,1.47,11570.125,1.3441802690450237,10579.818867608541,2.0,15800.0,2024-07,True
GEAR GIGI MIXER MIYAKO HM 620 625 650 GRIGI SESET SEPASANG,5.97,45205.44840764331,8.91,67467.42802547771,7.487269196124499,56694.36538685813,3.0,23400.0,2024-07,True
GEAR GIGI MIXER MIYAKO HM 625 HM 620 628 650 GRIGI,6.63,25755.0,3.92,15227.692307692309,5.23142873418456,20322.088544332328,8.0,32000.0,2024-07,True
GEAR GIGI MIXER PHILIP SESET SEPASANG.,2.07,15938.999999999998,3.42,26334.0,2.766705243118392,21303.63037201162,0.0,0.0,2024-07,False
GEAR KOPEL BLENDER PHILIP BARU 2061 2071 2115 2116 PLASTIK GIGI BAGUS,5.2,16404.528301886792,1.01,3186.264150943396,3.0376333565436555,9582.873532341495,0.0,0.0,2024-07,False
GEAR KOPEL BLENDER PHILIP BARU 2061 2071 2115 2116 PLASTIK GIGI PISAU,1.85,5221.4655172413795,0.84,2370.8275862068967,1.3287612625558691,3750.3141151792374,0.0,0.0,2024-07,False
GEAR KOPEL BLENDER PHILIP LAMA 2815 COPEL BAUT UPPER MOUNTING PISAU,1.48,4066.584615384615,1.73,4753.507692307692,1.609019489466369,4421.090474133746,0.0,0.0,2024-07,False
GEARBOX KIPAS ANGIN COSMOS / SEKAI / MIYAKO / RRT KOTAK GEARBOK GIRBOK,1.51,12536.20751633987,8.83,73307.75653594772,5.287690651575284,43899.06443070075,3.0,26700.0,2024-07,True
GEARBOX WALLFAN MIYAKO TARIK WALL FAN GEAR BOX KIPAS ANGIN DINDING,1.49,22113.952631578948,1.21,17958.31052631579,1.3454981717976666,19969.31734027495,0.0,0.0,2024-07,False
Gear Kopel Maspion Upper Blender Mounting Baut Pisau Flange gigi Spare,3.87,11272.696137931036,5.3,15438.059310344828,4.60799147974763,13422.348257718406,0.0,0.0,2024-07,False
Gear Kopel Maspion Upper Blender Mounting Baut Pisau Flange gigi putih,1.89,5925.5,1.91,5988.2037037037035,1.9003215591573093,5957.859999358008,0.0,0.0,2024-07,False
Gear box kipas angin Maspion bintang girbok/gear bok kipas angin12 16,0.52,6532.100342857143,1.25,15702.164285714287,0.8967369092417974,11264.568215982692,0.0,0.0,2024-07,False
"Gear box/girbox/gearbox/gear bok kipas angin Cosmos Miyako,umum.rrt",3.31,21939.44333996024,6.16,40829.900596421474,4.780822179916607,31688.391944019815,6.0,41400.0,2024-07,True
"Gigi konektor Miyako lama gear lower panasonic,nasional drat besar POM",8.75,30059.52380952381,6.15,21127.551020408166,7.408197309549762,25449.929532807007,3.0,10800.0,2024-07,True
Gigi konektor blender Miyako drat lubang kecil gear lower National,2.27,8035.8,1.79,6336.6,2.0222825802245716,7158.880333994984,3.0,10800.0,2024-07,True
Gigi konektor blender Miyako drat lubang kecil gear lower National RRT,7.24,24794.93995876289,17.29,59213.33037113402,12.426583476548034,42557.51259579606,0.0,0.0,2024-07,False
IMPELLER JET DAB 370 KIPAS IMPELAR GADING MESIN POMPA AIR SPAREPARTS,1.33,31315.958333333332,0.7,16482.083333333332,1.0048708865447502,23660.522416101598,0.0,0.0,2024-07,False
IMPELLER KUNINGAN NATIONAL PANASONIC GP 125 129 POMPA AIR KIPAS SANEI,1.32,35267.541401273884,1.15,30725.509554140124,1.232266747162869,32923.49888104513,0.0,0.0,2024-07,False
IMPELLER KUNINGAN POMPA AIR SHIMIZU PS 105 130 135 KIPAS GOLSTAR SANEI,2.72,75236.03053435114,0.8,22128.24427480916,1.729130320898286,47828.272654770524,2.0,59600.0,2024-07,True
IMPELLER KUNINGAN PS 226 230 SHIMIZU POMPA AIR KIPAS BIT SPAREPARTS.,0.53,25715.600000000002,0.17,8248.400000000001,0.34421193516842863,16701.163094372158,0.0,0.0,2024-07,False
IMPELLER KUNINGAN SANYO SY 136 PWH IMPELER KIPAS POMPA AIR,0.48,12910.628571428571,0.39,10489.885714285716,0.43355298379210716,11661.336541196848,0.0,0.0,2024-07,False
KABEL TIES 10CM CABLE TIES KABEL TIS CABLE TIE 2.5 × 100MM ISI 100PCS,0.95,4603.252032520325,0.86,4167.154471544715,0.903552983792107,4378.191693821917,0.0,0.0,2024-07,False
"KAPASITOR 1,5UF, 2UF, 2,5UF, 3UF, 3,5UF MIKRO CAPASITOR KIPAS ANGIN - 1,5UF",23.11,82441.61753958587,11.46,40881.90986601706,17.097691790867202,60993.568473924315,0.0,0.0,2024-07,False
"KAPASITOR 1,5UF, 2UF, 2,5UF, 3UF, 3,5UF MIKRO CAPASITOR KIPAS ANGIN - 2,5UF",15.27,75594.04695222406,9.26,45841.5766062603,12.168371473228488,60239.45281462595,32.0,166400.0,2024-07,True
"KAPASITOR 1,5UF, 2UF, 2,5UF, 3UF, 3,5UF MIKRO CAPASITOR KIPAS ANGIN - 2UF",31.67,151781.6003289474,14.81,70978.38651315791,22.968925630388075,110080.84275392733,38.0,186200.0,2024-07,True
"KAPASITOR 1,5UF, 2UF, 2,5UF, 3UF, 3,5UF MIKRO CAPASITOR KIPAS ANGIN - 3,5UF",5.95,39437.01754385965,3.64,24126.175438596492,4.75785991733075,31535.42941697469,2.0,13600.0,2024-07,True
"KAPASITOR 1,5UF, 2UF, 2,5UF, 3UF, 3,5UF MIKRO CAPASITOR KIPAS ANGIN - 3UF",7.21,41241.596153846156,5.34,30545.093406593405,6.24493421879156,35721.3668597415,2.0,11600.0,2024-07,True
"KAPASITOR 1.5UF 1,5UF 1.5 UF 1,5 UF 450V MIKRO CAPASITOR KIPAS ANGIN",38.48,135269.83941605838,15.94,56034.335766423355,26.84760282971217,94378.14250211227,0.0,0.0,2024-07,False
KAPASITOR 10 UF 450V KOTAK KABEL SAN EI CAPACITOR PETAK POMPA AIR,1.77,24939.3,1.1,15499.000000000002,1.4242277682301312,20067.369254362548,0.0,0.0,2024-07,False
KAPASITOR 100UF 100 MFD UF 250V 250 VAC CAPASITOR STARTING AC MOTOR,3.0,89769.23076923077,0.53,15859.23076923077,1.7252874440722743,51625.908903393436,3.0,93000.0,2024-07,True
KAPASITOR 12 UF 450V KOTAK KABEL SAN EI CAPACITOR PETAK POMPA AIR,0.85,13271.486486486487,0.5,7806.756756756757,0.6693727147470834,10451.259927280813,0.0,0.0,2024-07,False
KAPASITOR 150UF 150 MFD UF 250V 250 VAC CAPASITOR STARTING AC MOTOR,3.48,125280.0,0.7,25200.0,2.0453032771339767,73630.91797682317,0.0,0.0,2024-07,False
KAPASITOR 200UF 200 MFD UF 250V 250 VAC CAPASITOR STARTING AC MOTOR,0.69,30243.789473684206,0.49,21477.473684210527,0.5867844084269047,25719.68712304875,3.0,132000.0,2024-07,True
KAPASITOR 250UF 250 MFD UF 250V 250 VAC CAPASITOR STARTING AC MOTOR,0.75,41250.0,0.27,14850.000000000002,0.5022825802245715,27625.541912351433,0.0,0.0,2024-07,False
KAPASITOR 2UF 2 UF 400V 400 V 450V 450 V VOLT CAPASITOR KIPAS ANGIN,3.24,15085.44,5.04,23466.24,4.168940324157857,19410.58614927898,4.0,19600.0,2024-07,True
KAPASITOR 3 UF 450V 3UF 450 V 400 VOLT CAPASITOR 3 MICKO KIPAS ANGIN,2.13,12584.541176470588,0.6,3544.941176470588,1.3404007244658216,7919.402868549831,0.0,0.0,2024-07,False
KAPASITOR 300UF 300 MFD UF 250V 250 VAC CAPASITOR STARTING AC MOTOR,0.95,58900.0,0.57,35340.0,0.7538903760111191,46741.20331268938,0.0,0.0,2024-07,False
KAPASITOR 30UF 450 VAC CAPASITOR BULET CONDENSATOR SPAREPARTS DINAMO,2.27,69477.8155737705,1.63,49889.35655737705,1.9397101069660954,59368.64364685859,2.0,66000.0,2024-07,True
KAPASITOR 35 UF 450VAC CAPASITOR BULET CONDENSATOR SPAREPARTS,1.61,58803.93464052288,2.35,85831.83006535948,1.9918976888204523,72752.43571677418,4.0,152000.0,2024-07,True
KAPASITOR 4 UF 450V 4UF 450 V POMPA AIR CAPASITOR,3.01,27880.809090909086,5.23,48444.06363636364,4.155693066461357,38493.051503795235,2.0,19800.0,2024-07,True
KAPASITOR 40UF 450VAC CAPASITOR 40 UF 450 VAC BULET CONDENSATOR,2.73,108839.13793103448,1.32,52625.51724137931,2.0023300794096786,79828.52736129276,2.0,80000.0,2024-07,True
KAPASITOR 5 UF 450 V KOTAK CAPACITOR PETAK POMPA AIR SAN EI,4.17,40787.06785714286,4.48,43819.200000000004,4.3299841669382975,42351.884421406845,0.0,0.0,2024-07,False
KAPASITOR 50 UF 50UF 450VAC 450 VAC CAPASITOR BULET CONDENSATOR,2.83,135460.34461538462,2.32,111048.76307692307,2.566800241488607,122862.06546674883,7.0,338000.0,2024-07,True
KAPASITOR 500UF 500 MFD UF 250V 250 VAC CAPASITOR STARTING AC MOTOR,0.71,63190.0,0.09,8010.0,0.39003166612340484,34712.818284983034,0.0,0.0,2024-07,False
KAPASITOR 6 UF 450V KOTAK KABEL CAPACITOR PETAK SAN EI POMPA AIR.,3.47,42122.41463414635,1.59,19301.048780487807,2.499773439212905,30344.81074868934,10.0,139000.0,2024-07,True
KAPASITOR 8 UF 450V KOTAK KABEL SAN EI CAPACITOR PETAK POMPA AIR,1.65,22127.470588235294,2.23,29905.61176470588,1.9493252155619758,26141.597802577602,0.0,0.0,2024-07,False
KAPASITOR POMPA AIR 10UF 450VAC CAPASITOR BULET CONDENSATOR SPAREPART,1.63,23451.799145299145,3.55,51076.00427350427,2.6208696791017134,37708.042515520254,3.0,49200.0,2024-07,True
KAPASITOR POMPA AIR 12UF 450VAC CAPASITOR BULET CONDENSATOR SPAREPARTS,3.55,55500.811518324605,2.27,35489.25130890052,2.8894202139321905,45173.28639174301,2.0,33800.0,2024-07,True
KAPASITOR POMPA AIR 14 UF 450VAC CAPASITOR BULET CONDENSATOR SPAREPART,3.05,51046.3492063492,2.59,43347.555555555555,2.8126041393818806,47073.17150101992,0.0,0.0,2024-07,False
KAPASITOR POMPA AIR 16UF 450VAC CAPASITOR BULET CONDENSATOR SPAREPARTS,2.13,39078.74320241692,3.61,66232.04833836858,2.893795377640904,53091.96546627699,0.0,0.0,2024-07,False
KAPASITOR POMPA AIR 20UF 450VAC CAPASITOR BULET CONDENSATOR SPAREPARTS,3.95,94141.38043478261,4.88,116306.31304347825,4.429952500814893,105580.21359170416,3.0,74700.0,2024-07,True
KAPASITOR POMPA AIR 20UF 450VAC CAPASITOR KOTAK 20 UF 450V CONDENSATOR,1.17,27826.169491525423,0.31,7372.745762711865,0.7261729562356906,17270.60834220205,0.0,0.0,2024-07,False
KAPASITOR POMPA AIR 25UF 450VAC CAPASITOR BULET CONDENSATOR SPAREPARTS,1.31,35550.05531914894,2.31,62687.50212765957,1.826077957865476,49555.09344976809,4.0,120000.0,2024-07,True
KAPASITOR POMPA AIR 6 UF 450VAC CAPASITOR BULET CONDENSATOR SPAREPARTS,3.47,40633.4132231405,2.95,34544.25619834711,3.201639461909952,37490.933500662904,1.0,13900.0,2024-07,True
KAPASITOR POMPA AIR 8UF 450VAC CAPASITOR BULET CONDENSATOR SPAREPARTS,2.09,28707.404,1.92,26372.352,2.002266747162869,27502.335132330303,3.0,47700.0,2024-07,True
KARET SEAL ORING BLENDER BUMBU CHOPPER GELAS NATIONAL MIYAKO PAKING,2.09,7412.635036496349,2.33,8263.846715328467,2.213858709887714,7851.926621419271,0.0,0.0,2024-07,False
KARET SEAL ORING BLENDER PHILIP 1741,1.03,4120.0,0.75,3000.0,0.8854981717976667,3541.9926871906664,0.0,0.0,2024-07,False
KIPAS IMPELLER JET DAB 255 IMPELAR GADING MESIN POMPA AIR SPAREPARTS,1.2,26694.85714285714,0.58,12902.514285714286,0.8800316661234049,19576.933006962372,0.0,0.0,2024-07,False
KIPAS PENDINGIN GP 125 NATIONAL NASIONAL PANASONIC FAN POMPA AIR,0.91,4585.225806451614,0.89,4484.451612903226,0.8996784408426904,4533.218466439621,0.0,0.0,2024-07,False
KLEP TABOK KARET SEDOT PLENES POMPA AIR PLENNES PLANES OVAL PACKING,2.4,6608.24427480916,1.12,3083.847328244275,1.7394202139321906,4789.380695918635,0.0,0.0,2024-07,False
KNOP KOMPOR GAS HITACHI TODACHI TOMBOL PUTARAN CETEKAN PEMANTIK,1.21,3299.029411764706,0.53,1445.0294117647059,0.8590669886514762,2342.220877882113,0.0,0.0,2024-07,False
KNOP KOMPOR GAS RINNAI TOMBOL PUTARAN CETEKAN SWITCH PEMANTIK,6.93,20063.602409638555,1.88,5442.939759036144,4.323806312779346,12518.200686275624,1.0,2900.0,2024-07,True
"Kabel Buntung AC Power listrik Colokan Gepeng Oval SNI Serbaguna 1,2m",2.39,14290.208333333334,0.76,4544.166666666667,1.548792928679274,9260.49105272816,0.0,0.0,2024-07,False
Karet seal Oring sil blender Mounting gelas Nasional Miyako Gmc sanex,7.6,27234.197089397087,6.58,23579.081164241165,7.073600482977214,25347.872326981036,2.0,7800.0,2024-07,True
LAMPU GOSOKAN BAJU SETERIKA SETRIKA INDIKATOR RESISTOR 1 PCS,5.21,4270.443820224719,7.83,6417.960674157303,6.562124249607547,5378.729932683939,0.0,0.0,2024-07,False
"LEHER KIPAS ANGIN COSMOS DINDING WALL FAN PLAT 12"" 16""",3.2,19959.40298507463,2.22,13846.835820895523,2.6942436012918334,16804.84180566951,0.0,0.0,2024-07,False
"LEHER KIPAS ANGINCOSMOS TIANG BERDIRI STAND FAN PLAT 12"" 16"" SPAREPART",1.93,11875.53125,0.54,3322.6875,1.2126516385669883,7461.5971135575,0.0,0.0,2024-07,False
LEM KOREA HANDSOME SEBAGUNA MULTIFUNGSI EPOTEC BESI POWERGLUE ( 1pcs),6.95,17890.563636363637,5.57,14338.192727272726,6.2378124181456425,16057.263312019273,1.0,2800.0,2024-07,True
LEM PIPA ISARPLAS TUBE 45GR FOX FITING PVC,0.4,3777.2727272727275,0.48,4532.727272727272,0.44128623662923805,4167.1461663511,0.0,0.0,2024-07,False
LIS KIPAS ANGIN MULTI RING GAWANG PENGIKAT KIPAS ANGIN,1.95,18171.11111111111,0.66,6150.222222222223,1.2842594343535358,11967.395321605542,13.0,122200.0,2024-07,True
"Leher kipas angin COSMOS Dinding wall fan kipas angin COSMOS 12"" 16""",1.67,10046.743194444443,2.2,13235.230555555556,1.943521317668702,11692.251240446545,10.0,67000.0,2024-07,True
"Leher kipas angin COSMOS tiang berdiri stand fan leher Cosmos 12"" 16"".",2.87,17252.36842105263,3.63,21820.939849624057,3.262219247977762,19610.107434272333,0.0,0.0,2024-07,False
MOUNTING PISAU BLENDER JUS PHILIP HR 2061 2115 2116 2071 MANGKOK GELAS,0.79,28835.0,0.23,8395.0,0.5009963435953334,18286.36654122967,0.0,0.0,2024-07,False
MOUNTING PISAU BLENDER NATIONAL MIYAKO LAMA MANGKOK JUS JUICE GELAS,0.64,18061.241379310344,0.43,12134.896551724138,0.53162362884825,15002.785443083027,0.0,0.0,2024-07,False
NITTO ISOLASI LISTRIK 3/4 INCH 25 METER HITAM ISOLASI KABEL.,2.0,15860.439560439561,3.34,26486.934065934067,2.6915444635397376,21344.539144103866,0.0,0.0,2024-07,False
ORING KARET TUTUP IMPELLE SHIMIZU 4 BAUT PS 128 130 135 SEMI JETPAM,1.35,2385.9782608695655,2.42,4277.086956521739,1.9022034149160592,3361.9377746233827,1.0,1800.0,2024-07,True
OTOMATIS MAGIC COM RICE COOKER KAKI PIN 3 ELEMENT THERMOSTAT MTS PER.,1.85,14937.258064516129,1.15,9285.322580645161,1.4887454294941667,12020.418742012578,3.0,23700.0,2024-07,True
OTOMATIS PER MAGIC COM RICE COOKER KAKI PIN 2 ELEMEN THERMOSTAT MTS,1.79,14607.186813186814,0.5,4080.21978021978,1.124259434353536,9174.451164295997,0.0,0.0,2024-07,False
OTOMATIS PM5 PRESSURE SWITCH JETPUMP POMPA AIR SAN-EI PM 5 SEMI,1.43,80842.66666666667,0.34,19221.333333333336,0.8674750259266311,49041.254799052214,0.0,0.0,2024-07,False
PINION KIPAS ANGIN MASPION / PEN STOP/ TARIKAN GEARBOX DINAMO,2.01,6684.772727272727,0.93,3092.954545454546,1.4526358055052857,4831.114534975913,0.0,0.0,2024-07,False
PINION PANASONIC NASIONAL PEN STOP TARIKAN GEARBOX KIPAS ANGIN GEAR,12.0,42757.57575757576,25.99,92605.78282828283,19.219930630538006,68483.13666588163,0.0,0.0,2024-07,False
PISAU BLENDER MASPION JUS + SEAL PUTIH MOUNTING SPAREPART STAINLES,0.56,7488.0,0.38,5081.142857142857,0.4671059675842143,6245.874080840351,0.0,0.0,2024-07,False
RADAR PELAMPUNG AIR OTOMATIS TOREN ST 70 AB ORIGINAL SHINTUNG POMPA,0.29,16202.843749999998,0.35,19555.15625,0.32096467747192853,17932.898339126907,0.0,0.0,2024-07,False
SEAL BLENDER JUS PHILIP BARU 2061 2071 2115 2116 KARET PISAU MOUNTING,1.04,3932.5,0.48,1815.0,0.7509963435953335,2839.704924219855,0.0,0.0,2024-07,False
SEAL KARET PENGAMAN TABUNG GAS LPG ELPIJI REGULATOR SILIKON,28.4,17634.625,17.4,10804.3125,22.72314246347976,14109.651273416965,30.0,18000.0,2024-07,True
SEAL PDL 255 PEDROLO SIL POMPA AIR MS 14 PDR KARET SPAREPARTS MACHANIC,17.65,118469.66216216216,15.29,102628.95945945945,16.432056019437475,110294.62466019722,0.0,0.0,2024-07,False
SEAL SANYO 100 101 PH 100 SIL POMPA AIR,0.63,4471.9838709677415,0.4,2839.3548387096776,0.5113020696909405,3629.420014048111,0.0,0.0,2024-07,False
SEAL SHIMIZU SMZ 230 GOLSTAR GS 250 SIL POMPA AIR PS 226,3.89,30444.368421052633,2.11,16513.526315789473,2.971381234999453,23254.967876022034,0.0,0.0,2024-07,False
SEAL SIL POMPA AIR PANASONIC NATIONAL NASIONAL GP 200 MECHANICAL,1.85,12118.516483516485,0.56,3668.307692307693,1.184259434353536,7757.549987012559,1.0,7500.0,2024-07,True
SELANG PEMBUANGAN AIR MESIN CUCI MULTI 1-2 TABUNG PANJANG SAMPAI 2M,0.69,8719.875,0.62,7835.25,0.6538745429494166,8263.339536523252,0.0,0.0,2024-07,False
SELANG PEMBUANGAN MESIN CUCI MULTI 1.2 METER,0.43,3667.2857142857147,0.43,3667.2857142857147,0.42999999999999994,3667.285714285714,0.0,0.0,2024-07,False
SINGER OIL MINYAK PELUMAS MESIN JAHIT RANTAI SEPEDA 80CC,3.08,22683.29411764706,2.04,15024.0,2.543278923819905,18730.501250720714,2.0,15400.0,2024-07,True
SNAP RING S12 RETAINER CIRCLIP POMPA AIR EXTERNAL EKSTERNAL RETAINING,5.87,5412.485294117647,6.18,5698.323529411764,6.029984166938297,5560.000106868106,0.0,0.0,2024-07,False
SPINER KIPAS ANGIN KUNCI MUR BALING MASPION FAN DINDING PLAFON DINAMO,1.69,4655.78431372549,1.19,3278.3333333333335,1.431961021067262,3944.912224704908,0.0,0.0,2024-07,False
STIK MIXER PHILIPS GARPU STICK KOCOKAN PENGADUK ADONAN KUE SEPASANG,0.52,13256.338028169015,0.42,10707.042253521127,0.4683922042134524,11940.702670793646,0.0,0.0,2024-07,False
SWITCH EXHAUST SAKLAR TARIKAN FAN DINAMO MASPION HEXOS DINDING,0.77,5731.88,0.63,4689.72,0.6977490858988333,5194.044195430915,0.0,0.0,2024-07,False
SWITCH FAN KIPAS ANGIN MASPION LURUS 4 PIN SAKLAR ON OFF TIANG BERDIRI,0.72,5518.7027027027025,0.68,5212.108108108108,0.699356881685381,5360.475990431732,5.0,43500.0,2024-07,True
SYNCHRONOUS MOTOR ROTARY ROTARI SINKRONUS SWING DINAMO KIPAS ANGIN,6.25,78733.72395833334,2.08,26202.583333333336,4.097954915700965,51623.5601802392,0.0,0.0,2024-07,False
Siltip sealtape isolatip Hachi sealtape isolasi keranpipa air.,1.89,5451.923076923077,3.71,10701.923076923078,2.829261883315166,8161.332355716826,4.0,11600.0,2024-07,True
Swit tembok kipas angin wall fan saklar tarikan DinamoDindingPlafon,1.53,7622.012195121952,1.73,8618.353658536585,1.6332155915730953,8136.202062897676,0.0,0.0,2024-07,False
Switch Micro 3 Pin Saklar Mikro Otomatis Rice Cooker Majic Com Jer lim,4.96,29561.6,1.37,8165.200000000001,3.1072801312629412,18519.38958232713,0.0,0.0,2024-07,False
Switch Micro Limid Tombol Pin 3 Magicom Rice Cooker Majic Com Jer,1.57,9420.0,2.78,16680.0,2.194454329017226,13166.725974103354,0.0,0.0,2024-07,False
"T Kuningan Tebal Tee Jet Pump 3 Way 1"" Sambungan Otomatis Pompa Air",0.88,28107.2,0.76,24274.4,0.8180706450561428,26129.176403093203,0.0,0.0,2024-07,False
TABUNG ANGIN 2 LITER TANGKI PRESSURE TANK SPART PART POMPA AIR,0.28,16962.75,0.2,12116.25,0.23871376337076194,14461.578177204972,0.0,0.0,2024-07,False
TABUNG POMPA AIR PVC FIBER TENGKI OTOMATIS 2 LITER,1.37,37703.54166666667,0.34,9357.083333333334,0.8384397033985598,23074.559337281196,0.0,0.0,2024-07,False
TALI PEMBUANGAN AIR DRAIN REM MESIN CUCI 2 TABUNG TARIKAN,1.68,7886.836363636364,0.78,3661.745454545455,1.2155298379210715,5706.360075476739,0.0,0.0,2024-07,False
TERMOSTAT BIMETAL PENGATUR SUHU SAKLAR OTOMATIS DISPENSER MAGIC COM,4.97,21285.656565656565,3.94,16874.343434343435,4.43843970339856,19009.075093343326,0.0,0.0,2024-07,False
TIMAH SOLDER 0.8mm 10M 60/40 TIM TINOL TENOL KAWAT KWALITAS BAGUS,0.96,16701.073170731706,0.37,6436.871951219511,0.6555140048593692,11403.945166245525,0.0,0.0,2024-07,False
"TUSEN KLEP 1/2"" INCH TUSSEN TOSSEN PVC PLASTIK FOOT VALVE",0.67,3907.157894736842,0.68,3965.4736842105262,0.6751607795786547,3937.253388279734,0.0,0.0,2024-07,False
"TUSEN KLEP 3/4"" INCH TUSSEN TOSSEN PVC PLASTIK FOOT VALVE",0.83,5572.857142857143,0.57,3827.142857142857,0.6958197309549762,4671.932479269126,0.0,0.0,2024-07,False
Tarikan pinion baut gearbox kipas angin cabutan Cosmos Miyako Multifan,2.67,5226.63813559322,1.08,2114.145762711865,1.849436046993893,3620.34942792474,0.0,0.0,2024-07,False
Tarikan pinion socket gerbox cabutan kipas angin CosmosMiyakoMaspion,3.81,7438.238293515358,5.94,11596.62348122867,4.909246050253464,9584.289229208487,0.0,0.0,2024-07,False
Tutup sendok Blender Nasional National tutup gelas juice blender NS.,0.57,4639.065333333333,0.36,2929.9359999999997,0.46162362884825,3757.0213572586836,0.0,0.0,2024-07,False
"WATERMUR 1/2 "" INCH POLOS WATERMOER SAMBUNGAN PIPA UNION SOCKET PVC",0.97,7760.0,0.83,6640.0,0.8977490858988333,7181.992687190666,0.0,0.0,2024-07,False
"WATERMUR 3/4 "" INCH POLOS WATERMOER SAMBUNGAN PIPA PVC UNION SOCKET",0.63,5040.0,0.82,6560.0,0.7280548119944403,5824.438495955523,0.0,0.0,2024-07,False
"WATERMUR 3/4""INCH DRAT LUAR WATER MUR UNION SOCKET SANYO PVC 1 × 3/4""",4.93,39440.0,4.4,35200.0,4.656478682331297,37251.829458650376,0.0,0.0,2024-07,False
"WATERMUR1/2"" INCH DRAT LUAR WATERMOR UNION SOCKET SANYO PCV 1×1/2""",2.6,20800.0,1.13,9040.0,1.8413654019377503,14730.923215502004,0.0,0.0,2024-07,False
arang blender Philip,1.89,8632.93846153846,0.96,4384.984615384616,1.410047499185107,6440.663115508589,0.0,0.0,2024-07,False
bearing nkn 608 2RS ball laher.,0.97,5662.722735849056,1.3,7589.216037735849,1.140305726095607,6656.94346492831,0.0,0.0,2024-07,False
bos kipasangin dinamoNational boshing fanpanasonic KDK dindingportable,6.27,18836.289999999997,1.74,5227.295789473684,3.932166850869393,11812.988059228492,0.0,0.0,2024-07,False
carbon arang blender Philips brush karbon kaleng bulet,13.93,60003.84946236559,13.76,59271.569892473126,13.842266747162867,59625.93611734887,7.0,31500.0,2024-07,True
drat besar kopel gear gigi karet pisau blender.,1.89,5164.182692307692,5.87,16039.022435897436,3.9439902723045943,10776.447779293803,3.0,10500.0,2024-07,True
gear konektor Miyako baru blender/ gigi lower mesin dinamo Blender.,10.76,34613.14478114478,11.54,37122.27609427609,11.16254080713507,35908.052145241905,0.0,0.0,2024-07,False
"kapasitas kipas angin 1,5uf mikro 450V capasitor kotak spareparts",2.01,6804.755405405404,0.73,2471.378828828829,1.3494202139321905,4568.395271103677,30.0,101000.0,2024-07,True
"kapasitor 3 uf capasitor 3,0 mickro 450V kotak.spartparts kipas angin",2.96,17440.935064935064,1.78,10488.129870129871,2.351028009718738,13852.745558563527,0.0,0.0,2024-07,False
"kapasitor 3,5uf mickro 450V kotak capasitor kipas angin spareparts",2.71,17693.677419354837,0.47,3068.6451612903224,1.5539853743813337,10146.020637896192,0.0,0.0,2024-07,False
kapasitor 4 uf mickro capasitor kipas angin 450V kotak spareparts,1.27,11295.0625,3.13,27837.4375,2.229905001629785,19832.217608244904,0.0,0.0,2024-07,False
kapasitor kipas angin 2 uf mickro 450V capasitor kotak spareparts,3.09,14232.896538461539,1.59,7323.723461538462,2.315883063201786,10667.22460638395,0.0,0.0,2024-07,False
"kapasitor kipas angin 2,5uf mickro kotak 450V capasitor spareparts",3.91,18909.32530120482,3.09,14943.68674698795,3.486816074550309,16862.74665451198,5.0,25500.0,2024-07,True
konektor blender maspion conektor kecil gigi atas mesin gear ger lower,6.07,21132.411290322583,6.94,24161.27419354839,6.518987823342965,22695.540672073854,0.0,0.0,2024-07,False
kopel Miyako baru pisau baut flange gigi blender gear upper konektor.,4.63,14673.04608294931,7.41,23483.211981566823,6.064696722866023,19219.77850836389,3.0,10500.0,2024-07,True
kopel gigi karet blender drat lobang kecil gear RRT pisau blender,1.37,4011.8507462686566,2.11,6178.8358208955215,1.7518976888204523,5130.183978307055,0.0,0.0,2024-07,False
oring seal AS kipas angin umum.,24.32,12042.847626459145,27.81,13771.035875486381,26.12111207295051,12934.727488824232,20.0,10000.0,2024-07,True
seal 2 ply mounting bumbu blender Philip karet 2061-2071-2115-2116mill,1.04,4016.551724137931,1.19,4595.862068965517,1.1174116936798213,4315.521023866896,0.0,0.0,2024-07,False
seal pompa air Shimizu 100- 125/sil pompa air Shimizu simitsu 125.,10.93,63646.96040229886,8.28,48215.629655172415,9.562393411656487,55683.1907431751,0.0,0.0,2024-07,False
seal pompa air Toyomoto 125 sil TM 125 marcanical seal Ty mekanik,2.45,14140.000000000002,1.08,6233.142857142858,1.742973197724298,10059.445312580234,0.0,0.0,2024-07,False
seal sil pompa air Panasonic National GP125 Nasional Spareparts pompa,4.27,23830.34926829268,11.54,64403.332682926826,8.02188675368201,44769.1716934269,0.0,0.0,2024-07,False
spiner AS kipas angin Cosmos Miyako/kunci mur baling kipas angin,3.11,9736.373333333333,3.1,9705.066666666666,3.1048392204213453,9720.216652732424,0.0,0.0,2024-07,False
AS 6mm KIPAS ANGIN KECIL 7 IN 9 IN BATANG BESI,7.91,52992.53107344633,17.74,118847.97740112993,12.973313524450461,86913.87105815456,103.0,544700.0,2024-08,True
"AS DINAMO KIPAS ANGIN MODEL COSMOS,MIYAKO,UMUM-RRT.",12.57,81303.82978723405,13.55,87642.55319148937,13.074786088907576,84568.82917080645,0.0,0.0,2024-08,False
AS EXHAUST FAN MASPION EXOS EXSOS EXAUST KIPAS ANGIN,11.26,64802.448979591834,9.92,57090.61224489796,10.569782286595766,60830.17560857155,30.0,150000.0,2024-08,True
AS EXHAUST PANASONIC NATIONAL DINAMO MASPION EXOSOS FAN KIPAS ANGIN,1.81,10983.485981308411,4.04,24515.6261682243,2.958645896187643,17953.726919576042,0.0,0.0,2024-08,False
AS Exhaust/Exaust/Exsos Maspion Panasonic National multi kipas angin.,4.14,24155.01818181818,1.82,10618.872727272728,2.944996197688192,17182.71417887529,0.0,0.0,2024-08,False
AS FAN KIPAS ANGIN COSMOS MOYAKO DRAT KASAR DINAMO PLAFON DINDING PORT,16.53,105277.73333333334,15.28,97316.62222222221,15.886140192719932,101177.06176074516,0.0,0.0,2024-08,False
AS KIPAS ANGIN MIYAKO COSMOS SEKAI FAN DINAMO DRAT HALUS,32.69,208398.75,14.2,90525.0,23.166025730713223,147683.4140332968,40.0,260000.0,2024-08,True
AS KIPAS ANGIN MIYAKO COSMOS SEKAI FAN DINAMO DRAT HALUS - KASAR - as drat halus,10.06,62590.28301886793,8.83,54937.59433962264,9.426441949636413,58648.47609231334,10.0,55000.0,2024-08,True
AS KIPAS ANGIN MIYAKO COSMOS SEKAI FAN DINAMO DRAT HALUS - KASAR - as drat kasar,16.34,100491.0,5.82,35793.0,10.921275861930942,67165.8465508753,20.0,110000.0,2024-08,True
AS KIPAS ANGIN REGENCY 10 CM DIAMETER 10 MM,5.05,42245.192307692305,12.49,104483.65384615384,8.882253572930969,74303.46738894176,32.0,272000.0,2024-08,True
"AS fan kipas angin Maspion16""panjang20,5cm plafonportabledindingdinamo",16.92,109362.48175182483,10.65,68836.31386861314,13.690399206683177,88487.94523735733,40.0,260000.0,2024-08,True
"AS fan kipas angindinding portable panasonic Nasional KDK pajang20,5cm",1.02,9319.090909090908,1.44,13156.363636363636,1.2363368952461031,11295.623452021215,0.0,0.0,2024-08,False
"AS kipas angin model Maspion 18,5 cm.AS Maspion 12""/inci",17.6,112228.89552238808,10.87,69314.0962686567,14.13345879760411,90124.00402081182,0.0,0.0,2024-08,False
"AS kipas angin model Maspion 20,5 cm.AS Maspion 16""/inci",21.42,138596.4055581948,20.87,135037.67432304038,21.13670168479677,136763.3463524123,49.0,318500.0,2024-08,True
Arang Mixer karbon carbon brush mixer blender umum,13.91,60865.648648648654,4.14,18115.297297297297,8.877591746298982,38845.462262859604,12.0,54000.0,2024-08,True
Arang blender carbon brush bostel arang sepul blender plat kotak.,13.54,60580.089887640446,4.93,22057.595505617977,9.105093647454886,40737.621240635235,0.0,0.0,2024-08,False
BEARING 629 NKN 2 RS BERING BUSHING BALL LAHER BANTALAN,1.73,11882.9375,3.55,24384.0625,2.6674598793997797,18322.115046627237,0.0,0.0,2024-08,False
"BOS KIPAS ANGIN BOSHING BOSSING BOSING BREKET KUPING 7 "" 9 "" IN AS 6MM",2.99,18548.774774774778,1.44,8933.18918918919,2.1916138389727147,13595.903509158661,14.0,91000.0,2024-08,True
BOSHING BOSSING BOSING KIPAS ANGIN REGENCY 10MM BULET BOS MESIN CUCI,18.7,64904.583333333336,9.29,32244.041666666664,13.853023370795643,48081.53528280321,17.0,59500.0,2024-08,True
BOSHING BOSSING BOSING KIPAS ANGIN REGENCY 10MM GUCI BOS MESIN CUCI,7.83,27157.050000000003,2.13,7387.55,4.8939992788028865,16974.020831981346,5.0,17500.0,2024-08,True
"BOSHING BOSSING BOSING KIPAS ANGIN REGENCY BOS MESIN CUCI 12 "" GUCI",3.46,16237.285714285716,2.76,12952.285714285714,3.0994385079231614,14545.222140753694,0.0,0.0,2024-08,False
Bos kipas angin boshing Maspion Gentong guci Dinamofandindingportable,6.29,14307.653333333332,13.25,30139.333333333332,9.875011406935423,22462.35928030911,0.0,0.0,2024-08,False
Bos mesin cuci bulet 10mm boshing fan kipasangin dinamo regenci umum,5.11,16197.355263157897,6.25,19810.855263157897,5.697200144239423,18058.625194043118,0.0,0.0,2024-08,False
CASING COVER TUTUP IMPELLER CAP SHIMIZU GOLDSTAR 130 PS 128 130 135,1.91,44156.18421052631,1.24,28666.84210526316,1.5648911432978831,36177.81235229449,0.0,0.0,2024-08,False
ELEMEN BODY SAMPING MAGIC COM PEMANAS RICE COOKER KABEL SABUK HEATER,22.18,252921.3125,13.36,152345.75,17.636925199831836,201116.0626693324,4.0,47200.0,2024-08,True
ELEMEN TUTUP ATAS MAGIC COM JAR PEMANAS TOP HEATER RICE COOKER KOTAK,31.51,287535.4447592068,14.0,127752.97450424929,22.4908118196208,205233.4363551346,3.0,24000.0,2024-08,True
FUSE KIPAS ANGIN SEIRING THERMAL 2A THERMOFUSE KOTAK 250V,22.52,25443.64912280702,24.22,27364.35087719298,23.395649337900892,26432.979251944165,0.0,0.0,2024-08,False
GEAR GIGI MIXER MASPION BARU MT 1150 ADONAN MESIN (SEPASANG),2.17,16998.333333333332,2.31,18095.0,2.2421122984153676,17563.213004253714,0.0,0.0,2024-08,False
GEAR GIGI MIXER MASPION SEPASANG,2.38,18732.583333333332,2.88,22668.0,2.6375439229120277,20759.66862658675,0.0,0.0,2024-08,False
GEAR GIGI MIXER MIYAKO HM 620 625 650 GRIGI SESET SEPASANG,11.73,88820.75541401273,17.5,132511.78343949045,14.7020568704048,111325.47292149448,105.0,426800.0,2024-08,True
GEAR GIGI MIXER MIYAKO HM 625 HM 620 628 650 GRIGI,13.02,50577.692307692305,7.7,29911.538461538465,10.279732660216027,39932.807641608415,10.0,25000.0,2024-08,True
GEAR GIGI MIXER PHILIP SESET SEPASANG.,4.06,31261.999999999996,6.71,51667.0,5.424982791433745,41772.36749403984,0.0,0.0,2024-08,False
GEAR KOPEL BLENDER PHILIP BARU 2061 2071 2115 2116 PLASTIK GIGI BAGUS,10.21,32209.660377358494,1.98,6246.33962264151,5.970827028868028,18836.269419372344,0.0,0.0,2024-08,False
GEAR KOPEL BLENDER PHILIP BARU 2061 2071 2115 2116 PLASTIK GIGI PISAU,3.64,10273.586206896553,1.64,4628.758620689655,2.60982430835189,7366.004125469041,0.0,0.0,2024-08,False
GEAR KOPEL BLENDER PHILIP LAMA 2815 COPEL BAUT UPPER MOUNTING PISAU,2.91,7995.784615384616,3.39,9314.676923076922,3.1572421659955463,8675.130013027763,0.0,0.0,2024-08,False
GEARBOX KIPAS ANGIN COSMOS / SEKAI / MIYAKO / RRT KOTAK GEARBOK GIRBOK,2.96,24574.287581699344,17.34,143958.8333333333,10.366963222949911,86067.81607759184,5.0,29000.0,2024-08,True
GEARBOX WALLFAN MIYAKO TARIK WALL FAN GEAR BOX KIPAS ANGIN DINDING,2.93,43485.826315789476,2.38,35322.95789473684,2.6467016847967697,39281.23200504427,0.0,0.0,2024-08,False
Gear Kopel Maspion Upper Blender Mounting Baut Pisau Flange gigi Spare,7.6,22137.59448275862,10.42,30351.807172413795,9.052547725223835,26368.635602213722,5.0,17500.0,2024-08,True
Gear Kopel Maspion Upper Blender Mounting Baut Pisau Flange gigi putih,3.72,11662.88888888889,3.74,11725.592592592593,3.7303017569164814,11695.18680455482,0.0,0.0,2024-08,False
Gear box kipas angin Maspion bintang girbok/gear bok kipas angin12 16,1.02,12812.966057142858,2.46,30901.859314285717,1.7617264979866392,22130.335118305848,0.0,0.0,2024-08,False
"Gear box/girbox/gearbox/gear bok kipas angin Cosmos Miyako,umum.rrt",6.5,43083.499005964215,12.11,80267.87276341948,9.389642815072948,62236.71798300837,0.0,0.0,2024-08,False
"Gigi konektor Miyako lama gear lower panasonic,nasional drat besar POM",17.18,59019.727891156464,12.08,41499.31972789116,14.55305198629732,49995.17859238195,2.0,7200.0,2024-08,True
Gigi konektor blender Miyako drat lubang kecil gear lower National,4.45,15753.0,3.51,12425.4,3.9658174249253886,14038.993684235875,3.0,10800.0,2024-08,True
Gigi konektor blender Miyako drat lubang kecil gear lower National RRT,14.22,48699.453896907224,33.96,116303.33715463919,24.387834076566847,83521.39249347328,6.0,21600.0,2024-08,True
IMPELLER JET DAB 370 KIPAS IMPELAR GADING MESIN POMPA AIR SPAREPARTS,2.62,61690.083333333336,1.38,32493.249999999996,1.981291071178172,46651.1493467827,0.0,0.0,2024-08,False
IMPELLER KUNINGAN NATIONAL PANASONIC GP 125 129 POMPA AIR KIPAS SANEI,2.59,69199.19108280254,2.25,60115.12738853503,2.4148701324198214,64520.10028319379,0.0,0.0,2024-08,False
IMPELLER KUNINGAN POMPA AIR SHIMIZU PS 105 130 135 KIPAS GOLSTAR SANEI,5.34,147706.03053435113,1.57,43426.67938931298,3.3981188212433127,93993.00418912322,0.0,0.0,2024-08,False
IMPELLER KUNINGAN PS 226 230 SHIMIZU POMPA AIR KIPAS BIT SPAREPARTS.,1.05,50946.0,0.33,16011.6,0.6791367510066804,32951.715158844134,0.0,0.0,2024-08,False
IMPELLER KUNINGAN SANYO SY 136 PWH IMPELER KIPAS POMPA AIR,0.94,25283.314285714285,0.76,20441.828571428574,0.8472841877516701,22789.523838554924,0.0,0.0,2024-08,False
KABEL TIES 10CM CABLE TIES KABEL TIS CABLE TIE 2.5 × 100MM ISI 100PCS,1.86,9012.68292682927,1.7,8237.39837398374,1.777585944668151,8613.343276603398,2.0,11000.0,2024-08,True
"KAPASITOR 1,5UF, 2UF, 2,5UF, 3UF, 3,5UF MIKRO CAPASITOR KIPAS ANGIN - 1,5UF",45.39,161922.32886723508,22.5,80265.52984165652,33.59963920908738,119861.90416026201,3.0,10800.0,2024-08,True
"KAPASITOR 1,5UF, 2UF, 2,5UF, 3UF, 3,5UF MIKRO CAPASITOR KIPAS ANGIN - 2,5UF",29.99,148465.32207578255,18.19,90049.49011532127,23.91196341927615,118376.03702924856,32.0,166150.0,2024-08,True
"KAPASITOR 1,5UF, 2UF, 2,5UF, 3UF, 3,5UF MIKRO CAPASITOR KIPAS ANGIN - 2UF",62.2,298099.6381578948,29.09,139416.6957236842,45.145441424765544,216363.98317043475,54.0,263000.0,2024-08,True
"KAPASITOR 1,5UF, 2UF, 2,5UF, 3UF, 3,5UF MIKRO CAPASITOR KIPAS ANGIN - 3,5UF",11.68,77415.85964912281,7.15,47390.70175438597,9.346652058417032,61950.265748595695,12.0,74400.0,2024-08,True
"KAPASITOR 1,5UF, 2UF, 2,5UF, 3UF, 3,5UF MIKRO CAPASITOR KIPAS ANGIN - 3UF",14.17,81053.17857142858,10.49,60003.37637362638,12.274476727367478,70210.68130234018,17.0,97400.0,2024-08,True
"KAPASITOR 1.5UF 1,5UF 1.5 UF 1,5 UF 450V MIKRO CAPASITOR KIPAS ANGIN",75.59,265723.6788321168,31.31,110064.93430656934,52.78191018691085,185545.75143077565,40.0,136000.0,2024-08,True
KAPASITOR 10 UF 450V KOTAK KABEL SAN EI CAPACITOR PETAK POMPA AIR,3.48,49033.2,2.17,30575.3,2.805234921970488,39525.760050564175,0.0,0.0,2024-08,False
KAPASITOR 100UF 100 MFD UF 250V 250 VAC CAPASITOR STARTING AC MOTOR,5.89,176246.92307692306,1.04,31120.0,3.391823947753333,101493.80889815743,1.0,23000.0,2024-08,True
KAPASITOR 12 UF 450V KOTAK KABEL SAN EI CAPACITOR PETAK POMPA AIR,1.68,26230.7027027027,0.98,15301.243243243243,1.3194385079231614,20601.07097370839,10.0,155000.0,2024-08,True
KAPASITOR 150UF 150 MFD UF 250V 250 VAC CAPASITOR STARTING AC MOTOR,6.84,246240.0,1.37,49320.00000000001,4.0224694833424195,144808.9014003271,0.0,0.0,2024-08,False
KAPASITOR 200UF 200 MFD UF 250V 250 VAC CAPASITOR STARTING AC MOTOR,1.36,59610.94736842105,0.96,42078.31578947368,1.153964861670378,50580.10193679425,0.0,0.0,2024-08,False
KAPASITOR 250UF 250 MFD UF 250V 250 VAC CAPASITOR STARTING AC MOTOR,1.47,80850.0,0.53,29150.0,0.9858174249253884,54219.95837089636,0.0,0.0,2024-08,False
KAPASITOR 2UF 2 UF 400V 400 V 450V 450 V VOLT CAPASITOR KIPAS ANGIN,6.36,29612.16,9.9,46094.4,8.183410974217155,38101.961495955074,0.0,0.0,2024-08,False
KAPASITOR 3 UF 450V 3UF 450 V 400 VOLT CAPASITOR 3 MICKO KIPAS ANGIN,4.19,24755.505882352943,1.17,6912.6352941176465,2.634434705611354,15564.860107741435,1.0,6300.0,2024-08,True
KAPASITOR 300UF 300 MFD UF 250V 250 VAC CAPASITOR STARTING AC MOTOR,1.86,115320.0,1.11,68820.0,1.4736841156319587,91368.41516918143,0.0,0.0,2024-08,False
KAPASITOR 30UF 450 VAC CAPASITOR BULET CONDENSATOR SPAREPARTS DINAMO,4.45,136201.00409836066,3.2,97942.29508196721,3.8061401927199316,116494.40808709721,0.0,0.0,2024-08,False
KAPASITOR 35 UF 450VAC CAPASITOR BULET CONDENSATOR SPAREPARTS,3.17,115781.66013071894,4.61,168376.48366013073,3.9117264979866393,142872.61448397997,1.0,34500.0,2024-08,True
KAPASITOR 4 UF 450V 4UF 450 V POMPA AIR CAPASITOR,5.92,54835.34545454545,10.28,95220.83636363635,8.165783007792879,75637.42096945603,9.0,76500.0,2024-08,True
KAPASITOR 40UF 450VAC CAPASITOR 40 UF 450 VAC BULET CONDENSATOR,5.37,214090.1724137931,2.59,103257.64367816092,3.9380557886091268,157001.68394012365,1.0,40000.0,2024-08,True
KAPASITOR 5 UF 450 V KOTAK CAPACITOR PETAK POMPA AIR SAN EI,8.2,80204.78571428571,8.81,86171.2392857143,8.514203585952673,83278.0334316021,22.0,198000.0,2024-08,True
KAPASITOR 50 UF 50UF 450VAC 450 VAC CAPASITOR BULET CONDENSATOR,5.55,265655.44615384616,4.56,218268.25846153844,5.040063032634185,241246.8817257552,4.0,196000.0,2024-08,True
KAPASITOR 500UF 500 MFD UF 250V 250 VAC CAPASITOR STARTING AC MOTOR,1.39,123709.99999999999,0.18,16020.0,0.7667437065528935,68240.18988320752,0.0,0.0,2024-08,False
KAPASITOR 6 UF 450V KOTAK KABEL CAPACITOR PETAK SAN EI POMPA AIR.,6.81,82666.75609756098,3.13,37995.14634146341,4.914476727367477,59656.95285879984,0.0,0.0,2024-08,False
KAPASITOR 8 UF 450V KOTAK KABEL SAN EI CAPACITOR PETAK POMPA AIR,3.25,43584.41176470588,4.37,58604.2705882353,3.8268983873229416,51320.95849069907,11.0,140800.0,2024-08,True
KAPASITOR POMPA AIR 10UF 450VAC CAPASITOR BULET CONDENSATOR SPAREPART,3.2,46040.34188034188,6.97,100281.61965811966,5.141881178756687,73979.36480564163,0.0,0.0,2024-08,False
KAPASITOR POMPA AIR 12UF 450VAC CAPASITOR BULET CONDENSATOR SPAREPARTS,6.97,108969.19895287958,4.46,69727.78010471204,5.677129506981622,88756.4210512975,11.0,170500.0,2024-08,True
KAPASITOR POMPA AIR 14 UF 450VAC CAPASITOR BULET CONDENSATOR SPAREPART,6.0,100419.04761904762,5.09,85188.8253968254,5.53127006030011,92574.14526318152,2.0,35800.0,2024-08,True
KAPASITOR POMPA AIR 16UF 450VAC CAPASITOR BULET CONDENSATOR SPAREPARTS,4.19,76873.20845921451,7.09,130079.00906344411,5.68375475288976,104278.86967779134,4.0,78600.0,2024-08,True
KAPASITOR POMPA AIR 20UF 450VAC CAPASITOR BULET CONDENSATOR SPAREPARTS,7.75,184707.77173913043,9.58,228322.63913043478,8.69261075785802,207173.2598296192,1.0,21800.0,2024-08,True
KAPASITOR POMPA AIR 20UF 450VAC CAPASITOR KOTAK 20 UF 450V CONDENSATOR,2.3,54701.01694915254,0.61,14507.661016949152,1.429501540557347,33997.9078255944,0.0,0.0,2024-08,False
KAPASITOR POMPA AIR 25UF 450VAC CAPASITOR BULET CONDENSATOR SPAREPARTS,2.57,69743.23829787233,4.53,122932.6340425532,3.579572177815148,97140.44957268317,1.0,30000.0,2024-08,True
KAPASITOR POMPA AIR 6 UF 450VAC CAPASITOR BULET CONDENSATOR SPAREPARTS,6.81,79744.53719008264,5.79,67800.42148760331,6.284610397259463,73592.26836261929,4.0,52500.0,2024-08,True
KAPASITOR POMPA AIR 8UF 450VAC CAPASITOR BULET CONDENSATOR SPAREPARTS,4.11,56453.316000000006,3.78,51920.568,3.940021010878062,54118.55259701671,0.0,0.0,2024-08,False
KARET SEAL ORING BLENDER BUMBU CHOPPER GELAS NATIONAL MIYAKO PAKING,4.11,14577.0,4.57,16208.48905109489,4.346940409079066,15417.360180814,2.0,7800.0,2024-08,True
KARET SEAL ORING BLENDER PHILIP 1741,2.02,8080.0,1.47,5880.0,1.7367016847967696,6946.806739187078,6.0,24000.0,2024-08,True
KIPAS IMPELLER JET DAB 255 IMPELAR GADING MESIN POMPA AIR SPAREPARTS,2.36,52499.885714285716,1.15,25582.571428571428,1.7367437065528935,38635.10428348808,0.0,0.0,2024-08,False
KIPAS PENDINGIN GP 125 NATIONAL NASIONAL PANASONIC FAN POMPA AIR,1.78,8968.903225806453,1.75,8817.741935483871,1.7645473646252783,8891.041882402209,0.0,0.0,2024-08,False
KLEP TABOK KARET SEDOT PLENES POMPA AIR PLENNES PLANES OVAL PACKING,4.71,12968.679389312976,2.2,6057.557251908397,3.417129506981622,9408.844375330313,5.0,14500.0,2024-08,True
KNOP KOMPOR GAS HITACHI TODACHI TOMBOL PUTARAN CETEKAN PEMANTIK,2.38,6489.0,1.03,2808.264705882353,1.6846314081375258,4593.097986304372,0.0,0.0,2024-08,False
KNOP KOMPOR GAS RINNAI TOMBOL PUTARAN CETEKAN SWITCH PEMANTIK,13.62,39432.36144578313,3.7,10712.168674698796,8.510328569425374,24638.939219673703,0.0,0.0,2024-08,False
"Kabel Buntung AC Power listrik Colokan Gepeng Oval SNI Serbaguna 1,2m",4.69,28042.29166666667,1.48,8849.166666666668,3.0365680149047836,18156.146255784854,0.0,0.0,2024-08,False
Karet seal Oring sil blender Mounting gelas Nasional Miyako Gmc sanex,14.93,53500.86349272349,12.92,46298.13505197505,13.89467342989365,49790.825616122725,10.0,39000.0,2024-08,True
LAMPU GOSOKAN BAJU SETERIKA SETRIKA INDIKATOR RESISTOR 1 PCS,10.24,8393.348314606741,15.38,12606.41573033708,12.887551527535642,10563.448134086799,35.0,28875.0,2024-08,True
"LEHER KIPAS ANGIN COSMOS DINDING WALL FAN PLAT 12"" 16""",6.29,39232.701492537315,4.36,27194.686567164183,5.295880457559575,33032.06631662905,0.0,0.0,2024-08,False
"LEHER KIPAS ANGINCOSMOS TIANG BERDIRI STAND FAN PLAT 12"" 16"" SPAREPART",3.8,23381.875,1.06,6522.3125,2.3886593024420897,14697.719270338983,0.0,0.0,2024-08,False
LEM KOREA HANDSOME SEBAGUNA MULTIFUNGSI EPOTEC BESI POWERGLUE ( 1pcs),13.65,35137.58181818182,10.95,28187.290909090905,12.25926281627505,31557.571445967664,3.0,8400.0,2024-08,True
LEM PIPA ISARPLAS TUBE 45GR FOX FITING PVC,0.79,7460.113636363637,0.94,8876.590909090908,0.8672631768736082,8189.723863431459,0.0,0.0,2024-08,False
LIS KIPAS ANGIN MULTI RING GAWANG PENGIKAT KIPAS ANGIN,3.82,35596.74074074074,1.29,12020.888888888889,2.516827750065141,23453.105996903312,5.0,47000.0,2024-08,True
"Leher kipas angin COSMOS Dinding wall fan kipas angin COSMOS 12"" 16""",3.27,19672.365416666667,4.33,26049.34013888889,3.815993116573498,22957.06758921056,0.0,0.0,2024-08,False
"Leher kipas angin COSMOS tiang berdiri stand fan leher Cosmos 12"" 16"".",5.63,33843.496240601504,7.13,42860.41353383458,6.402631768736082,38488.0007451466,0.0,0.0,2024-08,False
MOUNTING PISAU BLENDER JUS PHILIP HR 2061 2115 2116 2071 MANGKOK GELAS,1.55,56575.0,0.44,16060.0,0.978252491135299,35706.21592643841,0.0,0.0,2024-08,False
MOUNTING PISAU BLENDER NATIONAL MIYAKO LAMA MANGKOK JUS JUICE GELAS,1.26,35558.06896551724,0.84,23705.379310344826,1.043663104753897,29452.89258381342,0.0,0.0,2024-08,False
NITTO ISOLASI LISTRIK 3/4 INCH 25 METER HITAM ISOLASI KABEL.,3.93,31165.76373626374,6.56,52022.241758241755,5.284681034517265,41908.682072081145,0.0,0.0,2024-08,False
ORING KARET TUTUP IMPELLE SHIMIZU 4 BAUT PS 128 130 135 SEMI JETPAM,2.65,4683.586956521739,4.75,8395.108695652174,3.7316844762305155,6595.346693859585,0.0,0.0,2024-08,False
OTOMATIS MAGIC COM RICE COOKER KAKI PIN 3 ELEMENT THERMOSTAT MTS PER.,3.64,29390.064516129034,2.26,18247.677419354837,2.9291787727628043,23650.756349113868,0.0,0.0,2024-08,False
OTOMATIS PER MAGIC COM RICE COOKER KAKI PIN 2 ELEMEN THERMOSTAT MTS,3.51,28643.142857142855,0.97,7915.626373626374,2.2016768716069,17966.651042365756,0.0,0.0,2024-08,False
OTOMATIS PM5 PRESSURE SWITCH JETPUMP POMPA AIR SAN-EI PM 5 SEMI,2.8,158293.33333333334,0.67,37877.333333333336,1.7028628883947627,96268.51529058392,0.0,0.0,2024-08,False
PINION KIPAS ANGIN MASPION / PEN STOP/ TARIKAN GEARBOX DINAMO,3.95,13136.742424242426,1.82,6052.878787878789,2.852862888394763,9487.930363676523,15.0,52500.0,2024-08,True
PINION PANASONIC NASIONAL PEN STOP TARIKAN GEARBOX KIPAS ANGIN GEAR,23.57,83983.00505050505,51.04,181862.22222222222,37.71946312478679,134399.4001744297,5.0,22500.0,2024-08,True
PISAU BLENDER MASPION JUS + SEAL PUTIH MOUNTING SPAREPART STAINLES,1.1,14708.57142857143,0.74,9894.857142857141,0.9145683755033402,12229.085706730377,0.0,0.0,2024-08,False
RADAR PELAMPUNG AIR OTOMATIS TOREN ST 70 AB ORIGINAL SHINTUNG POMPA,0.58,32405.687499999996,0.69,38551.59375,0.636659663040646,35571.3691109491,0.0,0.0,2024-08,False
SEAL BLENDER JUS PHILIP BARU 2061 2071 2115 2116 KARET PISAU MOUNTING,2.04,7713.75,0.94,3554.375,1.4734033695935396,5571.306491275572,0.0,0.0,2024-08,False
SEAL KARET PENGAMAN TABUNG GAS LPG ELPIJI REGULATOR SILIKON,55.79,34642.103125,34.17,21217.434375,44.65380077328393,27727.219417660992,34.0,20400.0,2024-08,True
SEAL PDL 255 PEDROLO SIL POMPA AIR MS 14 PDR KARET SPAREPARTS MACHANIC,34.68,232777.7837837838,30.03,201566.22972972976,32.28484151691814,216701.09164126002,50.0,300000.0,2024-08,True
SEAL SANYO 100 101 PH 100 SIL POMPA AIR,1.23,8731.016129032258,0.79,5607.725806451613,1.003361347837416,7122.247244891077,0.0,0.0,2024-08,False
SEAL SHIMIZU SMZ 230 GOLSTAR GS 250 SIL POMPA AIR PS 226,7.65,59871.31578947369,4.14,32400.94736842105,5.842041661157568,45721.66289548054,0.0,0.0,2024-08,False
SEAL SIL POMPA AIR PANASONIC NATIONAL NASIONAL GP 200 MECHANICAL,3.64,23844.0,1.1,7205.604395604397,2.3316768716069003,15273.764650163443,25.0,112500.0,2024-08,True
SELANG PEMBUANGAN AIR MESIN CUCI MULTI 1-2 TABUNG PANJANG SAMPAI 2M,1.36,17187.0,1.22,15417.75,1.2878877015846322,16275.680828775789,0.0,0.0,2024-08,False
SELANG PEMBUANGAN MESIN CUCI MULTI 1.2 METER,0.84,7164.0,0.85,7249.285714285715,0.8451508784582404,7207.929634850994,0.0,0.0,2024-08,False
SINGER OIL MINYAK PELUMAS MESIN JAHIT RANTAI SEPEDA 80CC,6.05,44556.470588235294,4.01,29532.470588235294,4.999220794518928,36817.7907925747,1.0,7700.0,2024-08,True
SNAP RING S12 RETAINER CIRCLIP POMPA AIR EXTERNAL EKSTERNAL RETAINING,11.52,10622.117647058823,12.13,11184.573529411764,11.834203585952674,10911.831835871068,0.0,0.0,2024-08,False
SPINER KIPAS ANGIN KUNCI MUR BALING MASPION FAN DINDING PLAFON DINAMO,3.33,9173.823529411766,2.33,6418.921568627451,2.814912154175945,7754.807012974908,0.0,0.0,2024-08,False
STIK MIXER PHILIPS GARPU STICK KOCOKAN PENGADUK ADONAN KUE SEPASANG,1.02,26002.816901408452,0.83,21159.154929577464,0.9221333092934295,23507.905490438134,0.0,0.0,2024-08,False
SWITCH EXHAUST SAKLAR TARIKAN FAN DINAMO MASPION HEXOS DINDING,1.52,11314.880000000001,1.23,9156.119999999999,1.370624524711024,10202.928961948863,0.0,0.0,2024-08,False
SWITCH FAN KIPAS ANGIN MASPION LURUS 4 PIN SAKLAR ON OFF TIANG BERDIRI,1.41,10807.459459459458,1.34,10270.91891891892,1.3739438507923163,10531.09394823516,0.0,0.0,2024-08,False
SYNCHRONOUS MOTOR ROTARY ROTARI SINKRONUS SWING DINAMO KIPAS ANGIN,12.28,154696.02083333334,4.09,51523.348958333336,8.06143054270099,101553.03152932752,0.0,0.0,2024-08,False
Siltip sealtape isolatip Hachi sealtape isolasi keranpipa air.,3.72,10730.769230769232,7.29,21028.846153846156,5.558863609591876,16035.183489207337,0.0,0.0,2024-08,False
Swit tembok kipas angin wall fan saklar tarikan DinamoDindingPlafon,3.01,14994.939024390244,3.39,16887.987804878052,3.2057333814131406,15970.02544277156,1.0,5200.0,2024-08,True
Switch Micro 3 Pin Saklar Mikro Otomatis Rice Cooker Majic Com Jer lim,9.74,58050.4,2.69,16032.4,6.108630686940413,36407.43889416486,0.0,0.0,2024-08,False
Switch Micro Limid Tombol Pin 3 Magicom Rice Cooker Majic Com Jer,3.09,18540.0,5.46,32760.0,4.31075819460301,25864.54916761806,0.0,0.0,2024-08,False
"T Kuningan Tebal Tee Jet Pump 3 Way 1"" Sambungan Otomatis Pompa Air",1.73,55256.2,1.5,47910.0,1.6115297954604673,51472.261667007326,0.0,0.0,2024-08,False
TABUNG ANGIN 2 LITER TANGKI PRESSURE TANK SPART PART POMPA AIR,0.55,33319.6875,0.39,23626.6875,0.4675859446681512,28326.941010427432,0.0,0.0,2024-08,False
TABUNG POMPA AIR PVC FIBER TENGKI OTOMATIS 2 LITER,2.7,74306.25,0.67,18438.958333333332,1.6543716729771685,45529.68708339249,0.0,0.0,2024-08,False
TALI PEMBUANGAN AIR DRAIN REM MESIN CUCI 2 TABUNG TARIKAN,3.3,15492.0,1.53,7182.654545454546,2.388294512891423,11211.95714961028,0.0,0.0,2024-08,False
TERMOSTAT BIMETAL PENGATUR SUHU SAKLAR OTOMATIS DISPENSER MAGIC COM,9.77,41843.23232323232,7.74,33149.09090909091,8.724371672977169,37364.98575093252,0.0,0.0,2024-08,False
TIMAH SOLDER 0.8mm 10M 60/40 TIM TINOL TENOL KAWAT KWALITAS BAGUS,1.89,32880.237804878045,0.73,12699.774390243902,1.2924980988440962,22485.52637690299,1.0,17900.0,2024-08,True
"TUSEN KLEP 1/2"" INCH TUSSEN TOSSEN PVC PLASTIK FOOT VALVE",1.31,7639.368421052632,1.33,7756.0,1.3203017569164812,7699.44392980769,0.0,0.0,2024-08,False
"TUSEN KLEP 3/4"" INCH TUSSEN TOSSEN PVC PLASTIK FOOT VALVE",1.62,10877.142857142859,1.11,7452.857142857144,1.357305198629732,9113.334905085343,0.0,0.0,2024-08,False
Tarikan pinion baut gearbox kipas angin cabutan Cosmos Miyako Multifan,5.24,10257.522033898305,2.13,4169.565254237288,3.638076799487189,7121.689490792762,7.0,14000.0,2024-08,True
Tarikan pinion socket gerbox cabutan kipas angin CosmosMiyakoMaspion,7.49,14622.67843003413,11.67,22783.26532423208,9.64306719554455,18826.097554026568,5.0,10000.0,2024-08,True
Tutup sendok Blender Nasional National tutup gelas juice blender NS.,1.13,9196.743555555555,0.7,5697.097777777777,0.9085122262956562,7394.118550732749,2.0,19000.0,2024-08,True
"WATERMUR 1/2 "" INCH POLOS WATERMOER SAMBUNGAN PIPA UNION SOCKET PVC",1.91,15280.0,1.64,13120.0,1.770926281627505,14167.410253020042,0.0,0.0,2024-08,False
"WATERMUR 3/4 "" INCH POLOS WATERMOER SAMBUNGAN PIPA PVC UNION SOCKET",1.23,9840.0,1.61,12880.0,1.425733381413141,11405.867051305127,0.0,0.0,2024-08,False
"WATERMUR 3/4""INCH DRAT LUAR WATER MUR UNION SOCKET SANYO PVC 1 × 3/4""",9.69,77520.0,8.65,69200.0,9.154308640342983,73234.46912274386,0.0,0.0,2024-08,False
"WATERMUR1/2"" INCH DRAT LUAR WATERMOR UNION SOCKET SANYO PCV 1×1/2""",5.11,40880.0,2.22,17760.0,3.6213961255684812,28971.16900454785,0.0,0.0,2024-08,False
arang blender Philip,3.72,16991.815384615384,1.89,8632.93846153846,2.7773892421419792,12686.259476799287,0.0,0.0,2024-08,False
bearing nkn 608 2RS ball laher.,1.91,11150.30971698113,2.55,14886.539150943394,2.239656221327395,13074.796087625182,0.0,0.0,2024-08,False
bos kipasangin dinamoNational boshing fanpanasonic KDK dindingportable,12.31,36981.61561403509,3.42,10274.34,7.730869050624151,23225.022550172438,10.0,32000.0,2024-08,True
carbon arang blender Philips brush karbon kaleng bulet,27.37,117897.01075268819,27.03,116432.45161290324,27.194870132419823,117142.63414029442,0.0,0.0,2024-08,False
drat besar kopel gear gigi karet pisau blender.,3.72,10164.423076923078,11.53,31504.246794871793,7.74283607588587,21156.30690606636,0.0,0.0,2024-08,False
gear konektor Miyako baru blender/ gigi lower mesin dinamo Blender.,21.14,68003.89225589225,22.67,72925.64983164983,21.928084404110805,70539.02976325745,2.0,7000.0,2024-08,True
"kapasitas kipas angin 1,5uf mikro 450V capasitor kotak spareparts",3.95,13372.529279279279,1.44,4875.048648648648,2.6571295069816223,8995.580286316115,15.0,55500.0,2024-08,True
"kapasitor 3 uf capasitor 3,0 mickro 450V kotak.spartparts kipas angin",5.81,34233.72727272727,3.5,20622.727272727272,4.6201470761464325,27222.866603216058,0.0,0.0,2024-08,False
"kapasitor 3,5uf mickro 450V kotak capasitor kipas angin spareparts",5.32,34734.45161290323,0.92,6006.709677419355,3.053613478374158,19937.14090396547,0.0,0.0,2024-08,False
kapasitor 4 uf mickro capasitor kipas angin 450V kotak spareparts,2.49,22145.437500000004,6.15,54696.5625,4.375221515716041,38912.126355399545,1.0,9900.0,2024-08,True
kapasitor kipas angin 2 uf mickro 450V capasitor kotak spareparts,6.08,28005.18153846154,3.12,14371.080000000002,4.555339976360798,20982.421547268954,0.0,0.0,2024-08,False
"kapasitor kipas angin 2,5uf mickro kotak 450V capasitor spareparts",7.67,37093.22891566265,6.07,29355.39759036145,6.845859446681512,33107.56604696336,12.0,61200.0,2024-08,True
konektor blender maspion conektor kecil gigi atas mesin gear ger lower,11.92,41498.903225806454,13.63,47452.18548387097,12.800800216359134,44565.36655969547,0.0,0.0,2024-08,False
kopel Miyako baru pisau baut flange gigi blender gear upper konektor.,9.09,28807.341013824884,14.55,46110.7603686636,11.90237963819934,37720.122014699016,0.0,0.0,2024-08,False
kopel gigi karet blender drat lobang kecil gear RRT pisau blender,2.7,7906.567164179105,4.15,12152.686567164179,3.4468773764448803,10093.69166057441,11.0,38500.0,2024-08,True
oring seal AS kipas angin umum.,47.77,23654.886147859925,54.62,27046.88887159533,51.29835174389478,25402.06552385812,0.0,0.0,2024-08,False
seal 2 ply mounting bumbu blender Philip karet 2061-2071-2115-2116mill,2.04,7878.620689655173,2.34,9037.241379310344,2.1945263537472166,8475.412124816836,0.0,0.0,2024-08,False
seal pompa air Shimizu 100- 125/sil pompa air Shimizu simitsu 125.,21.48,125081.12620689656,16.26,94684.31620689656,18.791241444798434,109424.09882407347,22.0,116000.0,2024-08,True
seal pompa air Toyomoto 125 sil TM 125 marcanical seal Ty mekanik,4.82,27818.285714285717,2.11,12177.714285714284,3.4241119378168112,19762.017469685597,0.0,0.0,2024-08,False
seal sil pompa air Panasonic National GP125 Nasional Spareparts pompa,8.38,46767.758048780495,22.67,126518.50536585366,15.740605316825746,87846.39868719025,1.0,4500.0,2024-08,True
spiner AS kipas angin Cosmos Miyako/kunci mur baling kipas angin,6.1,19097.066666666666,6.09,19065.76,6.09484912154176,19080.9409831734,0.0,0.0,2024-08,False
AS 6mm KIPAS ANGIN KECIL 7 IN 9 IN BATANG BESI,38.95,260942.9943502825,21.38,143233.9209039548,30.48330585791467,204220.9270413289,6.0,30000.0,2024-09,True
"AS DINAMO KIPAS ANGIN MODEL COSMOS,MIYAKO,UMUM-RRT.",22.86,147860.4255319149,24.63,159308.93617021275,23.712933900483268,153377.27459035986,0.0,0.0,2024-09,False
AS EXHAUST FAN MASPION EXOS EXSOS EXAUST KIPAS ANGIN,23.1,132942.85714285716,13.57,78096.73469387756,18.507649677059007,106513.41242715593,16.0,72000.0,2024-09,True
AS EXHAUST PANASONIC NATIONAL DINAMO MASPION EXOSOS FAN KIPAS ANGIN,3.29,19964.457943925234,7.34,44540.766355140186,5.241628416360022,31807.376922827687,4.0,18000.0,2024-09,True
AS Exhaust/Exaust/Exsos Maspion Panasonic National multi kipas angin.,7.52,43875.78181818182,3.3,19254.0,5.486451378508816,32010.949952063256,0.0,0.0,2024-09,False
AS FAN KIPAS ANGIN COSMOS MOYAKO DRAT KASAR DINAMO PLAFON DINDING PORT,30.05,191385.11111111112,27.78,176927.73333333334,28.956124319719198,184418.33844514494,0.0,0.0,2024-09,False
AS KIPAS ANGIN MIYAKO COSMOS SEKAI FAN DINAMO DRAT HALUS,56.81,362163.75,28.12,179265.0,42.984760675217515,274027.8493045117,52.0,286000.0,2024-09,True
AS KIPAS ANGIN MIYAKO COSMOS SEKAI FAN DINAMO DRAT HALUS - KASAR - as drat halus,13.9,86481.60377358491,16.22,100915.9433962264,15.017969858260557,93437.27473134751,38.0,209000.0,2024-09,True
AS KIPAS ANGIN MIYAKO COSMOS SEKAI FAN DINAMO DRAT HALUS - KASAR - as drat kasar,24.86,152889.0,9.31,57256.5,17.366710648296703,106805.27048702473,10.0,50000.0,2024-09,True
AS KIPAS ANGIN REGENCY 10 CM DIAMETER 10 MM,14.62,122301.92307692306,24.86,207963.46153846153,19.55448765025349,163580.81015115898,12.0,102000.0,2024-09,True
"AS fan kipas angin Maspion16""panjang20,5cm plafonportabledindingdinamo",32.1,207478.4671532847,21.93,141744.63503649636,27.199244198918166,175802.41414702215,0.0,0.0,2024-09,False
"AS fan kipas angindinding portable panasonic Nasional KDK pajang20,5cm",1.86,16993.636363636364,2.62,23937.272727272728,2.2262315052922514,20339.660571079206,1.0,13000.0,2024-09,True
"AS kipas angin model Maspion 18,5 cm.AS Maspion 12""/inci",32.0,204052.53731343284,19.77,126066.20820895523,26.106564066152327,166472.20744481476,19.0,104500.0,2024-09,True
"AS kipas angin model Maspion 20,5 cm.AS Maspion 16""/inci",40.19,260046.1969833729,45.15,292139.48230403796,42.58014245559153,275511.4235527951,111.0,721500.0,2024-09,True
Arang Mixer karbon carbon brush mixer blender umum,21.1,92326.75675675676,10.35,45288.24324324325,15.919751734353028,69659.6704268042,3.0,13500.0,2024-09,True
Arang blender carbon brush bostel arang sepul blender plat kotak.,24.62,110153.75280898876,8.96,40088.44943820225,17.073703456741246,76390.43501656588,8.0,36000.0,2024-09,True
BEARING 629 NKN 2 RS BERING BUSHING BALL LAHER BANTALAN,3.14,21567.875,6.45,44303.4375,4.735034582259673,32523.76878689613,2.0,15000.0,2024-09,True
"BOS KIPAS ANGIN BOSHING BOSSING BOSING BREKET KUPING 7 "" 9 "" IN AS 6MM",7.67,47581.639639639645,4.91,30459.693693693695,6.340001375517614,39330.85538001288,4.0,26000.0,2024-09,True
BOSHING BOSSING BOSING KIPAS ANGIN REGENCY 10MM BULET BOS MESIN CUCI,26.05,90415.20833333334,21.96,76219.5,24.079096241256174,83574.52987069331,12.0,42000.0,2024-09,True
BOSHING BOSSING BOSING KIPAS ANGIN REGENCY 10MM GUCI BOS MESIN CUCI,10.19,35342.316666666666,2.95,10231.583333333334,6.701163028531712,23241.86710395749,0.0,0.0,2024-09,False
"BOSHING BOSSING BOSING KIPAS ANGIN REGENCY BOS MESIN CUCI 12 "" GUCI",6.29,29518.07142857143,5.01,23511.214285714286,5.673189043718313,26623.46572659237,0.0,0.0,2024-09,False
Bos kipas angin boshing Maspion Gentong guci Dinamofandindingportable,11.43,25999.44,24.08,54773.97333333333,17.5258270288776,39865.414548353576,0.0,0.0,2024-09,False
Bos mesin cuci bulet 10mm boshing fan kipasangin dinamo regenci umum,9.29,29446.855263157893,11.37,36039.90789473684,10.29231780395774,32623.938933860787,0.0,0.0,2024-09,False
CASING COVER TUTUP IMPELLER CAP SHIMIZU GOLDSTAR 130 PS 128 130 135,3.48,80452.1052631579,2.26,52247.63157894737,2.892102057294018,66860.83308770513,1.0,23500.0,2024-09,True
ELEMEN BODY SAMPING MAGIC COM PEMANAS RICE COOKER KABEL SABUK HEATER,31.24,356233.625,27.44,312901.75,29.408842473538744,335352.70683107147,17.0,183000.0,2024-09,True
ELEMEN TUTUP ATAS MAGIC COM JAR PEMANAS TOP HEATER RICE COOKER KOTAK,43.29,395030.44759206794,27.2,248205.77903682718,35.536493526115365,324278.0536723026,54.0,432000.0,2024-09,True
FUSE KIPAS ANGIN SEIRING THERMAL 2A THERMOFUSE KOTAK 250V,40.95,46266.31578947369,44.03,49746.175438596496,42.43420136355281,47943.20294408423,30.0,39000.0,2024-09,True
GEAR GIGI MIXER MASPION BARU MT 1150 ADONAN MESIN (SEPASANG),3.95,30941.666666666668,4.21,32978.33333333333,4.075289725494718,31923.102849708626,0.0,0.0,2024-09,False
GEAR GIGI MIXER MASPION SEPASANG,4.33,34080.708333333336,5.24,41243.166666666664,4.768514039231512,37532.17925045136,0.0,0.0,2024-09,False
GEAR GIGI MIXER MIYAKO HM 620 625 650 GRIGI SESET SEPASANG,44.43,336428.48789808917,38.7,293040.3439490446,41.66880720352027,315520.4546477004,105.0,513200.0,2024-09,True
GEAR GIGI MIXER MIYAKO HM 625 HM 620 628 650 GRIGI,21.48,83441.53846153847,9.07,35233.46153846154,15.499825025425213,60210.858752613334,3.0,7500.0,2024-09,True
GEAR GIGI MIXER PHILIP SESET SEPASANG.,7.38,56826.0,12.21,94017.0,9.707497592844176,74747.73146490015,3.0,23700.0,2024-09,True
GEAR KOPEL BLENDER PHILIP BARU 2061 2071 2115 2116 PLASTIK GIGI BAGUS,18.57,58583.09433962264,3.59,11325.433962264151,11.351384277265891,35810.40473884636,3.0,10500.0,2024-09,True
GEAR KOPEL BLENDER PHILIP BARU 2061 2071 2115 2116 PLASTIK GIGI PISAU,6.62,18684.37931034483,2.99,8439.017241379312,4.870762678669905,13747.30776721144,3.0,10500.0,2024-09,True
GEAR KOPEL BLENDER PHILIP LAMA 2815 COPEL BAUT UPPER MOUNTING PISAU,5.29,14535.292307692307,6.17,16953.26153846154,5.714057532443659,15700.471927606732,3.0,10500.0,2024-09,True
GEARBOX KIPAS ANGIN COSMOS / SEKAI / MIYAKO / RRT KOTAK GEARBOK GIRBOK,4.9,40680.40849673203,38.11,316393.95261437906,20.903353014152188,173542.23256471544,15.0,87000.0,2024-09,True
GEARBOX WALLFAN MIYAKO TARIK WALL FAN GEAR BOX KIPAS ANGIN DINDING,5.33,79105.61578947368,4.34,64412.45263157895,4.852935276000883,72025.22202523626,7.0,105000.0,2024-09,True
Gear Kopel Maspion Upper Blender Mounting Baut Pisau Flange gigi Spare,11.81,34400.656689655174,18.6,54178.849655172424,15.081989369650508,43931.44271823674,3.0,10500.0,2024-09,True
Gear Kopel Maspion Upper Blender Mounting Baut Pisau Flange gigi putih,6.76,21193.85185185185,6.81,21350.61111111111,6.784094177979753,21269.39156170319,3.0,10500.0,2024-09,True
Gear box kipas angin Maspion bintang girbok/gear bok kipas angin12 16,1.86,23364.820457142858,4.48,56276.556800000006,3.122534926139077,39224.44511849321,2.0,29400.0,2024-09,True
"Gear box/girbox/gearbox/gear bok kipas angin Cosmos Miyako,umum.rrt",11.81,78279.40357852883,22.01,145887.35586481114,16.72521230786969,110858.56428317603,3.0,20700.0,2024-09,True
"Gigi konektor Miyako lama gear lower panasonic,nasional drat besar POM",20.19,69360.20408163266,30.44,104572.78911564627,25.12930648584944,86328.56990036713,5.0,14000.0,2024-09,True
Gigi konektor blender Miyako drat lubang kecil gear lower National,6.0,21240.0,5.27,18655.8,5.648225001495601,19994.71650529443,3.0,8400.0,2024-09,True
Gigi konektor blender Miyako drat lubang kecil gear lower National RRT,20.67,70788.86863917527,78.3,268155.2208247423,48.44094953946373,165896.46897465,15.0,42000.0,2024-09,True
IMPELLER JET DAB 370 KIPAS IMPELAR GADING MESIN POMPA AIR SPAREPARTS,4.76,112078.16666666666,2.51,59100.04166666666,3.675761990911098,86548.87921099423,0.0,0.0,2024-09,False
IMPELLER KUNINGAN NATIONAL PANASONIC GP 125 129 POMPA AIR KIPAS SANEI,4.71,125841.0,4.09,109275.94267515923,4.411232193051058,117858.57121140938,0.0,0.0,2024-09,False
IMPELLER KUNINGAN POMPA AIR SHIMIZU PS 105 130 135 KIPAS GOLSTAR SANEI,9.71,268581.5648854962,2.86,79108.47328244273,6.409097616773789,177277.59705633455,3.0,89400.0,2024-09,True
IMPELLER KUNINGAN PS 226 230 SHIMIZU POMPA AIR KIPAS BIT SPAREPARTS.,1.9,92188.0,0.6,29112.0,1.2735513725264123,61792.71259498152,0.0,0.0,2024-09,False
IMPELLER KUNINGAN SANYO SY 136 PWH IMPELER KIPAS POMPA AIR,1.71,45994.114285714284,1.39,37387.02857142857,1.5557972609295785,41846.50118397443,3.0,87000.0,2024-09,True
KABEL TIES 10CM CABLE TIES KABEL TIS CABLE TIE 2.5 × 100MM ISI 100PCS,2.81,13615.934959349595,4.92,23840.0,3.8267743107455923,18542.743814669702,1.0,5500.0,2024-09,True
"KAPASITOR 1,5UF, 2UF, 2,5UF, 3UF, 3,5UF MIKRO CAPASITOR KIPAS ANGIN - 1,5UF",52.43,187036.52131546894,50.53,180258.54323995128,51.51442123676937,183770.32511358117,53.0,180200.0,2024-09,True
"KAPASITOR 1,5UF, 2UF, 2,5UF, 3UF, 3,5UF MIKRO CAPASITOR KIPAS ANGIN - 2,5UF",41.76,206732.63920922572,38.76,191881.1565074135,40.31434932121479,199575.95385961185,29.0,143550.0,2024-09,True
"KAPASITOR 1,5UF, 2UF, 2,5UF, 3UF, 3,5UF MIKRO CAPASITOR KIPAS ANGIN - 2UF",93.0,445711.677631579,65.78,315257.1414473684,79.88312950782228,382847.78136980813,42.0,189000.0,2024-09,True
"KAPASITOR 1,5UF, 2UF, 2,5UF, 3UF, 3,5UF MIKRO CAPASITOR KIPAS ANGIN - 3,5UF",17.9,118642.45614035087,17.63,116852.87719298244,17.769891438909333,117780.0874670166,17.0,100300.0,2024-09,True
"KAPASITOR 1,5UF, 2UF, 2,5UF, 3UF, 3,5UF MIKRO CAPASITOR KIPAS ANGIN - 3UF",21.43,122580.77747252748,23.69,135508.10164835167,22.519056844684854,128810.242462413,10.0,55000.0,2024-09,True
"KAPASITOR 1.5UF 1,5UF 1.5 UF 1,5 UF 450V MIKRO CAPASITOR KIPAS ANGIN",112.86,396739.9708029197,74.01,260169.45985401463,94.13882370973164,330928.8868511442,46.0,156400.0,2024-09,True
KAPASITOR 10 UF 450V KOTAK KABEL SAN EI CAPACITOR PETAK POMPA AIR,6.33,89189.7,3.94,55514.6,5.178298292567789,72962.22294228015,0.0,0.0,2024-09,False
KAPASITOR 100UF 100 MFD UF 250V 250 VAC CAPASITOR STARTING AC MOTOR,8.71,260630.00000000003,1.19,35608.46153846154,5.086235631845094,152195.8200605955,5.0,115000.0,2024-09,True
KAPASITOR 12 UF 450V KOTAK KABEL SAN EI CAPACITOR PETAK POMPA AIR,5.05,78848.24324324324,1.94,30290.216216216217,3.5513421296593406,55448.92833254598,1.0,15500.0,2024-09,True
KAPASITOR 150UF 150 MFD UF 250V 250 VAC CAPASITOR STARTING AC MOTOR,12.43,447480.0,2.49,89640.00000000001,7.64007741762503,275042.7870345011,1.0,36000.0,2024-09,True
KAPASITOR 200UF 200 MFD UF 250V 250 VAC CAPASITOR STARTING AC MOTOR,2.48,108702.31578947368,1.75,76705.26315789473,2.128225001495601,93283.46217081771,2.0,88000.0,2024-09,True
KAPASITOR 250UF 250 MFD UF 250V 250 VAC CAPASITOR STARTING AC MOTOR,2.67,146850.0,0.96,52800.0,1.8459791130924348,101528.85122008392,0.0,0.0,2024-09,False
KAPASITOR 2UF 2 UF 400V 400 V 450V 450 V VOLT CAPASITOR KIPAS ANGIN,11.57,53869.92,18.0,83808.0,14.668511288196282,68296.58855784188,0.0,0.0,2024-09,False
KAPASITOR 3 UF 450V 3UF 450 V 400 VOLT CAPASITOR 3 MICKO KIPAS ANGIN,5.71,33736.02352941177,1.87,11048.4,3.8595671311549413,22803.230744306016,0.0,0.0,2024-09,False
KAPASITOR 300UF 300 MFD UF 250V 250 VAC CAPASITOR STARTING AC MOTOR,3.38,209560.0,2.02,125240.0,2.7246383589507084,168927.57825494392,4.0,248000.0,2024-09,True
KAPASITOR 30UF 450 VAC CAPASITOR BULET CONDENSATOR SPAREPARTS DINAMO,8.1,247916.43442622948,5.81,177826.4795081967,6.996486648527295,214141.23745847004,11.0,324500.0,2024-09,True
KAPASITOR 35 UF 450VAC CAPASITOR BULET CONDENSATOR SPAREPARTS,4.05,147922.94117647057,7.59,277218.54901960783,5.755867800966538,210228.36892392946,16.0,552000.0,2024-09,True
KAPASITOR 4 UF 450V 4UF 450 V POMPA AIR CAPASITOR,9.62,89107.43636363636,15.35,142182.86363636362,12.381192796479734,114683.61218484727,12.0,102000.0,2024-09,True
KAPASITOR 40UF 450VAC CAPASITOR 40 UF 450 VAC BULET CONDENSATOR,7.48,298211.2643678161,4.77,190169.48275862067,6.174095553497367,246147.70606098414,8.0,320000.0,2024-09,True
KAPASITOR 5 UF 450 V KOTAK CAPACITOR PETAK POMPA AIR SAN EI,16.14,157866.49285714288,20.73,202761.61071428572,18.351845538541358,179500.71205858293,41.0,373000.0,2024-09,True
KAPASITOR 50 UF 50UF 450VAC 450 VAC CAPASITOR BULET CONDENSATOR,8.05,385320.0615384616,15.42,738091.3476923077,11.601481834215647,555314.7446332071,18.0,882000.0,2024-09,True
KAPASITOR 500UF 500 MFD UF 250V 250 VAC CAPASITOR STARTING AC MOTOR,2.52,224280.0,0.32,28480.0,1.4598561688908518,129927.19903128581,0.0,0.0,2024-09,False
KAPASITOR 6 UF 450V KOTAK KABEL CAPACITOR PETAK SAN EI POMPA AIR.,12.38,150281.12195121954,5.69,69071.04878048782,9.156198986309,111147.32281673147,0.0,0.0,2024-09,False
KAPASITOR 8 UF 450V KOTAK KABEL SAN EI CAPACITOR PETAK POMPA AIR,7.38,98970.14117647058,8.88,119086.02352941177,8.1028253393926,108663.65416910147,10.0,128000.0,2024-09,True
KAPASITOR POMPA AIR 10UF 450VAC CAPASITOR BULET CONDENSATOR SPAREPART,5.81,83591.99572649572,12.68,182434.8547008547,9.120540054418113,131222.7444496131,7.0,94500.0,2024-09,True
KAPASITOR POMPA AIR 12UF 450VAC CAPASITOR BULET CONDENSATOR SPAREPARTS,11.81,184637.91099476442,14.09,220283.50261780104,12.908694515876753,201814.9355699454,8.0,124000.0,2024-09,True
KAPASITOR POMPA AIR 14 UF 450VAC CAPASITOR BULET CONDENSATOR SPAREPART,8.1,135565.7142857143,10.77,180252.19047619047,9.386629104118828,157099.39249814115,3.0,53700.0,2024-09,True
KAPASITOR POMPA AIR 16UF 450VAC CAPASITOR BULET CONDENSATOR SPAREPARTS,6.48,118887.44410876134,12.08,221629.67975830816,9.178547933732379,168397.2383443202,6.0,113400.0,2024-09,True
KAPASITOR POMPA AIR 20UF 450VAC CAPASITOR BULET CONDENSATOR SPAREPARTS,9.86,234995.952173913,23.72,565324.9478260869,16.53890613598763,394176.06443624606,27.0,588900.0,2024-09,True
KAPASITOR POMPA AIR 20UF 450VAC CAPASITOR KOTAK 20 UF 450V CONDENSATOR,4.19,99650.98305084747,1.11,26399.186440677968,2.705798636447193,64352.146553605104,10.0,218000.0,2024-09,True
KAPASITOR POMPA AIR 25UF 450VAC CAPASITOR BULET CONDENSATOR SPAREPARTS,3.19,86568.45531914894,10.94,296883.66808510636,6.924597586861772,187915.89868380246,4.0,103600.0,2024-09,True
KAPASITOR POMPA AIR 6 UF 450VAC CAPASITOR BULET CONDENSATOR SPAREPARTS,10.14,118738.56198347108,10.04,117567.57024793388,10.091811644040494,118174.28031769402,16.0,172800.0,2024-09,True
KAPASITOR POMPA AIR 8UF 450VAC CAPASITOR BULET CONDENSATOR SPAREPARTS,7.48,102742.28800000002,6.87,94363.572,7.186051028647009,98704.72250908386,7.0,89600.0,2024-09,True
KARET SEAL ORING BLENDER BUMBU CHOPPER GELAS NATIONAL MIYAKO PAKING,5.95,21102.956204379563,6.36,22557.109489051094,6.147572259433978,21803.688765393938,0.0,0.0,2024-09,False
KARET SEAL ORING BLENDER PHILIP 1741,4.19,16760.0,1.69,6760.0,2.985291101012332,11941.164404049328,0.0,0.0,2024-09,False
KIPAS IMPELLER JET DAB 255 IMPELAR GADING MESIN POMPA AIR SPAREPARTS,4.29,95434.11428571428,2.08,46271.08571428572,3.2250373332949014,71743.25907724029,0.0,0.0,2024-09,False
KIPAS PENDINGIN GP 125 NATIONAL NASIONAL PANASONIC FAN POMPA AIR,3.24,16325.419354838712,3.18,16023.09677419355,3.211086986424296,16179.735073531454,0.0,0.0,2024-09,False
KLEP TABOK KARET SEDOT PLENES POMPA AIR PLENNES PLANES OVAL PACKING,8.19,22550.63358778626,3.76,10352.91603053435,6.0552558309938505,16672.754032362456,2.0,5800.0,2024-09,True
KNOP KOMPOR GAS HITACHI TODACHI TOMBOL PUTARAN CETEKAN PEMANTIK,4.33,11805.617647058823,1.88,5125.764705882353,3.149385278992085,8586.706334193126,0.0,0.0,2024-09,False
KNOP KOMPOR GAS RINNAI TOMBOL PUTARAN CETEKAN SWITCH PEMANTIK,24.76,71684.67469879519,6.72,19455.614457831325,16.066820584904985,46516.349235574315,6.0,17400.0,2024-09,True
"Kabel Buntung AC Power listrik Colokan Gepeng Oval SNI Serbaguna 1,2m",8.52,50942.5,2.7,16143.750000000002,5.715437683156708,34173.55448054115,0.0,0.0,2024-09,False
Karet seal Oring sil blender Mounting gelas Nasional Miyako Gmc sanex,22.62,81057.57081081081,24.55,87973.62349272349,23.55003527001848,84390.3028955179,2.0,7800.0,2024-09,True
LAMPU GOSOKAN BAJU SETERIKA SETRIKA INDIKATOR RESISTOR 1 PCS,21.33,17483.41011235955,23.52,19278.47191011236,22.385324995513198,18348.420881153797,2.0,1650.0,2024-09,True
"LEHER KIPAS ANGIN COSMOS DINDING WALL FAN PLAT 12"" 16""",11.43,71292.49253731343,7.92,49399.522388059704,9.738588705821313,60742.63015168249,15.0,87000.0,2024-09,True
"LEHER KIPAS ANGINCOSMOS TIANG BERDIRI STAND FAN PLAT 12"" 16"" SPAREPART",6.9,42456.5625,1.92,11814.0,4.500219873216565,27690.415407385677,11.0,64900.0,2024-09,True
LEM KOREA HANDSOME SEBAGUNA MULTIFUNGSI EPOTEC BESI POWERGLUE ( 1pcs),18.67,48059.97454545455,21.17,54495.42909090909,19.87470889898767,51161.114289430436,15.0,42000.0,2024-09,True
LEM PIPA ISARPLAS TUBE 45GR FOX FITING PVC,1.43,13503.75,1.71,16147.840909090908,1.5649273966866188,14777.893939165684,3.0,28800.0,2024-09,True
LIS KIPAS ANGIN MULTI RING GAWANG PENGIKAT KIPAS ANGIN,6.76,62993.18518518518,2.1,19568.88888888889,4.514422612286986,42067.73071301502,0.0,0.0,2024-09,False
"Leher kipas angin COSMOS Dinding wall fan kipas angin COSMOS 12"" 16""",5.95,35795.282638888886,7.87,47346.02930555555,6.87521643442253,41361.39755860309,0.0,0.0,2024-09,False
"Leher kipas angin COSMOS tiang berdiri stand fan leher Cosmos 12"" 16"".",10.24,61555.48872180451,12.96,77906.16541353383,11.550723282098584,69434.61100780313,20.0,116500.0,2024-09,True
MOUNTING PISAU BLENDER JUS PHILIP HR 2061 2115 2116 2071 MANGKOK GELAS,2.81,102565.0,0.81,29565.000000000004,1.8462328808098654,67387.50014956009,2.0,56000.0,2024-09,True
MOUNTING PISAU BLENDER NATIONAL MIYAKO LAMA MANGKOK JUS JUICE GELAS,2.29,64625.379310344826,1.52,42895.448275862065,1.918949659111798,54154.08279369295,0.0,0.0,2024-09,False
NITTO ISOLASI LISTRIK 3/4 INCH 25 METER HITAM ISOLASI KABEL.,7.14,56621.769230769234,11.93,94607.52197802198,9.448222250460372,74926.47897851349,0.0,0.0,2024-09,False
ORING KARET TUTUP IMPELLE SHIMIZU 4 BAUT PS 128 130 135 SEMI JETPAM,4.81,8501.152173913042,8.64,15270.260869565218,6.655614033249107,11763.074367459834,9.0,16200.0,2024-09,True
OTOMATIS MAGIC COM RICE COOKER KAKI PIN 3 ELEMENT THERMOSTAT MTS PER.,6.62,53451.16129032258,4.11,33184.93548387097,5.410472265416381,43685.20025915226,1.0,8900.0,2024-09,True
OTOMATIS PER MAGIC COM RICE COOKER KAKI PIN 2 ELEMEN THERMOSTAT MTS,6.38,52063.604395604394,1.77,14443.978021978022,4.15851679026674,33935.32492804484,0.0,0.0,2024-09,False
OTOMATIS PM5 PRESSURE SWITCH JETPUMP POMPA AIR SAN-EI PM 5 SEMI,5.1,288320.0,1.21,68405.33333333333,3.225472953175188,182346.73761950398,3.0,165000.0,2024-09,True
PINION KIPAS ANGIN MASPION / PEN STOP/ TARIKAN GEARBOX DINAMO,8.1,26938.636363636364,4.03,13402.803030303032,6.1387339124480755,20415.940814884132,2.0,7000.0,2024-09,True
PINION PANASONIC NASIONAL PEN STOP TARIKAN GEARBOX KIPAS ANGIN GEAR,32.24,114875.35353535354,98.09,349507.5505050505,63.972032399335184,227940.75180672208,2.0,9000.0,2024-09,True
PISAU BLENDER MASPION JUS + SEAL PUTIH MOUNTING SPAREPART STAINLES,2.0,26742.85714285714,1.34,17917.714285714286,1.6819568506672558,22490.16588892216,0.0,0.0,2024-09,False
RADAR PELAMPUNG AIR OTOMATIS TOREN ST 70 AB ORIGINAL SHINTUNG POMPA,1.05,58665.46875,1.26,70398.5625,1.151195547514964,64319.45373131263,0.0,0.0,2024-09,False
SEAL BLENDER JUS PHILIP BARU 2061 2071 2115 2116 KARET PISAU MOUNTING,3.71,14028.4375,1.72,6503.75,2.751051716405816,10402.414302659492,0.0,0.0,2024-09,False
SEAL KARET PENGAMAN TABUNG GAS LPG ELPIJI REGULATOR SILIKON,81.62,50680.918750000004,63.47,39410.903125,72.87381339334954,45250.083503932976,80.0,48000.0,2024-09,True
SEAL PDL 255 PEDROLO SIL POMPA AIR MS 14 PDR KARET SPAREPARTS MACHANIC,56.67,380378.22972972976,55.41,371920.9054054054,56.062826714910216,376302.7841796744,60.0,360000.0,2024-09,True
SEAL SANYO 100 101 PH 100 SIL POMPA AIR,2.24,15900.387096774195,1.43,10150.693548387097,1.8496743167279954,13129.704303096625,24.0,108000.0,2024-09,True
SEAL SHIMIZU SMZ 230 GOLSTAR GS 250 SIL POMPA AIR PS 226,13.9,108785.78947368421,7.53,58932.15789473685,10.83040172537942,84762.14402968,0.0,0.0,2024-09,False
SEAL SIL POMPA AIR PANASONIC NATIONAL NASIONAL GP 200 MECHANICAL,12.05,78934.12087912089,1.47,9629.307692307693,6.9516719394841875,45537.27080358818,20.0,98000.0,2024-09,True
SELANG PEMBUANGAN AIR MESIN CUCI MULTI 1-2 TABUNG PANJANG SAMPAI 2M,2.48,31341.0,2.22,28055.250000000004,2.3547102745052824,29757.651094060508,0.0,0.0,2024-09,False
SELANG PEMBUANGAN MESIN CUCI MULTI 1.2 METER,1.52,12963.428571428572,1.54,13134.000000000002,1.5296376711919013,13045.624138593788,5.0,40000.0,2024-09,True
SINGER OIL MINYAK PELUMAS MESIN JAHIT RANTAI SEPEDA 80CC,7.76,57150.117647058825,12.09,89039.29411764706,9.846555813046642,72516.98751726115,4.0,30800.0,2024-09,True
SNAP RING S12 RETAINER CIRCLIP POMPA AIR EXTERNAL EKSTERNAL RETAINING,20.95,19317.132352941175,22.06,20340.61764705882,21.484890751150523,19810.33308966379,0.0,0.0,2024-09,False
SPINER KIPAS ANGIN KUNCI MUR BALING MASPION FAN DINDING PLAFON DINAMO,6.05,16667.156862745098,4.24,11680.784313725491,5.177790757132929,14264.305909356402,0.0,0.0,2024-09,False
STIK MIXER PHILIPS GARPU STICK KOCOKAN PENGADUK ADONAN KUE SEPASANG,1.86,47416.90140845071,1.51,38494.3661971831,1.6913407541417265,43117.27838023275,0.0,0.0,2024-09,False
SWITCH EXHAUST SAKLAR TARIKAN FAN DINAMO MASPION HEXOS DINDING,2.76,20545.44,2.24,16674.56,2.509420549010565,18680.126566834646,0.0,0.0,2024-09,False
SWITCH FAN KIPAS ANGIN MASPION LURUS 4 PIN SAKLAR ON OFF TIANG BERDIRI,2.57,19698.702702702703,2.43,18625.621621621623,2.502536301656691,19181.60257161723,2.0,14800.0,2024-09,True
SYNCHRONOUS MOTOR ROTARY ROTARI SINKRONUS SWING DINAMO KIPAS ANGIN,22.33,281299.8489583333,7.43,93598.65104166667,15.149934962033495,190849.72756599175,3.0,38100.0,2024-09,True
Siltip sealtape isolatip Hachi sealtape isolasi keranpipa air.,6.76,19500.0,13.25,38221.15384615385,9.887424301771986,28521.4162551115,2.0,5800.0,2024-09,True
Swit tembok kipas angin wall fan saklar tarikan DinamoDindingPlafon,2.29,11408.109756097561,7.23,36017.743902439026,4.670504784399633,23267.0878588689,0.0,0.0,2024-09,False
Switch Micro 3 Pin Saklar Mikro Otomatis Rice Cooker Majic Com Jer lim,17.71,105551.6,4.89,29144.399999999998,11.532252765991238,68732.22648530778,2.0,12000.0,2024-09,True
Switch Micro Limid Tombol Pin 3 Magicom Rice Cooker Majic Com Jer,5.62,33720.0,9.93,59580.0,7.69691814185474,46181.50885112844,0.0,0.0,2024-09,False
"T Kuningan Tebal Tee Jet Pump 3 Way 1"" Sambungan Otomatis Pompa Air",3.14,100291.6,2.73,87196.2,2.942427740566022,93981.14203367874,1.0,33700.0,2024-09,True
TABUNG ANGIN 2 LITER TANGKI PRESSURE TANK SPART PART POMPA AIR,1.0,60581.25,0.71,43012.6875,0.8602537677174305,52115.24856553158,3.0,171000.0,2024-09,True
TABUNG POMPA AIR PVC FIBER TENGKI OTOMATIS 2 LITER,4.9,134852.08333333334,1.23,33850.625,3.1314873362861033,86181.1410673738,0.0,0.0,2024-09,False
TALI PEMBUANGAN AIR DRAIN REM MESIN CUCI 2 TABUNG TARIKAN,6.0,28167.272727272728,2.77,13003.890909090911,4.443516102507933,20860.288321228152,6.0,28800.0,2024-09,True
TERMOSTAT BIMETAL PENGATUR SUHU SAKLAR OTOMATIS DISPENSER MAGIC COM,17.76,76063.0303030303,14.08,60302.22222222222,15.986668500690154,68468.1560029558,0.0,0.0,2024-09,False
TIMAH SOLDER 0.8mm 10M 60/40 TIM TINOL TENOL KAWAT KWALITAS BAGUS,2.81,48885.432926829264,1.79,31140.542682926825,2.3184787692130313,40334.462051473776,5.0,89500.0,2024-09,True
"TUSEN KLEP 1/2"" INCH TUSSEN TOSSEN PVC PLASTIK FOOT VALVE",2.38,13879.157894736842,2.42,14112.421052631578,2.3992753423838025,13991.563575585542,1.0,6500.0,2024-09,True
"TUSEN KLEP 3/4"" INCH TUSSEN TOSSEN PVC PLASTIK FOOT VALVE",2.95,19807.14285714286,2.02,13562.857142857143,2.5018482895765874,16798.12423001423,0.0,0.0,2024-09,False
Tarikan pinion baut gearbox kipas angin cabutan Cosmos Miyako Multifan,9.43,18459.624576271188,3.23,6322.86186440678,6.442321930510582,12611.118158717283,5.0,10000.0,2024-09,True
Tarikan pinion socket gerbox cabutan kipas angin CosmosMiyakoMaspion,11.52,22490.421296928325,19.26,37601.17310580205,15.249778751265822,29772.044166746,13.0,26000.0,2024-09,True
Tutup sendok Blender Nasional National tutup gelas juice blender NS.,2.1,17091.293333333335,1.38,11231.421333333332,1.7530438370915515,14267.517355201866,1.0,9500.0,2024-09,True
"WATERMUR 1/2 "" INCH POLOS WATERMOER SAMBUNGAN PIPA UNION SOCKET PVC",3.48,27840.0,2.98,23840.0,3.239058220202466,25912.46576161973,0.0,0.0,2024-09,False
"WATERMUR 3/4 "" INCH POLOS WATERMOER SAMBUNGAN PIPA PVC UNION SOCKET",2.24,17920.0,2.92,23360.0,2.5676808205246457,20541.446564197166,0.0,0.0,2024-09,False
"WATERMUR 3/4""INCH DRAT LUAR WATER MUR UNION SOCKET SANYO PVC 1 × 3/4""",17.62,140960.0,15.72,125760.0,16.70442123676937,133635.36989415495,2.0,16000.0,2024-09,True
"WATERMUR1/2"" INCH DRAT LUAR WATERMOR UNION SOCKET SANYO PCV 1×1/2""",9.29,74320.0,4.04,32320.0,6.760111312125896,54080.89049700717,2.0,16000.0,2024-09,True
arang blender Philip,6.76,30877.6,3.44,15712.861538461539,5.160146582144376,23569.96184982562,3.0,13500.0,2024-09,True
bearing nkn 608 2RS ball laher.,3.48,20315.74754716981,4.63,27029.28481132075,4.034166093534328,23550.890781493,0.0,0.0,2024-09,False
bos kipasangin dinamoNational boshing fanpanasonic KDK dindingportable,20.0,60083.85964912281,7.49,22501.405438596492,13.971636669465706,41973.49283583576,0.0,0.0,2024-09,False
carbon arang blender Philips brush karbon kaleng bulet,49.76,214342.53763440863,49.14,211671.87096774197,49.46123219305106,213055.5872745834,75.0,337500.0,2024-09,True
drat besar kopel gear gigi karet pisau blender.,6.76,18470.833333333332,20.96,57270.51282051282,13.602746546249957,37167.76099576311,3.0,10500.0,2024-09,True
gear konektor Miyako baru blender/ gigi lower mesin dinamo Blender.,26.29,84570.59259259258,41.89,134753.21885521885,33.80738352968305,108752.77516585584,41.0,90200.0,2024-09,True
"kapasitas kipas angin 1,5uf mikro 450V capasitor kotak spareparts",9.14,30943.017117117117,2.69,9106.861711711712,6.031851040611816,20420.532822489287,26.0,96200.0,2024-09,True
"kapasitor 3 uf capasitor 3,0 mickro 450V kotak.spartparts kipas angin",10.57,62280.63636363637,6.37,37533.36363636364,8.546089049700717,50355.33249154825,2.0,12600.0,2024-09,True
"kapasitor 3,5uf mickro 450V kotak capasitor kipas angin spareparts",9.67,63135.74193548387,1.68,10968.774193548386,5.819750358835412,37997.33782671895,0.0,0.0,2024-09,False
kapasitor 4 uf mickro capasitor kipas angin 450V kotak spareparts,2.9,25791.875,12.73,113217.4375,7.636915390819512,67920.81625710103,2.0,19800.0,2024-09,True
kapasitor kipas angin 2 uf mickro 450V capasitor kotak spareparts,11.05,50897.575000000004,5.67,26116.674230769233,8.457466449378538,38956.066327350934,24.0,117600.0,2024-09,True
"kapasitor kipas angin 2,5uf mickro kotak 450V capasitor spareparts",12.71,61467.39759036145,11.14,53874.650602409645,11.953442811435744,57808.577644702505,10.0,51000.0,2024-09,True
konektor blender maspion conektor kecil gigi atas mesin gear ger lower,21.67,75443.05645161291,24.79,86305.18548387097,23.173476705936608,80677.33785445834,3.0,10500.0,2024-09,True
kopel Miyako baru pisau baut flange gigi blender gear upper konektor.,16.52,52353.93548387097,26.45,83823.34101382489,21.305103746779018,67518.52463898585,3.0,6600.0,2024-09,True
kopel gigi karet blender drat lobang kecil gear RRT pisau blender,6.67,19532.149253731342,7.51,21991.97014925373,7.074782190059857,20717.496502831997,3.0,10500.0,2024-09,True
oring seal AS kipas angin umum.,86.86,43011.584902723735,99.31,49176.61175097276,92.8594503169586,45982.40998535714,40.0,20000.0,2024-09,True
seal 2 ply mounting bumbu blender Philip karet 2061-2071-2115-2116mill,3.71,14328.275862068966,4.26,16452.41379310345,3.975035957777287,15351.863009346764,2.0,8000.0,2024-09,True
seal pompa air Shimizu 100- 125/sil pompa air Shimizu simitsu 125.,33.76,196589.33057471266,28.33,164969.66040229885,31.143372271398782,181352.33135880792,61.0,285300.0,2024-09,True
seal pompa air Toyomoto 125 sil TM 125 marcanical seal Ty mekanik,8.76,50557.71428571428,3.84,22162.285714285714,6.389132886792269,36874.42408948681,5.0,22500.0,2024-09,True
seal sil pompa air Panasonic National GP125 Nasional Spareparts pompa,8.67,48386.21268292683,39.26,219105.27219512194,23.41081808801311,130652.92077138556,14.0,63000.0,2024-09,True
spiner AS kipas angin Cosmos Miyako/kunci mur baling kipas angin,11.1,34750.399999999994,11.07,34656.479999999996,11.085543493212148,34705.141496082826,2.0,6400.0,2024-09,True
AS 6mm KIPAS ANGIN KECIL 7 IN 9 IN BATANG BESI,32.24,215989.78531073447,11.54,77311.4802259887,22.349886008947756,149731.60920570762,38.0,217500.0,2024-10,True
"AS DINAMO KIPAS ANGIN MODEL COSMOS,MIYAKO,UMUM-RRT.",22.86,147860.4255319149,24.63,159308.93617021275,23.70567641372766,153330.33254836613,0.0,0.0,2024-10,False
AS EXHAUST FAN MASPION EXOS EXSOS EXAUST KIPAS ANGIN,21.71,124943.26530612246,7.65,44026.530612244904,14.992367018637944,86282.60202563062,68.0,306000.0,2024-10,True
AS EXHAUST PANASONIC NATIONAL DINAMO MASPION EXOSOS FAN KIPAS ANGIN,3.52,21360.14953271028,8.59,52126.04672897196,5.942361252880913,36059.58094855679,9.0,40500.0,2024-10,True
AS Exhaust/Exaust/Exsos Maspion Panasonic National multi kipas angin.,7.52,43875.78181818182,3.3,19254.0,5.503754539022199,32111.906028585887,21.0,94500.0,2024-10,True
AS FAN KIPAS ANGIN COSMOS MOYAKO DRAT KASAR DINAMO PLAFON DINDING PORT,30.05,191385.11111111112,27.78,176927.73333333334,28.965431943976398,184477.61766985856,0.0,0.0,2024-10,False
AS KIPAS ANGIN MIYAKO COSMOS SEKAI FAN DINAMO DRAT HALUS,56.76,361845.0,29.84,190230.0,43.89807397878616,279850.22161476174,30.0,165000.0,2024-10,True
AS KIPAS ANGIN MIYAKO COSMOS SEKAI FAN DINAMO DRAT HALUS - KASAR - as drat halus,18.29,113794.85849056602,12.73,79202.21698113208,15.633524937669058,97267.07260747871,56.0,308000.0,2024-10,True
AS KIPAS ANGIN MIYAKO COSMOS SEKAI FAN DINAMO DRAT HALUS - KASAR - as drat kasar,18.57,114205.5,10.65,65497.5,14.785956386032186,90933.63177409794,19.0,95000.0,2024-10,True
AS KIPAS ANGIN REGENCY 10 CM DIAMETER 10 MM,13.52,113100.0,26.56,222184.61538461538,19.750294031078322,165218.8058369052,6.0,51000.0,2024-10,True
"AS fan kipas angin Maspion16""panjang20,5cm plafonportabledindingdinamo",32.1,207478.4671532847,21.93,141744.63503649636,27.24094399570042,176071.9409357133,15.0,97500.0,2024-10,True
"AS fan kipas angindinding portable panasonic Nasional KDK pajang20,5cm",1.43,13064.999999999998,2.52,23023.636363636364,1.9507837802051666,17823.069991874476,4.0,52000.0,2024-10,True
"AS kipas angin model Maspion 18,5 cm.AS Maspion 12""/inci",27.43,174911.28432835822,19.21,122495.28880597015,23.50262140065462,149867.79782251755,67.0,368500.0,2024-10,True
"AS kipas angin model Maspion 20,5 cm.AS Maspion 16""/inci",58.0,375284.38479809975,49.26,318732.91026128264,53.82417409266684,348265.03554538434,119.0,773500.0,2024-10,True
Arang Mixer karbon carbon brush mixer blender umum,13.86,60646.86486486487,11.42,49970.21621621622,12.694208785595773,55545.74060507988,22.0,99000.0,2024-10,True
Arang blender carbon brush bostel arang sepul blender plat kotak.,21.67,96954.98876404495,7.41,33153.50561797753,14.856810361719564,66471.70658468237,1.0,4500.0,2024-10,True
BEARING 629 NKN 2 RS BERING BUSHING BALL LAHER BANTALAN,2.9,19919.375,6.54,44921.625,4.639131155914502,31865.032127187733,0.0,0.0,2024-10,False
"BOS KIPAS ANGIN BOSHING BOSSING BOSING BREKET KUPING 7 "" 9 "" IN AS 6MM",6.67,41378.036036036036,7.81,48450.14414414414,7.214672944434762,44756.97107691691,4.0,26000.0,2024-10,True
BOSHING BOSSING BOSING KIPAS ANGIN REGENCY 10MM BULET BOS MESIN CUCI,19.57,67924.20833333334,22.59,78406.125,21.012905519467527,72932.29290715187,9.0,31500.0,2024-10,True
BOSHING BOSSING BOSING KIPAS ANGIN REGENCY 10MM GUCI BOS MESIN CUCI,10.19,35342.316666666666,2.95,10231.583333333334,6.7308490195546735,23344.82801615546,10.0,35000.0,2024-10,True
"BOSHING BOSSING BOSING KIPAS ANGIN REGENCY BOS MESIN CUCI 12 "" GUCI",6.29,29518.07142857143,5.01,23511.214285714286,5.678437395722373,26648.09549278285,2.0,9600.0,2024-10,True
Bos kipas angin boshing Maspion Gentong guci Dinamofandindingportable,11.43,25999.44,24.08,54773.97333333333,17.47395855008748,39747.431048598984,10.0,23000.0,2024-10,True
Bos mesin cuci bulet 10mm boshing fan kipasangin dinamo regenci umum,9.29,29446.855263157893,11.37,36039.90789473684,10.283789231951143,32596.905604960928,4.0,14000.0,2024-10,True
CASING COVER TUTUP IMPELLER CAP SHIMIZU GOLDSTAR 130 PS 128 130 135,2.76,63806.84210526315,2.8,64731.57894736842,2.779111331383676,64248.66591106736,3.0,70500.0,2024-10,True
ELEMEN BODY SAMPING MAGIC COM PEMANAS RICE COOKER KABEL SABUK HEATER,27.05,308454.53125,26.07,297279.46875,26.581772381099945,303115.2731832303,20.0,214000.0,2024-10,True
ELEMEN TUTUP ATAS MAGIC COM JAR PEMANAS TOP HEATER RICE COOKER KOTAK,46.33,422771.0934844192,26.38,240723.104815864,36.798223472391676,335791.6075050087,120.0,960000.0,2024-10,True
FUSE KIPAS ANGIN SEIRING THERMAL 2A THERMOFUSE KOTAK 250V,38.81,43848.49122807018,40.96,46277.614035087725,39.83723406187258,45009.08550148411,10.0,13000.0,2024-10,True
GEAR GIGI MIXER MASPION BARU MT 1150 ADONAN MESIN (SEPASANG),3.95,30941.666666666668,4.21,32978.33333333333,4.074223653993894,31914.751956285498,0.0,0.0,2024-10,False
GEAR GIGI MIXER MASPION SEPASANG,4.33,34080.708333333336,5.24,41243.166666666664,4.764782788978626,37502.81120158593,4.0,31600.0,2024-10,True
GEAR GIGI MIXER MIYAKO HM 620 625 650 GRIGI SESET SEPASANG,62.9,476285.2101910828,40.56,307124.4535031847,52.226321422217055,395463.0282366884,42.0,217800.0,2024-10,True
GEAR GIGI MIXER MIYAKO HM 625 HM 620 628 650 GRIGI,16.95,65844.23076923077,13.49,52403.46153846154,15.296869835312041,59422.45589871216,2.0,5000.0,2024-10,True
GEAR GIGI MIXER PHILIP SESET SEPASANG.,5.0,38500.0,15.03,115731.0,9.792166344456716,75399.68085231671,0.0,0.0,2024-10,False
GEAR KOPEL BLENDER PHILIP BARU 2061 2071 2115 2116 PLASTIK GIGI BAGUS,14.57,45964.22641509434,3.35,10568.301886792453,9.209271546878929,29052.645332795415,3.0,10500.0,2024-10,True
GEAR KOPEL BLENDER PHILIP BARU 2061 2071 2115 2116 PLASTIK GIGI PISAU,5.19,14648.327586206899,2.71,7648.741379310345,4.005097454212098,11304.042297491733,0.0,0.0,2024-10,False
GEAR KOPEL BLENDER PHILIP LAMA 2815 COPEL BAUT UPPER MOUNTING PISAU,4.86,13353.784615384617,6.68,18354.584615384614,5.729565577957251,15743.083264971769,0.0,0.0,2024-10,False
GEARBOX KIPAS ANGIN COSMOS / SEKAI / MIYAKO / RRT KOTAK GEARBOK GIRBOK,8.1,67247.20588235294,39.5,327933.9052287582,23.10239513618553,191798.95334549848,6.0,34800.0,2024-10,True
GEARBOX WALLFAN MIYAKO TARIK WALL FAN GEAR BOX KIPAS ANGIN DINDING,5.14,76285.71578947369,4.45,66045.02631578948,4.810329533631592,71392.88553625118,0.0,0.0,2024-10,False
Gear Kopel Maspion Upper Blender Mounting Baut Pisau Flange gigi Spare,9.33,27176.81006896552,20.2,58839.39586206897,14.52350430351391,42304.66430786719,8.0,28000.0,2024-10,True
Gear Kopel Maspion Upper Blender Mounting Baut Pisau Flange gigi putih,6.0,18811.11111111111,9.29,29125.87037037037,7.571907006307337,23739.33066977467,0.0,0.0,2024-10,False
Gear box kipas angin Maspion bintang girbok/gear bok kipas angin12 16,1.9,23867.289714285715,3.43,43086.73880000001,2.631008425425601,33050.021226505,0.0,0.0,2024-10,False
"Gear box/girbox/gearbox/gear bok kipas angin Cosmos Miyako,umum.rrt",9.71,64360.11928429424,12.17,80665.56660039761,10.885346880096066,72150.58945972224,0.0,0.0,2024-10,False
"Gigi konektor Miyako lama gear lower panasonic,nasional drat besar POM",12.71,43663.60544217688,30.06,103267.3469387755,20.999539987669394,72141.27682838806,22.0,61600.0,2024-10,True
Gigi konektor blender Miyako drat lubang kecil gear lower National,4.24,15009.6,6.28,22231.2,5.214677900567468,18459.959768008837,0.0,0.0,2024-10,False
Gigi konektor blender Miyako drat lubang kecil gear lower National RRT,18.05,61816.11412371135,76.71,262709.9232371134,46.07676747416062,157799.81809608996,2.0,5600.0,2024-10,True
IMPELLER JET DAB 370 KIPAS IMPELAR GADING MESIN POMPA AIR SPAREPARTS,4.76,112078.16666666666,2.51,59100.04166666666,3.684987609668234,86766.10409264662,0.0,0.0,2024-10,False
IMPELLER KUNINGAN NATIONAL PANASONIC GP 125 129 POMPA AIR KIPAS SANEI,4.71,125841.0,4.09,109275.94267515923,4.413774363553025,117926.49250188454,3.0,89700.0,2024-10,True
IMPELLER KUNINGAN POMPA AIR SHIMIZU PS 105 130 135 KIPAS GOLSTAR SANEI,7.24,200260.61068702288,1.59,43979.885496183204,4.540524442055789,125592.29248694007,4.0,119500.0,2024-10,True
IMPELLER KUNINGAN PS 226 230 SHIMIZU POMPA AIR KIPAS BIT SPAREPARTS.,1.9,92188.0,0.6,29112.0,1.2788817300305353,62051.34154108157,0.0,0.0,2024-10,False
IMPELLER KUNINGAN SANYO SY 136 PWH IMPELER KIPAS POMPA AIR,1.95,52449.42857142857,1.11,29855.828571428578,1.5486620409428076,41654.58415267312,11.0,319000.0,2024-10,True
KABEL TIES 10CM CABLE TIES KABEL TIS CABLE TIE 2.5 × 100MM ISI 100PCS,1.95,9448.78048780488,4.89,23694.634146341465,3.3546828567001743,16255.211240595969,2.0,11000.0,2024-10,True
"KAPASITOR 1,5UF, 2UF, 2,5UF, 3UF, 3,5UF MIKRO CAPASITOR KIPAS ANGIN - 1,5UF",45.48,162243.3909866017,53.25,189961.7539585871,49.19237612127903,175486.76149086727,30.0,102000.0,2024-10,True
"KAPASITOR 1,5UF, 2UF, 2,5UF, 3UF, 3,5UF MIKRO CAPASITOR KIPAS ANGIN - 2,5UF",31.57,156287.10296540364,41.81,206980.1639209226,36.46250083422102,180507.4001347487,32.0,158400.0,2024-10,True
"KAPASITOR 1,5UF, 2UF, 2,5UF, 3UF, 3,5UF MIKRO CAPASITOR KIPAS ANGIN - 2UF",73.67,353070.7450657895,69.02,330785.1611842105,71.44830772664768,342423.0655998005,30.0,135000.0,2024-10,True
"KAPASITOR 1,5UF, 2UF, 2,5UF, 3UF, 3,5UF MIKRO CAPASITOR KIPAS ANGIN - 3,5UF",17.19,113936.52631578948,24.14,160001.61403508772,20.510593827913677,135945.6552313296,5.0,29500.0,2024-10,True
"KAPASITOR 1,5UF, 2UF, 2,5UF, 3UF, 3,5UF MIKRO CAPASITOR KIPAS ANGIN - 3UF",16.33,93408.49725274724,24.22,138539.73076923075,20.099710115430057,114971.4462399366,5.0,27500.0,2024-10,True
"KAPASITOR 1.5UF 1,5UF 1.5 UF 1,5 UF 450V MIKRO CAPASITOR KIPAS ANGIN",89.24,313707.9124087591,73.84,259571.85401459856,81.88213741728481,287842.60861433845,56.0,195200.0,2024-10,True
KAPASITOR 10 UF 450V KOTAK KABEL SAN EI CAPACITOR PETAK POMPA AIR,6.33,89189.7,3.94,55514.6,5.188097949825369,73100.30011303946,3.0,40500.0,2024-10,True
KAPASITOR 100UF 100 MFD UF 250V 250 VAC CAPASITOR STARTING AC MOTOR,8.19,245069.99999999997,2.28,68224.61538461538,5.366300788061895,160576.23127354437,3.0,69000.0,2024-10,True
KAPASITOR 12 UF 450V KOTAK KABEL SAN EI CAPACITOR PETAK POMPA AIR,4.1,64015.4054054054,2.34,36535.62162162162,3.259101419118263,50886.024049314066,0.0,0.0,2024-10,False
KAPASITOR 150UF 150 MFD UF 250V 250 VAC CAPASITOR STARTING AC MOTOR,9.62,346320.0,4.33,155880.0,7.09252642450887,255330.95128231932,0.0,0.0,2024-10,False
KAPASITOR 200UF 200 MFD UF 250V 250 VAC CAPASITOR STARTING AC MOTOR,2.19,95991.15789473684,1.59,69692.21052631579,1.9033300292448625,83425.96043974324,3.0,132000.0,2024-10,True
KAPASITOR 250UF 250 MFD UF 250V 250 VAC CAPASITOR STARTING AC MOTOR,2.67,146850.0,0.96,52800.0,1.8529905833478582,101914.48208413219,0.0,0.0,2024-10,False
KAPASITOR 2UF 2 UF 400V 400 V 450V 450 V VOLT CAPASITOR KIPAS ANGIN,11.57,53869.92,18.0,83808.0,14.642146519925891,68173.83419677494,2.0,9800.0,2024-10,True
KAPASITOR 3 UF 450V 3UF 450 V 400 VOLT CAPASITOR 3 MICKO KIPAS ANGIN,5.71,33736.02352941177,1.87,11048.4,3.87531218716712,22896.256239945033,33.0,207900.0,2024-10,True
KAPASITOR 300UF 300 MFD UF 250V 250 VAC CAPASITOR STARTING AC MOTOR,3.43,212660.0,3.15,195300.0,3.2962206803142697,204365.68217948472,2.0,124000.0,2024-10,True
KAPASITOR 30UF 450 VAC CAPASITOR BULET CONDENSATOR SPAREPARTS DINAMO,8.95,273932.35655737703,5.8,177520.40983606555,7.4449826535355275,227868.33997896995,3.0,89700.0,2024-10,True
KAPASITOR 35 UF 450VAC CAPASITOR BULET CONDENSATOR SPAREPARTS,6.95,253843.07189542483,6.17,225354.2091503268,6.577329038018322,240231.5694787842,13.0,448500.0,2024-10,True
KAPASITOR 4 UF 450V 4UF 450 V POMPA AIR CAPASITOR,10.1,93553.54545454544,15.56,144128.03636363635,12.708696733871752,117717.19183765388,29.0,246500.0,2024-10,True
KAPASITOR 40UF 450VAC CAPASITOR 40 UF 450 VAC BULET CONDENSATOR,7.76,309374.2528735632,6.26,249572.5287356322,7.043325073112156,280801.9886906841,8.0,320000.0,2024-10,True
KAPASITOR 5 UF 450 V KOTAK CAPACITOR PETAK POMPA AIR SAN EI,22.43,219389.43214285717,19.79,193567.4035714286,21.168652128677394,207052.09851717422,60.0,590000.0,2024-10,True
KAPASITOR 50 UF 50UF 450VAC 450 VAC CAPASITOR BULET CONDENSATOR,10.1,483445.04615384614,12.78,611725.5138461539,11.38045920270628,544735.3093568615,11.0,539000.0,2024-10,True
KAPASITOR 500UF 500 MFD UF 250V 250 VAC CAPASITOR STARTING AC MOTOR,2.52,224280.0,0.32,28480.0,1.4688767738978292,130730.0328769068,6.0,534000.0,2024-10,True
KAPASITOR 6 UF 450V KOTAK KABEL CAPACITOR PETAK SAN EI POMPA AIR.,12.38,150281.12195121954,5.69,69071.04878048782,9.183629826080217,111480.30644975914,19.0,225900.0,2024-10,True
KAPASITOR 8 UF 450V KOTAK KABEL SAN EI CAPACITOR PETAK POMPA AIR,8.19,109832.71764705882,11.3,151539.64705882352,9.675906015080797,129759.59137165411,36.0,462300.0,2024-10,True
KAPASITOR POMPA AIR 10UF 450VAC CAPASITOR BULET CONDENSATOR SPAREPART,5.76,82872.61538461539,4.58,65895.23931623931,5.196215724181563,74761.10888291482,14.0,189000.0,2024-10,True
KAPASITOR POMPA AIR 12UF 450VAC CAPASITOR BULET CONDENSATOR SPAREPARTS,10.43,163062.94764397905,14.3,223566.6492146597,12.279021311370638,191970.6049103867,26.0,413400.0,2024-10,True
KAPASITOR POMPA AIR 14 UF 450VAC CAPASITOR BULET CONDENSATOR SPAREPART,5.81,97239.11111111111,12.64,211549.46031746033,9.073259833762648,151854.68521776726,1.0,17900.0,2024-10,True
KAPASITOR POMPA AIR 16UF 450VAC CAPASITOR BULET CONDENSATOR SPAREPARTS,6.29,115401.54682779456,13.24,242912.0,9.610593827913677,176323.909964212,29.0,548100.0,2024-10,True
KAPASITOR POMPA AIR 20UF 450VAC CAPASITOR BULET CONDENSATOR SPAREPARTS,14.33,341530.62826086953,16.26,387528.8217391305,15.25212173926236,363507.7962262066,19.0,416100.0,2024-10,True
KAPASITOR POMPA AIR 20UF 450VAC CAPASITOR KOTAK 20 UF 450V CONDENSATOR,5.9,140320.0,1.01,24020.881355932204,3.5636397383456293,84754.22509909469,2.0,43800.0,2024-10,True
KAPASITOR POMPA AIR 25UF 450VAC CAPASITOR BULET CONDENSATOR SPAREPARTS,2.71,73542.48085106382,7.92,214928.57872340427,5.199250912723778,141094.3950881419,14.0,362600.0,2024-10,True
KAPASITOR POMPA AIR 6 UF 450VAC CAPASITOR BULET CONDENSATOR SPAREPARTS,11.29,132204.96694214875,12.3,144031.9834710744,11.772561117437816,137855.7177462615,24.0,285500.0,2024-10,True
KAPASITOR POMPA AIR 8UF 450VAC CAPASITOR BULET CONDENSATOR SPAREPARTS,7.0,96149.2,7.79,107000.32400000001,7.377448794827599,101333.68566623397,8.0,102400.0,2024-10,True
KARET SEAL ORING BLENDER BUMBU CHOPPER GELAS NATIONAL MIYAKO PAKING,5.95,21102.956204379563,6.36,22557.109489051094,6.145891146682678,21797.726337030024,0.0,0.0,2024-10,False
KARET SEAL ORING BLENDER PHILIP 1741,4.19,16760.0,1.69,6760.0,2.995541788520261,11982.167154081044,3.0,12000.0,2024-10,True
KIPAS IMPELLER JET DAB 255 IMPELAR GADING MESIN POMPA AIR SPAREPARTS,4.29,95434.11428571428,2.08,46271.08571428572,3.23409894105191,71944.84101437192,0.0,0.0,2024-10,False
KIPAS PENDINGIN GP 125 NATIONAL NASIONAL PANASONIC FAN POMPA AIR,3.24,16325.419354838712,3.18,16023.09677419355,3.2113330029244866,16180.974679251769,3.0,15000.0,2024-10,True
KLEP TABOK KARET SEDOT PLENES POMPA AIR PLENNES PLANES OVAL PACKING,6.9,18998.702290076337,3.39,9334.145038167939,5.222980671082446,14381.138382133116,8.0,23200.0,2024-10,True
KNOP KOMPOR GAS HITACHI TODACHI TOMBOL PUTARAN CETEKAN PEMANTIK,4.33,11805.617647058823,1.88,5125.764705882353,3.159430952749855,8614.095568232693,0.0,0.0,2024-10,False
KNOP KOMPOR GAS RINNAI TOMBOL PUTARAN CETEKAN SWITCH PEMANTIK,21.86,63288.65060240964,12.88,37289.927710843374,17.569506104364777,50866.8953840826,2.0,5800.0,2024-10,True
"Kabel Buntung AC Power listrik Colokan Gepeng Oval SNI Serbaguna 1,2m",8.52,50942.5,2.7,16143.750000000002,5.739301283675165,34316.23892530776,0.0,0.0,2024-10,False
Karet seal Oring sil blender Mounting gelas Nasional Miyako Gmc sanex,15.76,56475.124490644484,23.67,84820.19014553014,19.539265781121898,70017.9230612087,11.0,42900.0,2024-10,True
LAMPU GOSOKAN BAJU SETERIKA SETRIKA INDIKATOR RESISTOR 1 PCS,16.29,13352.308988764045,21.95,17991.601123595505,18.99425339079013,15568.88522312517,24.0,19800.0,2024-10,True
"LEHER KIPAS ANGIN COSMOS DINDING WALL FAN PLAT 12"" 16""",12.86,80211.85074626865,9.27,57819.895522388055,11.144758008315094,69513.34883096833,6.0,35400.0,2024-10,True
"LEHER KIPAS ANGINCOSMOS TIANG BERDIRI STAND FAN PLAT 12"" 16"" SPAREPART",8.14,50086.4375,1.55,9537.34375,4.991408154539407,30712.75830090029,0.0,0.0,2024-10,False
LEM KOREA HANDSOME SEBAGUNA MULTIFUNGSI EPOTEC BESI POWERGLUE ( 1pcs),16.38,42165.098181818175,20.52,52822.21090909091,18.35802279821045,47256.88850492064,6.0,16800.0,2024-10,True
LEM PIPA ISARPLAS TUBE 45GR FOX FITING PVC,1.9,17942.045454545452,2.82,26629.772727272724,2.3395606218245444,22092.896326547685,1.0,9600.0,2024-10,True
LIS KIPAS ANGIN MULTI RING GAWANG PENGIKAT KIPAS ANGIN,6.76,62993.18518518518,2.1,19568.88888888889,4.533529893801765,42245.78226964903,4.0,37600.0,2024-10,True
"Leher kipas angin COSMOS Dinding wall fan kipas angin COSMOS 12"" 16""",5.95,35795.282638888886,7.87,47346.02930555555,6.8673439064164405,41314.036320777785,1.0,5900.0,2024-10,True
"Leher kipas angin COSMOS tiang berdiri stand fan leher Cosmos 12"" 16"".",13.33,80130.33834586466,12.35,74239.28571428571,12.861772381099943,77315.69186984513,0.0,0.0,2024-10,False
MOUNTING PISAU BLENDER JUS PHILIP HR 2061 2115 2116 2071 MANGKOK GELAS,2.57,93805.0,0.79,28835.0,1.7195457534264251,62763.420000064514,0.0,0.0,2024-10,False
MOUNTING PISAU BLENDER NATIONAL MIYAKO LAMA MANGKOK JUS JUICE GELAS,2.29,64625.379310344826,1.52,42895.448275862065,1.9221068708642401,54243.18148673428,0.0,0.0,2024-10,False
NITTO ISOLASI LISTRIK 3/4 INCH 25 METER HITAM ISOLASI KABEL.,7.14,56621.769230769234,11.93,94607.52197802198,9.428581933195181,74770.72694604729,3.0,27000.0,2024-10,True
ORING KARET TUTUP IMPELLE SHIMIZU 4 BAUT PS 128 130 135 SEMI JETPAM,5.86,10356.91304347826,8.09,14298.195652173912,6.925456724639929,12239.991993765787,9.0,16200.0,2024-10,True
OTOMATIS MAGIC COM RICE COOKER KAKI PIN 3 ELEMENT THERMOSTAT MTS PER.,4.67,37706.48387096774,4.74,38271.67741935484,4.703444829921433,37976.52390094628,0.0,0.0,2024-10,False
OTOMATIS PER MAGIC COM RICE COOKER KAKI PIN 2 ELEMEN THERMOSTAT MTS,6.38,52063.604395604394,1.77,14443.978021978022,4.17741905803136,34089.57574169327,2.0,17000.0,2024-10,True
OTOMATIS PM5 PRESSURE SWITCH JETPUMP POMPA AIR SAN-EI PM 5 SEMI,4.57,258357.33333333337,1.44,81408.0,3.074538319227366,173813.8996469871,8.0,440000.0,2024-10,True
PINION KIPAS ANGIN MASPION / PEN STOP/ TARIKAN GEARBOX DINAMO,6.33,21052.045454545456,4.54,15098.939393939396,5.474767920580506,18207.75088738517,5.0,17500.0,2024-10,True
PINION PANASONIC NASIONAL PEN STOP TARIKAN GEARBOX KIPAS ANGIN GEAR,22.67,80776.18686868687,89.13,317581.8939393939,54.423477093977404,193917.99540303566,0.0,0.0,2024-10,False
PISAU BLENDER MASPION JUS + SEAL PUTIH MOUNTING SPAREPART STAINLES,2.0,26742.85714285714,1.34,17917.714285714286,1.684663032169349,22526.351401578722,0.0,0.0,2024-10,False
RADAR PELAMPUNG AIR OTOMATIS TOREN ST 70 AB ORIGINAL SHINTUNG POMPA,1.05,58665.46875,1.26,70398.5625,1.1503344897642982,64271.34482029965,0.0,0.0,2024-10,False
SEAL BLENDER JUS PHILIP BARU 2061 2071 2115 2116 KARET PISAU MOUNTING,3.71,14028.4375,1.72,6503.75,2.7592112636621273,10433.267590722418,0.0,0.0,2024-10,False
SEAL KARET PENGAMAN TABUNG GAS LPG ELPIJI REGULATOR SILIKON,81.43,50562.940625,62.09,38554.009375,72.18967127599274,44825.27400793674,40.0,24000.0,2024-10,True
SEAL PDL 255 PEDROLO SIL POMPA AIR MS 14 PDR KARET SPAREPARTS MACHANIC,53.62,359906.13513513515,54.95,368833.3108108108,54.25545176850723,364171.3904515884,50.0,300000.0,2024-10,True
SEAL SANYO 100 101 PH 100 SIL POMPA AIR,7.81,55438.40322580645,1.42,10079.709677419354,4.7569648114577845,33766.77763746082,0.0,0.0,2024-10,False
SEAL SHIMIZU SMZ 230 GOLSTAR GS 250 SIL POMPA AIR PS 226,13.9,108785.78947368421,7.53,58932.15789473685,10.856520477149624,84966.55762906048,3.0,23700.0,2024-10,True
SEAL SIL POMPA AIR PANASONIC NATIONAL NASIONAL GP 200 MECHANICAL,14.95,97930.71428571429,2.38,15590.307692307691,8.944264112679868,58589.844368884274,3.0,14700.0,2024-10,True
SELANG PEMBUANGAN AIR MESIN CUCI MULTI 1-2 TABUNG PANJANG SAMPAI 2M,2.48,31341.0,2.22,28055.250000000004,2.355776346006107,29771.123572652177,0.0,0.0,2024-10,False
SELANG PEMBUANGAN MESIN CUCI MULTI 1.2 METER,2.48,21150.857142857145,1.59,13560.428571428572,2.054772876713213,17524.27724853983,0.0,0.0,2024-10,False
SINGER OIL MINYAK PELUMAS MESIN JAHIT RANTAI SEPEDA 80CC,6.05,44556.470588235294,10.81,79612.4705882353,8.324248434657425,61305.64141288881,11.0,84700.0,2024-10,True
SNAP RING S12 RETAINER CIRCLIP POMPA AIR EXTERNAL EKSTERNAL RETAINING,20.95,19317.132352941175,22.06,20340.61764705882,21.480339445897002,19806.136518496205,20.0,20000.0,2024-10,True
SPINER KIPAS ANGIN KUNCI MUR BALING MASPION FAN DINDING PLAFON DINAMO,6.05,16667.156862745098,4.24,11680.784313725491,5.185212254888668,14284.751408075646,0.0,0.0,2024-10,False
STIK MIXER PHILIPS GARPU STICK KOCOKAN PENGADUK ADONAN KUE SEPASANG,1.86,47416.90140845071,1.51,38494.3661971831,1.6927758503928365,43153.86322832442,0.0,0.0,2024-10,False
SWITCH EXHAUST SAKLAR TARIKAN FAN DINAMO MASPION HEXOS DINDING,2.76,20545.44,2.24,16674.56,2.511552692012214,18695.998239338922,0.0,0.0,2024-10,False
SWITCH FAN KIPAS ANGIN MASPION LURUS 4 PIN SAKLAR ON OFF TIANG BERDIRI,2.33,17859.135135135137,2.01,15406.378378378377,2.1771093489305935,16687.24895558693,2.0,14800.0,2024-10,True
SYNCHRONOUS MOTOR ROTARY ROTARI SINKRONUS SWING DINAMO KIPAS ANGIN,16.81,211762.2239583333,7.94,100023.32291666667,12.572062265669883,158375.24480195701,10.0,127800.0,2024-10,True
Siltip sealtape isolatip Hachi sealtape isolasi keranpipa air.,5.33,15375.000000000002,12.6,36346.153846153844,8.803484478983084,25394.666766297356,2.0,5800.0,2024-10,True
Swit tembok kipas angin wall fan saklar tarikan DinamoDindingPlafon,2.29,11408.109756097561,7.23,36017.743902439026,4.650249425883966,23166.181591141467,1.0,5200.0,2024-10,True
Switch Micro 3 Pin Saklar Mikro Otomatis Rice Cooker Majic Com Jer lim,14.05,83738.0,5.06,30157.6,9.754728271518857,58138.18049825239,0.0,0.0,2024-10,False
Switch Micro Limid Tombol Pin 3 Magicom Rice Cooker Majic Com Jer,5.62,33720.0,9.93,59580.0,7.679245956591072,46075.47573954643,6.0,36000.0,2024-10,True
"T Kuningan Tebal Tee Jet Pump 3 Way 1"" Sambungan Otomatis Pompa Air",2.38,76017.2,2.55,81447.0,2.4612231583806223,78611.46767867707,0.0,0.0,2024-10,False
TABUNG ANGIN 2 LITER TANGKI PRESSURE TANK SPART PART POMPA AIR,1.57,95112.5625,0.51,30896.4375,1.0635497183325904,64431.171373736244,4.0,239800.0,2024-10,True
TABUNG POMPA AIR PVC FIBER TENGKI OTOMATIS 2 LITER,4.9,134852.08333333334,1.23,33850.625,3.146535345547742,86595.27482226181,0.0,0.0,2024-10,False
TALI PEMBUANGAN AIR DRAIN REM MESIN CUCI 2 TABUNG TARIKAN,6.05,28402.0,2.45,11501.636363636366,4.329980175469174,20327.288751020744,3.0,14400.0,2024-10,True
TERMOSTAT BIMETAL PENGATUR SUHU SAKLAR OTOMATIS DISPENSER MAGIC COM,17.76,76063.0303030303,14.08,60302.22222222222,16.001757512701822,68532.77965035931,0.0,0.0,2024-10,False
TIMAH SOLDER 0.8mm 10M 60/40 TIM TINOL TENOL KAWAT KWALITAS BAGUS,3.33,57931.847560975606,2.43,42274.59146341463,2.899995043867294,50451.072314986435,0.0,0.0,2024-10,False
"TUSEN KLEP 1/2"" INCH TUSSEN TOSSEN PVC PLASTIK FOOT VALVE",1.38,8047.57894736842,2.43,14170.736842105263,1.8816724488214909,10973.121438390588,3.0,19500.0,2024-10,True
"TUSEN KLEP 3/4"" INCH TUSSEN TOSSEN PVC PLASTIK FOOT VALVE",2.95,19807.14285714286,2.02,13562.857142857143,2.505661545329537,16823.72751864118,4.0,27600.0,2024-10,True
Tarikan pinion baut gearbox kipas angin cabutan Cosmos Miyako Multifan,8.52,16678.261016949153,3.71,7262.482203389831,6.221862401112981,12179.559288415996,2.0,4000.0,2024-10,True
Tarikan pinion socket gerbox cabutan kipas angin CosmosMiyakoMaspion,11.57,22588.035972696245,19.44,37952.58593856655,15.330154449738224,29928.961121666067,12.0,24000.0,2024-10,True
Tutup sendok Blender Nasional National tutup gelas juice blender NS.,1.81,14731.067111111111,1.56,12696.389333333333,1.6905541788520262,13758.932079358305,0.0,0.0,2024-10,False
"WATERMUR 1/2 "" INCH POLOS WATERMOER SAMBUNGAN PIPA UNION SOCKET PVC",3.48,27840.0,2.98,23840.0,3.241108357704052,25928.866861632414,1.0,8000.0,2024-10,True
"WATERMUR 3/4 "" INCH POLOS WATERMOER SAMBUNGAN PIPA PVC UNION SOCKET",2.24,17920.0,2.92,23360.0,2.564892633522489,20519.141068179913,0.0,0.0,2024-10,False
"WATERMUR 3/4""INCH DRAT LUAR WATER MUR UNION SOCKET SANYO PVC 1 × 3/4""",13.9,111200.0,20.25,162000.0,16.93392385715854,135471.39085726833,0.0,0.0,2024-10,False
"WATERMUR1/2"" INCH DRAT LUAR WATERMOR UNION SOCKET SANYO PCV 1×1/2""",6.9,55200.0,4.39,35120.0,5.700763955674342,45606.11164539473,0.0,0.0,2024-10,False
arang blender Philip,5.81,26538.292307692307,3.63,16580.723076923077,4.768432439589667,21780.732174064186,0.0,0.0,2024-10,False
bearing nkn 608 2RS ball laher.,3.48,20315.74754716981,4.63,27029.28481132075,4.0294507772806805,23523.36343246594,9.0,57600.0,2024-10,True
bos kipasangin dinamoNational boshing fanpanasonic KDK dindingportable,20.0,60083.85964912281,7.49,22501.405438596492,14.022931109755383,42127.59123339302,0.0,0.0,2024-10,False
carbon arang blender Philips brush karbon kaleng bulet,54.19,233424.88172043013,47.31,203789.09677419357,50.90285100200776,219265.39904735817,48.0,216000.0,2024-10,True
drat besar kopel gear gigi karet pisau blender.,5.86,16011.698717948719,20.25,55330.528846153844,12.735301465277384,34797.57852291337,5.0,17500.0,2024-10,True
gear konektor Miyako baru blender/ gigi lower mesin dinamo Blender.,26.43,85020.94949494948,40.26,129509.77777777777,33.03774282590592,106276.96799956403,104.0,249600.0,2024-10,True
"kapasitas kipas angin 1,5uf mikro 450V capasitor kotak spareparts",13.81,46753.07072072072,3.68,12458.457657657658,8.970055327084095,30367.67784764231,2.0,7400.0,2024-10,True
"kapasitor 3 uf capasitor 3,0 mickro 450V kotak.spartparts kipas angin",8.1,47726.88311688312,6.19,36472.76623376624,7.187433926429479,42349.85418728643,1.0,6300.0,2024-10,True
"kapasitor 3,5uf mickro 450V kotak capasitor kipas angin spareparts",9.67,63135.74193548387,1.68,10968.774193548386,5.852511556110752,38211.23674054246,1.0,5900.0,2024-10,True
kapasitor 4 uf mickro capasitor kipas angin 450V kotak spareparts,1.9,16898.125,7.61,67681.4375,4.628142555019726,41161.54284870668,0.0,0.0,2024-10,False
kapasitor kipas angin 2 uf mickro 450V capasitor kotak spareparts,15.67,72177.82807692308,5.31,24458.472692307692,10.720165171627958,49378.31772265356,10.0,49000.0,2024-10,True
"kapasitor kipas angin 2,5uf mickro kotak 450V capasitor spareparts",10.95,52955.783132530116,7.7,37238.31325301205,9.397204325076338,45446.23874801979,1.0,5100.0,2024-10,True
konektor blender maspion conektor kecil gigi atas mesin gear ger lower,17.19,59846.153225806454,27.42,95461.40322580645,22.077723001375098,76862.52435236798,7.0,24500.0,2024-10,True
kopel Miyako baru pisau baut flange gigi blender gear upper konektor.,13.0,41198.61751152074,26.11,82745.83870967742,19.26373886099976,61049.1853212421,0.0,0.0,2024-10,False
kopel gigi karet blender drat lobang kecil gear RRT pisau blender,5.76,16867.34328358209,10.95,32065.522388059697,8.23969524703194,24128.77921593532,5.0,17500.0,2024-10,True
oring seal AS kipas angin umum.,74.19,36737.61782101167,98.57,48810.17642023346,85.83835647835042,42505.684521976,60.0,30000.0,2024-10,True
seal 2 ply mounting bumbu blender Philip karet 2061-2071-2115-2116mill,2.95,11393.103448275862,3.95,15255.172413793105,3.4277832845918965,13238.335443941118,2.0,8000.0,2024-10,True
seal pompa air Shimizu 100- 125/sil pompa air Shimizu simitsu 125.,41.14,239564.13091954024,27.58,160602.30264367815,34.661258660933896,201837.48924851764,25.0,122500.0,2024-10,True
seal pompa air Toyomoto 125 sil TM 125 marcanical seal Ty mekanik,8.1,46748.57142857143,3.36,19392.0,5.835307231034413,33678.05887625576,20.0,98000.0,2024-10,True
seal sil pompa air Panasonic National GP125 Nasional Spareparts pompa,7.86,43865.70146341464,39.57,220835.3443902439,23.01050795440902,128418.83873405012,19.0,93100.0,2024-10,True
spiner AS kipas angin Cosmos Miyako/kunci mur baling kipas angin,7.9,24732.266666666666,8.82,27612.48,8.339560621824546,26108.384453392046,0.0,0.0,2024-10,False
AS 6mm KIPAS ANGIN KECIL 7 IN 9 IN BATANG BESI,35.38,237026.01129943505,9.49,63577.6384180791,22.946352033919553,153727.59458656388,21.0,136500.0,2024-11,True
"AS DINAMO KIPAS ANGIN MODEL COSMOS,MIYAKO,UMUM-RRT.",22.86,147860.4255319149,24.63,159308.93617021275,23.71004082271002,153358.5619171031,16.0,80000.0,2024-11,True
AS EXHAUST FAN MASPION EXOS EXSOS EXAUST KIPAS ANGIN,34.95,201140.81632653065,5.06,29120.81632653061,20.595355824405384,118528.37433637385,6.0,27000.0,2024-11,True
AS EXHAUST PANASONIC NATIONAL DINAMO MASPION EXOSOS FAN KIPAS ANGIN,5.05,30644.53271028037,6.93,42052.79439252336,5.952868218471659,36123.339572464,0.0,0.0,2024-11,False
AS Exhaust/Exaust/Exsos Maspion Panasonic National multi kipas angin.,11.19,65288.56363636364,3.55,20712.636363636364,7.52089723982794,43881.016804741565,7.0,31500.0,2024-11,True
AS FAN KIPAS ANGIN COSMOS MOYAKO DRAT KASAR DINAMO PLAFON DINDING PORT,30.05,191385.11111111112,27.78,176927.73333333334,28.959834651100714,184441.96913345475,9.0,45000.0,2024-11,True
AS KIPAS ANGIN MIYAKO COSMOS SEKAI FAN DINAMO DRAT HALUS,50.86,324232.5,26.89,171423.75,39.348430214486356,250846.2426173505,2.0,11300.0,2024-11,True
AS KIPAS ANGIN MIYAKO COSMOS SEKAI FAN DINAMO DRAT HALUS - KASAR - as drat halus,29.67,184597.78301886792,4.79,29801.93396226415,17.721403576821878,110257.22319730216,6.0,33000.0,2024-11,True
AS KIPAS ANGIN MIYAKO COSMOS SEKAI FAN DINAMO DRAT HALUS - KASAR - as drat kasar,18.05,111007.5,6.04,37146.0,12.282208880933714,75535.58461774234,6.0,30000.0,2024-11,True
AS KIPAS ANGIN REGENCY 10 CM DIAMETER 10 MM,11.81,98795.19230769231,23.82,199263.46153846153,17.57779111906629,147044.98339988146,7.0,59500.0,2024-11,True
"AS fan kipas angin Maspion16""panjang20,5cm plafonportabledindingdinamo",26.48,171153.57664233577,14.53,93914.70802919708,20.741023824076425,134059.6831840852,10.0,65000.0,2024-11,True
"AS fan kipas angindinding portable panasonic Nasional KDK pajang20,5cm",2.05,18729.545454545452,2.72,24850.909090909092,2.3717668650936234,21669.32454017356,0.0,0.0,2024-11,False
"AS kipas angin model Maspion 18,5 cm.AS Maspion 12""/inci",36.0,229559.10447761195,14.93,95203.26194029851,25.881152466384123,165034.8384175466,59.0,336800.0,2024-11,True
"AS kipas angin model Maspion 20,5 cm.AS Maspion 16""/inci",76.81,496992.99304038007,43.3,280169.2045130641,60.71685425479507,392863.57406701124,52.0,338900.0,2024-11,True
Arang Mixer karbon carbon brush mixer blender umum,14.29,62528.40540540541,8.8,38505.945945945954,11.653432702441805,50991.64201419806,3.0,13500.0,2024-11,True
Arang blender carbon brush bostel arang sepul blender plat kotak.,17.19,76910.76404494382,7.37,32974.5393258427,12.473954305642721,55810.43375850485,3.0,13500.0,2024-11,True
BEARING 629 NKN 2 RS BERING BUSHING BALL LAHER BANTALAN,2.9,19919.375,6.54,44921.625,4.648106550657893,31926.681869831402,4.0,30000.0,2024-11,True
"BOS KIPAS ANGIN BOSHING BOSSING BOSING BREKET KUPING 7 "" 9 "" IN AS 6MM",6.05,37531.801801801805,7.41,45968.70270270271,6.703138711234818,41583.615464471135,9.0,58500.0,2024-11,True
BOSHING BOSSING BOSING KIPAS ANGIN REGENCY 10MM BULET BOS MESIN CUCI,16.1,55880.41666666667,20.02,69486.08333333333,17.982576285323887,62414.52519031166,6.0,21000.0,2024-11,True
BOSHING BOSSING BOSING KIPAS ANGIN REGENCY 10MM GUCI BOS MESIN CUCI,7.81,27087.683333333334,2.01,6971.349999999999,5.0245554962044565,17426.833312669125,0.0,0.0,2024-11,False
"BOSHING BOSSING BOSING KIPAS ANGIN REGENCY BOS MESIN CUCI 12 "" GUCI",5.24,24590.57142857143,5.68,26655.428571428572,5.451309583046559,25582.217114725638,5.0,24000.0,2024-11,True
Bos kipas angin boshing Maspion Gentong guci Dinamofandindingportable,10.48,23838.506666666664,25.75,58572.666666666664,17.813403029820336,40519.55409183132,0.0,0.0,2024-11,False
Bos mesin cuci bulet 10mm boshing fan kipasangin dinamo regenci umum,7.62,24153.394736842107,10.26,32521.5,8.887857498279352,28172.16935967758,2.0,7000.0,2024-11,True
CASING COVER TUTUP IMPELLER CAP SHIMIZU GOLDSTAR 130 PS 128 130 135,2.67,61726.18421052632,3.26,75366.05263157895,2.95334694090334,68276.71809430484,0.0,0.0,2024-11,False
ELEMEN BODY SAMPING MAGIC COM PEMANAS RICE COOKER KABEL SABUK HEATER,23.52,268201.5,25.57,291577.90625,24.504510557376015,279427.9969495784,13.0,157100.0,2024-11,True
ELEMEN TUTUP ATAS MAGIC COM JAR PEMANAS TOP HEATER RICE COOKER KOTAK,66.86,610111.7053824362,24.77,226031.51274787533,46.64631738538718,425657.5568323206,38.0,321000.0,2024-11,True
FUSE KIPAS ANGIN SEIRING THERMAL 2A THERMOFUSE KOTAK 250V,30.0,33894.73684210527,38.74,43769.40350877193,34.19737671778846,38637.03615132591,10.0,13000.0,2024-11,True
GEAR GIGI MIXER MASPION BARU MT 1150 ADONAN MESIN (SEPASANG),3.95,30941.666666666668,4.21,32978.33333333333,4.074864753618422,31919.773903344303,2.0,15800.0,2024-11,True
GEAR GIGI MIXER MASPION SEPASANG,4.33,34080.708333333336,3.81,29987.875,4.080270492763159,32115.129003456696,0.0,0.0,2024-11,False
GEAR GIGI MIXER MIYAKO HM 620 625 650 GRIGI SESET SEPASANG,60.62,459020.81783439487,34.51,261313.23694267514,48.08069724239627,364071.93946309254,121.0,713900.0,2024-11,True
GEAR GIGI MIXER MIYAKO HM 625 HM 620 628 650 GRIGI,12.33,47897.307692307695,10.34,40166.92307692308,11.374304385766703,44184.797806247574,0.0,0.0,2024-11,False
GEAR GIGI MIXER PHILIP SESET SEPASANG.,5.0,38500.0,15.03,115731.0,9.816897995356776,75590.11456424717,2.0,15800.0,2024-11,True
GEAR KOPEL BLENDER PHILIP BARU 2061 2071 2115 2116 PLASTIK GIGI BAGUS,10.62,33503.094339622636,2.81,8864.754716981131,6.869254900923588,21670.555083668376,0.0,0.0,2024-11,False
GEAR KOPEL BLENDER PHILIP BARU 2061 2071 2115 2116 PLASTIK GIGI PISAU,5.19,14648.327586206899,2.71,7648.741379310345,3.9989823501012167,11286.782943302916,0.0,0.0,2024-11,False
GEAR KOPEL BLENDER PHILIP LAMA 2815 COPEL BAUT UPPER MOUNTING PISAU,4.86,13353.784615384617,6.68,18354.584615384614,5.734053275328947,15755.414076519228,0.0,0.0,2024-11,False
GEARBOX KIPAS ANGIN COSMOS / SEKAI / MIYAKO / RRT KOTAK GEARBOK GIRBOK,8.1,67247.20588235294,33.98,282106.17973856203,20.528845475556665,170433.0244718233,4.0,23200.0,2024-11,True
GEARBOX WALLFAN MIYAKO TARIK WALL FAN GEAR BOX KIPAS ANGIN DINDING,5.14,76285.71578947369,4.45,66045.02631578948,4.808628153858806,71367.63437403394,0.0,0.0,2024-11,False
Gear Kopel Maspion Upper Blender Mounting Baut Pisau Flange gigi Spare,8.43,24555.252827586206,19.27,56130.45337931035,13.635899727783396,39719.21297121415,4.0,14000.0,2024-11,True
Gear Kopel Maspion Upper Blender Mounting Baut Pisau Flange gigi putih,6.0,18811.11111111111,9.29,29125.87037037037,7.580019382325403,23764.764470883165,1.0,3500.0,2024-11,True
Gear box kipas angin Maspion bintang girbok/gear bok kipas angin12 16,1.9,23867.289714285715,3.43,43086.73880000001,2.6347810501391695,33097.41192493764,2.0,29400.0,2024-11,True
"Gear box/girbox/gearbox/gear bok kipas angin Cosmos Miyako,umum.rrt",9.71,64360.11928429424,12.17,80665.56660039761,10.891412668851213,72190.79490646112,5.0,25000.0,2024-11,True
"Gigi konektor Miyako lama gear lower panasonic,nasional drat besar POM",13.24,45484.3537414966,25.88,88907.48299319728,19.310348022064773,66338.2704159368,0.0,0.0,2024-11,False
Gigi konektor blender Miyako drat lubang kecil gear lower National,4.24,15009.6,6.28,22231.2,5.219708066852227,18477.766556656883,1.0,2900.0,2024-11,True
Gigi konektor blender Miyako drat lubang kecil gear lower National RRT,11.76,40274.653855670105,65.47,224216.12142268041,37.55417660325149,128612.36934784513,115.0,325800.0,2024-11,True
IMPELLER JET DAB 370 KIPAS IMPELAR GADING MESIN POMPA AIR SPAREPARTS,4.76,112078.16666666666,2.51,59100.04166666666,3.6794396321482807,86635.47233862472,5.0,122500.0,2024-11,True
IMPELLER KUNINGAN NATIONAL PANASONIC GP 125 129 POMPA AIR KIPAS SANEI,3.95,105535.4458598726,4.04,107940.05095541402,3.9932224147140696,106690.255178351,3.0,89700.0,2024-11,True
IMPELLER KUNINGAN POMPA AIR SHIMIZU PS 105 130 135 KIPAS GOLSTAR SANEI,5.67,156833.9312977099,1.29,35681.79389312977,3.566509150581987,98650.7321155254,0.0,0.0,2024-11,False
IMPELLER KUNINGAN PS 226 230 SHIMIZU POMPA AIR KIPAS BIT SPAREPARTS.,1.9,92188.0,0.6,29112.0,1.2756762319078956,61895.81077217109,0.0,0.0,2024-11,False
IMPELLER KUNINGAN SANYO SY 136 PWH IMPELER KIPAS POMPA AIR,4.38,117809.48571428572,1.19,32007.600000000002,2.8480055229124512,76603.21140770805,0.0,0.0,2024-11,False
KABEL TIES 10CM CABLE TIES KABEL TIS CABLE TIE 2.5 × 100MM ISI 100PCS,1.9,9206.50406504065,4.09,19818.211382113823,2.951745424709007,14302.766448183482,0.0,0.0,2024-11,False
"KAPASITOR 1,5UF, 2UF, 2,5UF, 3UF, 3,5UF MIKRO CAPASITOR KIPAS ANGIN - 1,5UF",33.62,119934.53836784408,46.7,166595.56638246044,39.90165760511134,142343.45285487222,76.0,258400.0,2024-11,True
"KAPASITOR 1,5UF, 2UF, 2,5UF, 3UF, 3,5UF MIKRO CAPASITOR KIPAS ANGIN - 2,5UF",28.29,140049.48187808896,36.6,181188.08896210874,32.28086962526569,159806.25894636265,104.0,514800.0,2024-11,True
"KAPASITOR 1,5UF, 2UF, 2,5UF, 3UF, 3,5UF MIKRO CAPASITOR KIPAS ANGIN - 2UF",56.19,269296.1200657895,59.38,284584.50986842107,57.721994477087556,276638.3547808971,11.0,49500.0,2024-11,True
"KAPASITOR 1,5UF, 2UF, 2,5UF, 3UF, 3,5UF MIKRO CAPASITOR KIPAS ANGIN - 3,5UF",13.38,88683.57894736843,12.06,79934.52631578948,12.746071250860327,84481.85471184265,7.0,41300.0,2024-11,True
"KAPASITOR 1,5UF, 2UF, 2,5UF, 3UF, 3,5UF MIKRO CAPASITOR KIPAS ANGIN - 3UF",11.1,63492.60989010989,20.47,117089.52472527472,15.599933620786938,89232.47745011123,6.0,33000.0,2024-11,True
"KAPASITOR 1.5UF 1,5UF 1.5 UF 1,5 UF 450V MIKRO CAPASITOR KIPAS ANGIN",73.05,256794.74452554743,61.04,214575.6496350365,67.28220888093372,236519.06421209985,53.0,185500.0,2024-11,True
KAPASITOR 10 UF 450V KOTAK KABEL SAN EI CAPACITOR PETAK POMPA AIR,5.71,80453.9,4.54,63968.6,5.148108608717107,72536.85029682404,2.0,27000.0,2024-11,True
KAPASITOR 100UF 100 MFD UF 250V 250 VAC CAPASITOR STARTING AC MOTOR,6.9,206469.23076923078,3.81,114006.92307692308,5.416030428150306,162064.29511926687,2.0,46000.0,2024-11,True
KAPASITOR 12 UF 450V KOTAK KABEL SAN EI CAPACITOR PETAK POMPA AIR,4.1,64015.4054054054,2.34,36535.62162162162,3.2547616678137663,50818.265283676024,2.0,31800.0,2024-11,True
KAPASITOR 150UF 150 MFD UF 250V 250 VAC CAPASITOR STARTING AC MOTOR,9.62,346320.0,4.33,155880.0,7.079482512917513,254861.3704650305,3.0,108000.0,2024-11,True
KAPASITOR 200UF 200 MFD UF 250V 250 VAC CAPASITOR STARTING AC MOTOR,2.24,98182.73684210527,1.13,49529.68421052631,1.7069235518598187,74817.15442046616,1.0,44000.0,2024-11,True
KAPASITOR 250UF 250 MFD UF 250V 250 VAC CAPASITOR STARTING AC MOTOR,2.67,146850.0,0.96,52800.0,1.8487741204326935,101682.57662379814,0.0,0.0,2024-11,False
KAPASITOR 2UF 2 UF 400V 400 V 450V 450 V VOLT CAPASITOR KIPAS ANGIN,7.76,36130.56,16.85,78453.6,12.125463886120947,56456.15985377913,5.0,24500.0,2024-11,True
KAPASITOR 3 UF 450V 3UF 450 V 400 VOLT CAPASITOR 3 MICKO KIPAS ANGIN,12.95,76511.64705882352,2.09,12348.21176470588,7.7344952911690354,45697.21806147164,0.0,0.0,2024-11,False
KAPASITOR 300UF 300 MFD UF 250V 250 VAC CAPASITOR STARTING AC MOTOR,2.95,182900.0,2.83,175460.0,2.892370113714575,179326.94705030366,1.0,62000.0,2024-11,True
KAPASITOR 30UF 450 VAC CAPASITOR BULET CONDENSATOR SPAREPARTS DINAMO,7.24,221594.44262295082,5.49,168032.25,6.399564158337553,195871.25037246177,9.0,269100.0,2024-11,True
KAPASITOR 35 UF 450VAC CAPASITOR BULET CONDENSATOR SPAREPARTS,8.57,313012.24836601305,3.78,138061.41176470587,6.269607039106784,228992.27487540216,6.0,207000.0,2024-11,True
KAPASITOR 4 UF 450V 4UF 450 V POMPA AIR CAPASITOR,15.43,142923.8818181818,13.3,123194.27272727272,14.407069518433708,133448.7557484737,19.0,161500.0,2024-11,True
KAPASITOR 40UF 450VAC CAPASITOR 40 UF 450 VAC BULET CONDENSATOR,7.71,307380.8620689655,10.06,401070.2298850575,8.838585273089574,352375.0921805884,0.0,0.0,2024-11,False
KAPASITOR 5 UF 450 V KOTAK CAPACITOR PETAK POMPA AIR SAN EI,32.86,321406.0071428572,16.66,162952.65000000002,25.07996535146762,245308.93252880135,54.0,534600.0,2024-11,True
KAPASITOR 50 UF 50UF 450VAC 450 VAC CAPASITOR BULET CONDENSATOR,9.86,471957.24307692307,13.69,655283.4338461539,11.699353870609816,559999.472470014,44.0,2156000.0,2024-11,True
KAPASITOR 500UF 500 MFD UF 250V 250 VAC CAPASITOR STARTING AC MOTOR,3.57,317730.0,0.34,30260.000000000004,2.01879556081731,179672.80491274057,0.0,0.0,2024-11,False
KAPASITOR 6 UF 450V KOTAK KABEL CAPACITOR PETAK SAN EI POMPA AIR.,13.9,168732.43902439027,4.81,58388.70731707317,9.534536113879055,115739.96643603916,8.0,95200.0,2024-11,True
KAPASITOR 8 UF 450V KOTAK KABEL SAN EI CAPACITOR PETAK POMPA AIR,16.14,216446.89411764705,14.45,193782.99999999997,15.328379101480266,205562.58044443946,12.0,154800.0,2024-11,True
KAPASITOR POMPA AIR 10UF 450VAC CAPASITOR BULET CONDENSATOR SPAREPART,8.1,116539.61538461538,4.49,64600.3547008547,6.366300920913464,91595.83465999726,54.0,729000.0,2024-11,True
KAPASITOR POMPA AIR 12UF 450VAC CAPASITOR BULET CONDENSATOR SPAREPARTS,14.1,220439.84293193716,14.2,222003.24607329842,14.148024905237856,221190.66580906158,25.0,397500.0,2024-11,True
KAPASITOR POMPA AIR 14 UF 450VAC CAPASITOR BULET CONDENSATOR SPAREPART,3.29,55063.11111111111,10.6,177406.9841269841,6.8006205728871425,113818.6401913048,8.0,143200.0,2024-11,True
KAPASITOR POMPA AIR 16UF 450VAC CAPASITOR BULET CONDENSATOR SPAREPARTS,12.62,231536.9667673716,8.77,160901.67975830816,10.771041148342615,197614.4371167826,17.0,321300.0,2024-11,True
KAPASITOR POMPA AIR 20UF 450VAC CAPASITOR BULET CONDENSATOR SPAREPARTS,15.43,367747.21521739126,23.87,568899.9369565217,19.483302002074897,464350.61921597325,26.0,569400.0,2024-11,True
KAPASITOR POMPA AIR 20UF 450VAC CAPASITOR KOTAK 20 UF 450V CONDENSATOR,4.9,116536.94915254238,0.9,21404.745762711864,2.979003790485833,70849.79862389357,4.0,87600.0,2024-11,True
KAPASITOR POMPA AIR 25UF 450VAC CAPASITOR BULET CONDENSATOR SPAREPARTS,5.86,159025.43829787234,10.83,293898.54893617023,8.246837790321354,223798.12187326117,22.0,569800.0,2024-11,True
KAPASITOR POMPA AIR 6 UF 450VAC CAPASITOR BULET CONDENSATOR SPAREPARTS,14.71,172252.88429752068,12.77,149535.64462809917,13.778316838385631,161342.9514736248,21.0,249900.0,2024-11,True
KAPASITOR POMPA AIR 8UF 450VAC CAPASITOR BULET CONDENSATOR SPAREPARTS,7.14,98072.184,5.72,78567.632,6.458046345622471,88705.14138493201,11.0,140800.0,2024-11,True
KARET SEAL ORING BLENDER BUMBU CHOPPER GELAS NATIONAL MIYAKO PAKING,5.95,21102.956204379563,6.36,22557.109489051094,6.146902111475203,21801.311941356213,2.0,7800.0,2024-11,True
KARET SEAL ORING BLENDER PHILIP 1741,3.71,14840.0,1.71,6840.0,2.749501895242916,10998.007580971665,3.0,12000.0,2024-11,True
KIPAS IMPELLER JET DAB 255 IMPELAR GADING MESIN POMPA AIR SPAREPARTS,4.29,95434.11428571428,2.08,46271.08571428572,3.228649594243423,71823.61640222654,5.0,117500.0,2024-11,True
KIPAS PENDINGIN GP 125 NATIONAL NASIONAL PANASONIC FAN POMPA AIR,3.14,15821.548387096776,3.74,18844.77419354839,3.4281494314271255,17273.449715771516,0.0,0.0,2024-11,False
KLEP TABOK KARET SEDOT PLENES POMPA AIR PLENNES PLANES OVAL PACKING,7.43,20458.022900763357,9.06,24946.12213740458,8.212805955377025,22613.428306141166,19.0,55100.0,2024-11,True
KNOP KOMPOR GAS HITACHI TODACHI TOMBOL PUTARAN CETEKAN PEMANTIK,4.33,11805.617647058823,1.88,5125.764705882353,3.1533898216725724,8597.624602030808,0.0,0.0,2024-11,False
KNOP KOMPOR GAS RINNAI TOMBOL PUTARAN CETEKAN SWITCH PEMANTIK,17.62,51013.0843373494,22.09,63954.5421686747,19.766713264132086,57228.20719724025,0.0,0.0,2024-11,False
"Kabel Buntung AC Power listrik Colokan Gepeng Oval SNI Serbaguna 1,2m",8.52,50942.5,2.7,16143.750000000002,5.724950515156887,34230.43328854222,0.0,0.0,2024-11,False
Karet seal Oring sil blender Mounting gelas Nasional Miyako Gmc sanex,12.86,46083.12823284823,20.91,74929.87646569646,16.726004871647266,59936.75173587599,9.0,35100.0,2024-11,True
LAMPU GOSOKAN BAJU SETERIKA SETRIKA INDIKATOR RESISTOR 1 PCS,17.9,14671.96629213483,20.64,16917.842696629214,19.215882403517206,15750.546307152586,2.0,1650.0,2024-11,True
"LEHER KIPAS ANGIN COSMOS DINDING WALL FAN PLAT 12"" 16""",11.24,70107.40298507463,8.75,54576.49253731343,10.044179859577433,62648.69795996133,4.0,23600.0,2024-11,True
"LEHER KIPAS ANGINCOSMOS TIANG BERDIRI STAND FAN PLAT 12"" 16"" SPAREPART",8.14,50086.4375,1.55,9537.34375,4.975158744825409,30612.773651753843,1.0,5900.0,2024-11,True
LEM KOREA HANDSOME SEBAGUNA MULTIFUNGSI EPOTEC BESI POWERGLUE ( 1pcs),12.29,31636.694545454542,18.65,48008.490909090906,15.344383973127528,39499.234234825366,7.0,19600.0,2024-11,True
LEM PIPA ISARPLAS TUBE 45GR FOX FITING PVC,1.71,16147.840909090908,2.01,18980.795454545452,1.8540747157135626,17508.364644976937,2.0,19200.0,2024-11,True
LIS KIPAS ANGIN MULTI RING GAWANG PENGIKAT KIPAS ANGIN,6.14,57215.7037037037,2.18,20314.370370370372,4.238213752580974,39493.87333886567,0.0,0.0,2024-11,False
"Leher kipas angin COSMOS Dinding wall fan kipas angin COSMOS 12"" 16""",4.57,27493.183472222223,6.8,40908.89444444444,5.6409553868041495,33936.06595361636,0.0,0.0,2024-11,False
"Leher kipas angin COSMOS tiang berdiri stand fan leher Cosmos 12"" 16"".",13.33,80130.33834586466,12.35,74239.28571428571,12.85935592866903,77301.16590203677,15.0,88500.0,2024-11,True
MOUNTING PISAU BLENDER JUS PHILIP HR 2061 2115 2116 2071 MANGKOK GELAS,2.57,93805.0,0.79,28835.0,1.7151566867661954,62603.21906696613,0.0,0.0,2024-11,False
MOUNTING PISAU BLENDER NATIONAL MIYAKO LAMA MANGKOK JUS JUICE GELAS,2.29,64625.379310344826,1.52,42895.448275862065,1.920208229668523,54189.60052278342,0.0,0.0,2024-11,False
NITTO ISOLASI LISTRIK 3/4 INCH 25 METER HITAM ISOLASI KABEL.,5.24,41554.35164835165,12.28,97383.0989010989,8.620953328744935,68366.05461196465,4.0,36000.0,2024-11,True
ORING KARET TUTUP IMPELLE SHIMIZU 4 BAUT PS 128 130 135 SEMI JETPAM,6.9,12195.0,6.4,11311.304347826088,6.659875473810731,11770.606000452442,12.0,21600.0,2024-11,True
OTOMATIS MAGIC COM RICE COOKER KAKI PIN 3 ELEMENT THERMOSTAT MTS PER.,4.67,37706.48387096774,4.74,38271.67741935484,4.703617433666498,37977.91753699111,0.0,0.0,2024-11,False
OTOMATIS PER MAGIC COM RICE COOKER KAKI PIN 2 ELEMEN THERMOSTAT MTS,5.43,44311.18681318681,1.67,13627.934065934065,3.624263563056682,29575.583757427386,0.0,0.0,2024-11,False
OTOMATIS PM5 PRESSURE SWITCH JETPUMP POMPA AIR SAN-EI PM 5 SEMI,5.48,309802.6666666667,1.92,108544.0,3.7703133735323915,213148.3827170312,5.0,275000.0,2024-11,True
PINION KIPAS ANGIN MASPION / PEN STOP/ TARIKAN GEARBOX DINAMO,6.1,20287.121212121212,4.13,13735.378787878788,5.153909366814273,17140.653121450498,8.0,28000.0,2024-11,True
PINION PANASONIC NASIONAL PEN STOP TARIKAN GEARBOX KIPAS ANGIN GEAR,22.67,80776.18686868687,89.13,317581.8939393939,54.5873520210779,194501.90328722453,2.0,9000.0,2024-11,True
PISAU BLENDER MASPION JUS + SEAL PUTIH MOUNTING SPAREPART STAINLES,2.0,26742.85714285714,1.34,17917.714285714286,1.6830356254301626,22504.59064860903,3.0,41700.0,2024-11,True
RADAR PELAMPUNG AIR OTOMATIS TOREN ST 70 AB ORIGINAL SHINTUNG POMPA,1.05,58665.46875,1.26,70398.5625,1.1508523009994938,64300.27590490609,0.0,0.0,2024-11,False
SEAL BLENDER JUS PHILIP BARU 2061 2071 2115 2116 KARET PISAU MOUNTING,3.71,14028.4375,1.72,6503.75,2.7543043857667016,10414.71345868034,0.0,0.0,2024-11,False
SEAL KARET PENGAMAN TABUNG GAS LPG ELPIJI REGULATOR SILIKON,69.81,43347.646875,60.53,37585.346875,65.35328879392713,40580.30776047913,20.0,12000.0,2024-11,True
SEAL PDL 255 PEDROLO SIL POMPA AIR MS 14 PDR KARET SPAREPARTS MACHANIC,49.14,329835.6486486487,53.26,357489.75675675675,51.1186260957996,343116.50786194135,10.0,60000.0,2024-11,True
SEAL SANYO 100 101 PH 100 SIL POMPA AIR,7.81,55438.40322580645,1.42,10079.709677419354,4.741208555301117,33654.933632064865,12.0,55200.0,2024-11,True
SEAL SHIMIZU SMZ 230 GOLSTAR GS 250 SIL POMPA AIR PS 226,8.14,63706.210526315794,8.51,66601.94736842105,8.317692149380061,65096.88540067448,6.0,47400.0,2024-11,True
SEAL SIL POMPA AIR PANASONIC NATIONAL NASIONAL GP 200 MECHANICAL,12.14,79523.67032967033,2.64,17293.45054945055,7.577634002403853,49637.666250911396,29.0,142100.0,2024-11,True
SELANG PEMBUANGAN AIR MESIN CUCI MULTI 1-2 TABUNG PANJANG SAMPAI 2M,2.48,31341.0,2.22,28055.250000000004,2.3551352463815793,29763.021676147207,1.0,12900.0,2024-11,True
SELANG PEMBUANGAN MESIN CUCI MULTI 1.2 METER,2.48,21150.857142857145,1.59,13560.428571428572,2.052578343383098,17505.561014281564,1.0,8000.0,2024-11,True
SINGER OIL MINYAK PELUMAS MESIN JAHIT RANTAI SEPEDA 80CC,6.86,50521.88235294118,12.32,90733.17647058824,9.482159825986841,69833.31824785603,1.0,7700.0,2024-11,True
SNAP RING S12 RETAINER CIRCLIP POMPA AIR EXTERNAL EKSTERNAL RETAINING,21.43,19759.720588235294,17.93,16532.514705882353,19.749128316675105,18209.858021404838,20.0,20000.0,2024-11,True
SPINER KIPAS ANGIN KUNCI MUR BALING MASPION FAN DINDING PLAFON DINAMO,6.05,16667.156862745098,4.24,11680.784313725491,5.180749215194839,14272.456171272057,2.0,5600.0,2024-11,True
STIK MIXER PHILIPS GARPU STICK KOCOKAN PENGADUK ADONAN KUE SEPASANG,1.86,47416.90140845071,1.51,38494.3661971831,1.6919128316675105,43131.86232842527,1.0,26800.0,2024-11,True
SWITCH EXHAUST SAKLAR TARIKAN FAN DINAMO MASPION HEXOS DINDING,2.76,20545.44,2.24,16674.56,2.5102704927631585,18686.453548128953,0.0,0.0,2024-11,False
SWITCH FAN KIPAS ANGIN MASPION LURUS 4 PIN SAKLAR ON OFF TIANG BERDIRI,2.1,16096.216216216217,2.03,15559.675675675675,2.0663825663335023,15838.543130058953,0.0,0.0,2024-11,False
SYNCHRONOUS MOTOR ROTARY ROTARI SINKRONUS SWING DINAMO KIPAS ANGIN,13.95,175733.671875,5.14,64750.614583333336,9.719005848545047,122434.16378060367,5.0,64500.0,2024-11,True
Siltip sealtape isolatip Hachi sealtape isolasi keranpipa air.,4.38,12634.615384615385,10.21,29451.92307692308,7.179851975366901,20711.111467404524,2.0,5800.0,2024-11,True
Swit tembok kipas angin wall fan saklar tarikan DinamoDindingPlafon,1.95,9714.329268292684,5.91,29441.890243902442,3.8517862474190263,19188.471732569174,3.0,15600.0,2024-11,True
Switch Micro 3 Pin Saklar Mikro Otomatis Rice Cooker Majic Com Jer lim,14.05,83738.0,5.06,30157.6,9.73256101911691,58006.06367393678,0.0,0.0,2024-11,False
Switch Micro Limid Tombol Pin 3 Magicom Rice Cooker Majic Com Jer,5.43,32580.0,11.04,66240.0,8.12419718384362,48745.18310306172,6.0,36000.0,2024-11,True
"T Kuningan Tebal Tee Jet Pump 3 Way 1"" Sambungan Otomatis Pompa Air",2.38,76017.2,2.55,81447.0,2.461642338904352,78624.856304605,0.0,0.0,2024-11,False
TABUNG ANGIN 2 LITER TANGKI PRESSURE TANK SPART PART POMPA AIR,2.33,141154.3125,0.52,31502.25,1.4607492151948391,88494.01339302235,1.0,60900.0,2024-11,True
TABUNG POMPA AIR PVC FIBER TENGKI OTOMATIS 2 LITER,4.9,134852.08333333334,1.23,33850.625,3.1374859777707518,86346.22867989923,1.0,28900.0,2024-11,True
TALI PEMBUANGAN AIR DRAIN REM MESIN CUCI 2 TABUNG TARIKAN,5.1,23942.18181818182,2.78,13050.836363636365,3.9858221984817828,18711.623484509026,0.0,0.0,2024-11,False
TERMOSTAT BIMETAL PENGATUR SUHU SAKLAR OTOMATIS DISPENSER MAGIC COM,17.76,76063.0303030303,14.08,60302.22222222222,15.992683487246968,68493.91715750216,6.0,27000.0,2024-11,True
TIMAH SOLDER 0.8mm 10M 60/40 TIM TINOL TENOL KAWAT KWALITAS BAGUS,3.33,57931.847560975606,2.43,42274.59146341463,2.8977758528593127,50412.46515727381,0.0,0.0,2024-11,False
"TUSEN KLEP 1/2"" INCH TUSSEN TOSSEN PVC PLASTIK FOOT VALVE",1.86,10846.736842105263,1.97,11488.210526315788,1.91282739576164,11154.803971073143,1.0,6500.0,2024-11,True
"TUSEN KLEP 3/4"" INCH TUSSEN TOSSEN PVC PLASTIK FOOT VALVE",3.43,23030.000000000004,1.98,13294.285714285716,2.7336388740511146,18354.432440057484,0.0,0.0,2024-11,False
Tarikan pinion baut gearbox kipas angin cabutan Cosmos Miyako Multifan,7.0,13702.796610169491,3.08,6029.230508474577,5.117423714676116,10017.573761466407,3.0,6000.0,2024-11,True
Tarikan pinion socket gerbox cabutan kipas angin CosmosMiyakoMaspion,11.0,21475.228668941978,19.25,37581.65017064846,14.962054682122973,29210.322332345895,2.0,4000.0,2024-11,True
Tutup sendok Blender Nasional National tutup gelas juice blender NS.,1.81,14731.067111111111,1.56,12696.389333333333,1.6899377369053648,13753.915036437656,1.0,9500.0,2024-11,True
"WATERMUR 1/2 "" INCH POLOS WATERMOER SAMBUNGAN PIPA UNION SOCKET PVC",2.81,22480.0,2.18,17440.0,2.507443097001519,20059.544776012153,4.0,32000.0,2024-11,True
"WATERMUR 3/4 "" INCH POLOS WATERMOER SAMBUNGAN PIPA PVC UNION SOCKET",2.24,17920.0,2.92,23360.0,2.5665693556174087,20532.55484493927,1.0,8000.0,2024-11,True
"WATERMUR 3/4""INCH DRAT LUAR WATER MUR UNION SOCKET SANYO PVC 1 × 3/4""",13.9,111200.0,20.25,162000.0,16.949581482603744,135596.65186082994,1.0,8000.0,2024-11,True
"WATERMUR1/2"" INCH DRAT LUAR WATERMOR UNION SOCKET SANYO PCV 1×1/2""",6.9,55200.0,4.39,35120.0,5.694574878529861,45556.59902823889,2.0,16000.0,2024-11,True
arang blender Philip,5.81,26538.292307692307,3.63,16580.723076923077,4.763057065814779,21756.179120621662,1.0,4500.0,2024-11,True
bearing nkn 608 2RS ball laher.,5.14,30006.59264150943,5.66,33042.27905660377,5.389729507236842,31464.4781656769,2.0,12800.0,2024-11,True
bos kipasangin dinamoNational boshing fanpanasonic KDK dindingportable,20.0,60083.85964912281,7.49,22501.405438596492,13.992084354744442,42034.9216284576,0.0,0.0,2024-11,False
carbon arang blender Philips brush karbon kaleng bulet,51.43,221536.10752688174,48.21,207665.87096774197,49.883598051341096,214874.93956308864,27.0,121500.0,2024-11,True
drat besar kopel gear gigi karet pisau blender.,5.43,14836.778846153846,20.37,55658.41346153847,12.604920842535417,34441.330186735395,0.0,0.0,2024-11,False
gear konektor Miyako baru blender/ gigi lower mesin dinamo Blender.,46.43,149357.64983164982,40.31,129670.61952861953,43.49087579944333,139902.9721844719,102.0,245800.0,2024-11,True
"kapasitas kipas angin 1,5uf mikro 450V capasitor kotak spareparts",11.38,38526.42612612613,3.77,12763.148198198198,7.725304711399297,26153.636315073738,3.0,11100.0,2024-11,True
"kapasitor 3 uf capasitor 3,0 mickro 450V kotak.spartparts kipas angin",5.29,31169.779220779223,4.9,28871.818181818184,5.102702869572369,30066.185609415374,1.0,6500.0,2024-11,True
"kapasitor 3,5uf mickro 450V kotak capasitor kipas angin spareparts",7.71,50338.83870967742,2.68,17497.806451612905,5.294347266535935,34566.96408860882,1.0,5900.0,2024-11,True
kapasitor 4 uf mickro capasitor kipas angin 450V kotak spareparts,1.9,16898.125,7.61,67681.4375,4.642222089081475,41286.76270476837,2.0,19800.0,2024-11,True
kapasitor kipas angin 2 uf mickro 450V capasitor kotak spareparts,15.24,70197.19846153847,4.94,22754.210000000003,10.29343476050102,47412.748210878526,3.0,14700.0,2024-11,True
"kapasitor kipas angin 2,5uf mickro kotak 450V capasitor spareparts",7.81,37770.2891566265,13.66,66061.73493975904,10.61945695641447,51357.229184394804,7.0,35700.0,2024-11,True
konektor blender maspion conektor kecil gigi atas mesin gear ger lower,13.95,48566.25,26.28,91492.54838709677,19.871470815827426,69181.56412252177,0.0,0.0,2024-11,False
kopel Miyako baru pisau baut flange gigi blender gear upper konektor.,13.0,41198.61751152074,26.11,82745.83870967742,19.296065076682687,61151.63112089716,5.0,11000.0,2024-11,True
kopel gigi karet blender drat lobang kecil gear RRT pisau blender,5.52,16164.537313432835,14.38,42109.79104477612,9.775006604073884,28624.720831631283,0.0,0.0,2024-11,False
oring seal AS kipas angin umum.,68.86,34098.29307392996,98.35,48701.236186770424,83.02254455464322,41111.34266580936,60.0,30000.0,2024-11,True
seal 2 ply mounting bumbu blender Philip karet 2061-2071-2115-2116mill,2.62,10118.620689655172,3.38,13053.793103448275,2.9849892798076922,11528.234459946949,0.0,0.0,2024-11,False
seal pompa air Shimizu 100- 125/sil pompa air Shimizu simitsu 125.,36.86,214641.0759770115,28.24,164445.57747126438,32.720253168496974,190534.73538595796,38.0,186200.0,2024-11,True
seal pompa air Toyomoto 125 sil TM 125 marcanical seal Ty mekanik,11.71,67583.42857142858,3.11,17949.142857142855,7.579858149544541,43746.60989165706,10.0,49000.0,2024-11,True
seal sil pompa air Panasonic National GP125 Nasional Spareparts pompa,10.33,57650.47024390244,37.97,211905.93951219512,23.6040838077429,131731.5131842073,58.0,284200.0,2024-11,True
spiner AS kipas angin Cosmos Miyako/kunci mur baling kipas angin,7.9,24732.266666666666,8.82,27612.48,8.341829128188259,26115.486390648042,2.0,6000.0,2024-11,True
AS 6mm KIPAS ANGIN KECIL 7 IN 9 IN BATANG BESI,12.97,86891.67231638418,2.98,19964.31638418079,8.133648572623956,54490.850154901054,0.0,0.0,2024-12,False
"AS DINAMO KIPAS ANGIN MODEL COSMOS,MIYAKO,UMUM-RRT.",8.5,54978.72340425532,8.99,58148.08510638298,8.737218438379806,56513.07245249917,7.0,35000.0,2024-12,True
AS EXHAUST FAN MASPION EXOS EXSOS EXAUST KIPAS ANGIN,11.52,66298.77551020408,2.87,16517.14285714286,7.332368383703425,42198.528249068695,5.0,22500.0,2024-12,True
AS EXHAUST PANASONIC NATIONAL DINAMO MASPION EXOSOS FAN KIPAS ANGIN,2.02,12257.81308411215,2.77,16808.981308411214,2.383089446499703,14461.12128609586,0.0,0.0,2024-12,False
AS Exhaust/Exaust/Exsos Maspion Panasonic National multi kipas angin.,4.19,24446.74545454546,1.4,8168.363636363636,2.839307259021105,16566.067262179502,0.0,0.0,2024-12,False
AS FAN KIPAS ANGIN COSMOS MOYAKO DRAT KASAR DINAMO PLAFON DINDING PORT,7.98,50823.73333333334,9.82,62542.48888888889,8.870779442079272,56497.00862444265,15.0,75000.0,2024-12,True
AS KIPAS ANGIN MIYAKO COSMOS SEKAI FAN DINAMO DRAT HALUS,14.4,91800.0,9.94,63367.5,12.240828091481767,78035.27908319626,1.0,5800.0,2024-12,True
AS KIPAS ANGIN MIYAKO COSMOS SEKAI FAN DINAMO DRAT HALUS - KASAR - as drat halus,9.98,62092.547169811325,0.57,3546.3679245283015,5.424437744583726,33749.214080688376,1.0,5500.0,2024-12,True
AS KIPAS ANGIN MIYAKO COSMOS SEKAI FAN DINAMO DRAT HALUS - KASAR - as drat kasar,5.5,33825.0,1.19,7318.5,3.413445980781707,20992.6927818075,1.0,5000.0,2024-12,True
AS KIPAS ANGIN REGENCY 10 CM DIAMETER 10 MM,4.36,36473.07692307692,9.4,78634.61538461539,6.7999610804780035,56884.289807844834,0.0,0.0,2024-12,False
"AS fan kipas angin Maspion16""panjang20,5cm plafonportabledindingdinamo",8.76,56620.29197080292,3.2,20683.21167883212,6.068296903282202,39222.45918143351,20.0,130000.0,2024-12,True
"AS fan kipas angindinding portable panasonic Nasional KDK pajang20,5cm",0.82,7491.818181818181,1.09,9958.636363636364,0.950712200739893,8686.052379487204,0.0,0.0,2024-12,False
"AS kipas angin model Maspion 18,5 cm.AS Maspion 12""/inci",17.52,111718.76417910447,6.31,40236.60970149253,12.093023072984439,77112.8763072613,6.0,34800.0,2024-12,True
"AS kipas angin model Maspion 20,5 cm.AS Maspion 16""/inci",29.35,189906.8395486936,16.27,105273.74035629453,23.01772005304518,148934.3260269301,47.0,305500.0,2024-12,True
Arang Mixer karbon carbon brush mixer blender umum,3.56,15577.405405405407,2.82,12339.405405405405,3.201751746120293,14009.827235050687,0.0,0.0,2024-12,False
Arang blender carbon brush bostel arang sepul blender plat kotak.,5.33,23847.25842696629,3.06,13690.921348314607,4.231049275260899,18930.380015830226,0.0,0.0,2024-12,False
BEARING 629 NKN 2 RS BERING BUSHING BALL LAHER BANTALAN,1.3,8929.375,2.91,19988.0625,2.079432011819362,14283.098631184243,0.0,0.0,2024-12,False
"BOS KIPAS ANGIN BOSHING BOSSING BOSING BREKET KUPING 7 "" 9 "" IN AS 6MM",2.8,17370.09009009009,2.51,15571.045045045044,2.6596054140201146,16499.137730578837,0.0,0.0,2024-12,False
BOSHING BOSSING BOSING KIPAS ANGIN REGENCY 10MM BULET BOS MESIN CUCI,4.84,16798.833333333332,7.52,26100.666666666668,6.137439622158938,21302.03002190998,0.0,0.0,2024-12,False
BOSHING BOSSING BOSING KIPAS ANGIN REGENCY 10MM GUCI BOS MESIN CUCI,3.12,10821.2,0.8,2774.666666666667,1.9968433121609188,6925.718221011453,0.0,0.0,2024-12,False
"BOSHING BOSSING BOSING KIPAS ANGIN REGENCY BOS MESIN CUCI 12 "" GUCI",2.06,9667.285714285716,2.25,10558.928571428572,2.1519826597799243,10098.947196252931,0.0,0.0,2024-12,False
Bos kipas angin boshing Maspion Gentong guci Dinamofandindingportable,4.19,9530.853333333334,10.3,23429.066666666666,7.14796869081758,16259.24611537972,0.0,0.0,2024-12,False
Bos mesin cuci bulet 10mm boshing fan kipasangin dinamo regenci umum,2.15,6814.934210526316,3.89,12330.276315789475,2.9923675158793106,9485.017560201657,0.0,0.0,2024-12,False
CASING COVER TUTUP IMPELLER CAP SHIMIZU GOLDSTAR 130 PS 128 130 135,1.07,24736.710526315794,1.3,30053.947368421053,1.1813474302599087,27310.887302192892,0.0,0.0,2024-12,False
ELEMEN BODY SAMPING MAGIC COM PEMANAS RICE COOKER KABEL SABUK HEATER,7.41,84497.15625,9.79,111636.59374999999,8.562203843559056,97635.88070358436,6.0,76200.0,2024-12,True
ELEMEN TUTUP ATAS MAGIC COM JAR PEMANAS TOP HEATER RICE COOKER KOTAK,24.08,219735.11614730876,9.31,84955.72804532578,16.92955850026585,154485.81824661855,7.0,63000.0,2024-12,True
FUSE KIPAS ANGIN SEIRING THERMAL 2A THERMOFUSE KOTAK 250V,8.95,10111.929824561403,14.85,16777.894736842107,11.806303645797662,13339.05183840999,10.0,13000.0,2024-12,True
GEAR GIGI MIXER MASPION BARU MT 1150 ADONAN MESIN (SEPASANG),1.35,10575.0,1.49,11671.666666666666,1.4177766966799443,11105.91745732623,0.0,0.0,2024-12,False
GEAR GIGI MIXER MASPION SEPASANG,1.73,13616.541666666666,1.53,12042.375,1.633176147600079,12854.45726173562,0.0,0.0,2024-12,False
GEAR GIGI MIXER MIYAKO HM 620 625 650 GRIGI SESET SEPASANG,32.23,244048.84458598722,11.15,84428.93630573248,22.024765957048345,166773.7723889058,57.0,336300.0,2024-12,True
GEAR GIGI MIXER MIYAKO HM 625 HM 620 628 650 GRIGI,4.93,19151.153846153848,4.14,16082.307692307691,4.547545783020313,17665.466310963526,0.0,0.0,2024-12,False
GEAR GIGI MIXER PHILIP SESET SEPASANG.,1.22,9394.0,6.02,46354.0,3.5437724575980987,27287.04792350536,3.0,23700.0,2024-12,True
GEAR KOPEL BLENDER PHILIP BARU 2061 2071 2115 2116 PLASTIK GIGI BAGUS,4.25,13407.547169811322,1.12,3533.283018867925,2.7347067099412397,8627.225696267458,0.0,0.0,2024-12,False
GEAR KOPEL BLENDER PHILIP BARU 2061 2071 2115 2116 PLASTIK GIGI PISAU,2.08,5870.620689655173,1.08,3048.2068965517246,1.595880738000396,4504.2358070804285,0.0,0.0,2024-12,False
GEAR KOPEL BLENDER PHILIP LAMA 2815 COPEL BAUT UPPER MOUNTING PISAU,1.94,5330.523076923077,2.67,7336.338461538461,2.2934070612597104,6301.576940630527,0.0,0.0,2024-12,False
GEARBOX KIPAS ANGIN COSMOS / SEKAI / MIYAKO / RRT KOTAK GEARBOK GIRBOK,2.91,24159.18137254902,11.47,95225.36437908497,7.054060882716609,58563.68944280199,7.0,40600.0,2024-12,True
GEARBOX WALLFAN MIYAKO TARIK WALL FAN GEAR BOX KIPAS ANGIN DINDING,2.06,30573.65263157895,1.78,26418.01052631579,1.9244466066401107,28561.826242444466,5.0,60000.0,2024-12,True
Gear Kopel Maspion Upper Blender Mounting Baut Pisau Flange gigi Spare,2.44,7107.332965517242,7.13,20768.55903448276,4.710519338778142,13720.995648034577,0.0,0.0,2024-12,False
Gear Kopel Maspion Upper Blender Mounting Baut Pisau Flange gigi putih,1.83,5737.38888888889,3.18,9969.888888888889,2.4835610036994655,7786.4236653022135,0.0,0.0,2024-12,False
Gear box kipas angin Maspion bintang girbok/gear bok kipas angin12 16,0.76,9546.915885714287,0.99,12436.114114285714,0.8713474302599089,10945.63239990085,0.0,0.0,2024-12,False
"Gear box/girbox/gearbox/gear bok kipas angin Cosmos Miyako,umum.rrt",3.3,21873.161033797216,3.38,22403.419483101392,3.338729540959968,22129.869362943406,13.0,65000.0,2024-12,True
"Gigi konektor Miyako lama gear lower panasonic,nasional drat besar POM",5.3,18207.482993197278,10.35,35556.12244897959,7.744802273097999,26606.29352322782,0.0,0.0,2024-12,False
Gigi konektor blender Miyako drat lubang kecil gear lower National,0.91,3221.4,1.06,3752.4,0.9826178892999405,3478.4673281217897,0.0,0.0,2024-12,False
Gigi konektor blender Miyako drat lubang kecil gear lower National RRT,15.58,53357.066927835054,20.42,69932.68977319589,17.923137228078083,61381.645226914916,5.0,14500.0,2024-12,True
IMPELLER JET DAB 370 KIPAS IMPELAR GADING MESIN POMPA AIR SPAREPARTS,1.92,45207.99999999999,0.96,22603.999999999996,1.4552455084803801,34264.96820176095,0.0,0.0,2024-12,False
IMPELLER KUNINGAN NATIONAL PANASONIC GP 125 129 POMPA AIR KIPAS SANEI,1.47,39275.21656050955,2.16,57710.522292993635,1.8040422907797267,48200.10316645681,1.0,29900.0,2024-12,True
IMPELLER KUNINGAN POMPA AIR SHIMIZU PS 105 130 135 KIPAS GOLSTAR SANEI,2.27,62788.893129770986,0.51,14106.755725190838,1.417950098880697,39220.93269690233,2.0,59800.0,2024-12,True
IMPELLER KUNINGAN PS 226 230 SHIMIZU POMPA AIR KIPAS BIT SPAREPARTS.,0.76,36875.2,0.24,11644.8,0.5082579837602059,24660.677372045193,0.0,0.0,2024-12,False
IMPELLER KUNINGAN SANYO SY 136 PWH IMPELER KIPAS POMPA AIR,1.75,47070.0,0.47,12641.657142857142,1.1303273446405069,30402.576064130662,0.0,0.0,2024-12,False
KABEL TIES 10CM CABLE TIES KABEL TIS CABLE TIE 2.5 × 100MM ISI 100PCS,0.76,3682.6016260162605,1.64,7946.666666666667,1.1860249505596514,5746.917646614246,2.0,11000.0,2024-12,True
"KAPASITOR 1,5UF, 2UF, 2,5UF, 3UF, 3,5UF MIKRO CAPASITOR KIPAS ANGIN - 1,5UF",16.84,60074.28989037759,14.32,51084.55054811206,15.620019459760996,55722.18391443119,7.0,23800.0,2024-12,True
"KAPASITOR 1,5UF, 2UF, 2,5UF, 3UF, 3,5UF MIKRO CAPASITOR KIPAS ANGIN - 2,5UF",19.35,95792.06342668865,11.81,58465.336902800664,15.699740764522986,77721.47612908295,11.0,54450.0,2024-12,True
"KAPASITOR 1,5UF, 2UF, 2,5UF, 3UF, 3,5UF MIKRO CAPASITOR KIPAS ANGIN - 2UF",14.51,69540.60690789475,19.19,91969.96875000001,16.775678146158146,80399.09301001682,12.0,54000.0,2024-12,True
"KAPASITOR 1,5UF, 2UF, 2,5UF, 3UF, 3,5UF MIKRO CAPASITOR KIPAS ANGIN - 3,5UF",4.06,26909.9649122807,4.47,29627.473684210523,4.258488897419838,28225.563253424818,0.0,0.0,2024-12,False
"KAPASITOR 1,5UF, 2UF, 2,5UF, 3UF, 3,5UF MIKRO CAPASITOR KIPAS ANGIN - 3UF",3.16,18075.37362637363,6.38,36493.95054945055,4.718864023638725,26992.161493456562,10.0,55000.0,2024-12,True
"KAPASITOR 1.5UF 1,5UF 1.5 UF 1,5 UF 450V MIKRO CAPASITOR KIPAS ANGIN",24.1,84719.41605839417,21.06,74032.81751824816,22.628277443521203,79545.82785985264,31.0,108500.0,2024-12,True
KAPASITOR 10 UF 450V KOTAK KABEL SAN EI CAPACITOR PETAK POMPA AIR,1.9,26771.0,1.85,26066.5,1.87579403690002,26429.93797992128,0.0,0.0,2024-12,False
KAPASITOR 100UF 100 MFD UF 250V 250 VAC CAPASITOR STARTING AC MOTOR,2.15,64334.61538461538,2.38,71216.92307692308,2.261347430259909,67666.47310546957,1.0,23000.0,2024-12,True
KAPASITOR 12 UF 450V KOTAK KABEL SAN EI CAPACITOR PETAK POMPA AIR,1.45,22639.594594594593,1.23,19204.62162162162,1.343493762360087,20976.658013930333,5.0,79500.0,2024-12,True
KAPASITOR 150UF 150 MFD UF 250V 250 VAC CAPASITOR STARTING AC MOTOR,3.1,111600.0,2.54,91440.0,2.828893213280222,101840.15567808799,0.0,0.0,2024-12,False
KAPASITOR 200UF 200 MFD UF 250V 250 VAC CAPASITOR STARTING AC MOTOR,0.74,32435.36842105263,1.02,44708.21052631579,0.8755533933598891,38376.8876836903,2.0,88000.0,2024-12,True
KAPASITOR 250UF 250 MFD UF 250V 250 VAC CAPASITOR STARTING AC MOTOR,1.07,58850.0,0.39,21450.0,0.7407989018402693,40743.93960121481,0.0,0.0,2024-12,False
KAPASITOR 2UF 2 UF 400V 400 V 450V 450 V VOLT CAPASITOR KIPAS ANGIN,2.23,10382.88,3.65,16994.399999999998,2.917449352039437,13583.64418309562,0.0,0.0,2024-12,False
KAPASITOR 3 UF 450V 3UF 450 V 400 VOLT CAPASITOR 3 MICKO KIPAS ANGIN,5.18,30604.658823529408,0.84,4962.917647058824,3.0789224029217186,18190.998008791612,0.0,0.0,2024-12,False
KAPASITOR 300UF 300 MFD UF 250V 250 VAC CAPASITOR STARTING AC MOTOR,0.97,60140.0,0.93,57660.0,0.9506352295200158,58939.384230240976,2.0,124000.0,2024-12,True
KAPASITOR 30UF 450 VAC CAPASITOR BULET CONDENSATOR SPAREPARTS DINAMO,2.99,91514.83196721312,3.57,109266.87295081966,3.2707891719597697,100108.93694718342,6.0,179400.0,2024-12,True
KAPASITOR 35 UF 450VAC CAPASITOR BULET CONDENSATOR SPAREPARTS,3.37,123086.49673202615,2.52,92040.94117647059,2.9584986273003366,108056.74528810287,4.0,138000.0,2024-12,True
KAPASITOR 4 UF 450V 4UF 450 V POMPA AIR CAPASITOR,6.95,64375.954545454544,4.94,45757.87272727273,5.976920283380796,55362.58251578811,0.0,0.0,2024-12,False
KAPASITOR 40UF 450VAC CAPASITOR 40 UF 450 VAC BULET CONDENSATOR,3.09,123191.55172413793,4.02,160268.62068965516,3.5402309136596313,141141.27498883253,1.0,40000.0,2024-12,True
KAPASITOR 5 UF 450 V KOTAK CAPACITOR PETAK POMPA AIR SAN EI,16.48,161192.05714285717,5.79,56632.40357142858,11.304765089224233,110572.71482092289,11.0,108900.0,2024-12,True
KAPASITOR 50 UF 50UF 450VAC 450 VAC CAPASITOR BULET CONDENSATOR,7.79,372874.94153846154,5.71,273313.9815384615,6.783031935040824,324675.5630592895,2.0,98000.0,2024-12,True
KAPASITOR 500UF 500 MFD UF 250V 250 VAC CAPASITOR STARTING AC MOTOR,1.43,127270.0,0.14,12460.000000000002,0.8054861520205109,71688.26752982546,0.0,0.0,2024-12,False
KAPASITOR 6 UF 450V KOTAK KABEL CAPACITOR PETAK SAN EI POMPA AIR.,4.84,58752.87804878049,1.67,20272.170731707316,3.3053419394612553,40123.626421216264,11.0,130900.0,2024-12,True
KAPASITOR 8 UF 450V KOTAK KABEL SAN EI CAPACITOR PETAK POMPA AIR,6.34,85023.1294117647,4.98,66784.72941176471,5.681597803680539,76193.56866371114,8.0,103200.0,2024-12,True
KAPASITOR POMPA AIR 10UF 450VAC CAPASITOR BULET CONDENSATOR SPAREPART,8.61,123877.29487179486,0.67,9639.696581196582,4.766093059723144,68572.67309474321,2.0,27000.0,2024-12,True
KAPASITOR POMPA AIR 12UF 450VAC CAPASITOR BULET CONDENSATOR SPAREPARTS,6.97,108969.19895287958,6.65,103966.30890052357,6.815081836160127,106547.20351286783,10.0,159000.0,2024-12,True
KAPASITOR POMPA AIR 14 UF 450VAC CAPASITOR BULET CONDENSATOR SPAREPART,1.62,27113.14285714286,4.12,68954.4126984127,2.83029815499901,47369.3075338247,5.0,89500.0,2024-12,True
KAPASITOR POMPA AIR 16UF 450VAC CAPASITOR BULET CONDENSATOR SPAREPARTS,5.77,105861.19637462235,4.42,81092.97885196375,5.116438996300534,93870.4251865072,1.0,18900.0,2024-12,True
KAPASITOR POMPA AIR 20UF 450VAC CAPASITOR BULET CONDENSATOR SPAREPARTS,7.28,173506.13913043478,11.0,262165.8695652174,9.080923654638525,216428.02239760553,0.0,0.0,2024-12,False
KAPASITOR POMPA AIR 20UF 450VAC CAPASITOR KOTAK 20 UF 450V CONDENSATOR,1.77,42096.0,0.66,15696.813559322034,1.2326276191804395,29315.64534294903,0.0,0.0,2024-12,False
KAPASITOR POMPA AIR 25UF 450VAC CAPASITOR BULET CONDENSATOR SPAREPARTS,4.27,115876.89787234041,4.33,117505.14468085107,4.299047155719975,116665.16351562979,0.0,0.0,2024-12,False
KAPASITOR POMPA AIR 6 UF 450VAC CAPASITOR BULET CONDENSATOR SPAREPARTS,6.82,79861.63636363637,6.03,70610.80165289257,6.437545783020313,75383.12909059075,14.0,166600.0,2024-12,True
KAPASITOR POMPA AIR 8UF 450VAC CAPASITOR BULET CONDENSATOR SPAREPARTS,3.24,44503.344000000005,2.63,36124.628,2.9446872501802415,40447.04619357573,4.0,51200.0,2024-12,True
KARET SEAL ORING BLENDER BUMBU CHOPPER GELAS NATIONAL MIYAKO PAKING,1.9,6738.759124087591,2.6,9221.459854014598,2.2388834833997224,7940.68236922573,0.0,0.0,2024-12,False
KARET SEAL ORING BLENDER PHILIP 1741,1.43,5720.0,0.75,3000.0,1.1007989018402693,4403.195607361077,0.0,0.0,2024-12,False
KIPAS IMPELLER JET DAB 255 IMPELAR GADING MESIN POMPA AIR SPAREPARTS,1.81,40264.74285714286,1.04,23135.54285714286,1.437228168260305,31972.16719449924,0.0,0.0,2024-12,False
KIPAS PENDINGIN GP 125 NATIONAL NASIONAL PANASONIC FAN POMPA AIR,1.26,6348.774193548387,1.5,7558.064516129032,1.376188622879905,6934.214932059393,0.0,0.0,2024-12,False
KLEP TABOK KARET SEDOT PLENES POMPA AIR PLENNES PLANES OVAL PACKING,4.32,11894.83969465649,3.73,10270.312977099236,4.034369635420234,11108.375019054032,0.0,0.0,2024-12,False
KNOP KOMPOR GAS HITACHI TODACHI TOMBOL PUTARAN CETEKAN PEMANTIK,1.73,4716.794117647059,0.75,2044.8529411764707,1.255563123240388,3423.255927187764,0.0,0.0,2024-12,False
KNOP KOMPOR GAS RINNAI TOMBOL PUTARAN CETEKAN SWITCH PEMANTIK,7.05,20411.024096385543,8.84,25593.397590361445,7.916573478979291,22919.910927695466,6.0,17400.0,2024-12,True
"Kabel Buntung AC Power listrik Colokan Gepeng Oval SNI Serbaguna 1,2m",3.41,20388.958333333336,1.08,6457.500000000001,2.282002119540923,13644.471006421769,0.0,0.0,2024-12,False
Karet seal Oring sil blender Mounting gelas Nasional Miyako Gmc sanex,4.08,14620.4637006237,8.08,28954.25164241164,6.016477047998416,21559.7265406609,0.0,0.0,2024-12,False
LAMPU GOSOKAN BAJU SETERIKA SETRIKA INDIKATOR RESISTOR 1 PCS,5.24,4295.033707865169,8.08,6622.876404494382,6.614898704078875,5421.987196208472,45.0,37125.0,2024-12,True
"LEHER KIPAS ANGIN COSMOS DINDING WALL FAN PLAT 12"" 16""",3.7,23078.05970149254,3.13,19522.79104477612,3.424052020660225,21356.885663192657,4.0,23600.0,2024-12,True
"LEHER KIPAS ANGINCOSMOS TIANG BERDIRI STAND FAN PLAT 12"" 16"" SPAREPART",2.5,15382.8125,0.84,5168.625,1.6963620250806573,10437.92758557442,0.0,0.0,2024-12,False
LEM KOREA HANDSOME SEBAGUNA MULTIFUNGSI EPOTEC BESI POWERGLUE ( 1pcs),3.75,9653.181818181818,7.23,18611.334545454545,5.434735031758622,13989.996105388831,8.0,22400.0,2024-12,True
LEM PIPA ISARPLAS TUBE 45GR FOX FITING PVC,0.72,6799.090909090909,0.55,5193.75,0.6376997254600674,6021.914452924045,0.0,0.0,2024-12,False
LIS KIPAS ANGIN MULTI RING GAWANG PENGIKAT KIPAS ANGIN,2.46,22923.555555555555,0.87,8107.11111111111,1.6902503734206296,15750.629405652977,0.0,0.0,2024-12,False
"Leher kipas angin COSMOS Dinding wall fan kipas angin COSMOS 12"" 16""",1.83,11009.305416666666,2.72,16363.557777777778,2.2608661431796477,13601.402118287415,1.0,5900.0,2024-12,True
"Leher kipas angin COSMOS tiang berdiri stand fan leher Cosmos 12"" 16"".",5.71,34324.398496240596,5.39,32400.789473684206,5.555081836160126,33393.14231586482,0.0,0.0,2024-12,False
MOUNTING PISAU BLENDER JUS PHILIP HR 2061 2115 2116 2071 MANGKOK GELAS,1.03,37595.0,0.32,11680.0,0.6862753239802811,25049.049325280263,0.0,0.0,2024-12,False
MOUNTING PISAU BLENDER NATIONAL MIYAKO LAMA MANGKOK JUS JUICE GELAS,0.91,25680.8275862069,0.61,17214.62068965517,0.7647642214001188,21582.173751512317,0.0,0.0,2024-12,False
NITTO ISOLASI LISTRIK 3/4 INCH 25 METER HITAM ISOLASI KABEL.,1.79,14195.093406593407,4.38,34734.36263736264,3.043868888578974,24138.54926860458,3.0,27000.0,2024-12,True
ORING KARET TUTUP IMPELLE SHIMIZU 4 BAUT PS 128 130 135 SEMI JETPAM,3.5,6185.869565217391,3.48,6150.521739130434,3.4903176147600075,6168.7570017388825,5.0,9000.0,2024-12,True
OTOMATIS MAGIC COM RICE COOKER KAKI PIN 3 ELEMENT THERMOSTAT MTS PER.,1.87,15098.741935483871,1.9,15340.967741935483,1.884523577859988,15216.008114140484,0.0,0.0,2024-12,False
OTOMATIS PER MAGIC COM RICE COOKER KAKI PIN 2 ELEMEN THERMOSTAT MTS,2.17,17708.153846153844,0.67,5467.494505494506,1.443821107000594,11782.214879765286,0.0,0.0,2024-12,False
OTOMATIS PM5 PRESSURE SWITCH JETPUMP POMPA AIR SAN-EI PM 5 SEMI,2.15,121546.66666666667,0.92,52010.66666666667,1.554533307740487,87882.94966426221,10.0,550000.0,2024-12,True
PINION KIPAS ANGIN MASPION / PEN STOP/ TARIKAN GEARBOX DINAMO,2.67,8879.772727272728,1.22,4057.4242424242425,1.9680270701005742,6545.180937682971,0.0,0.0,2024-12,False
PINION PANASONIC NASIONAL PEN STOP TARIKAN GEARBOX KIPAS ANGIN GEAR,5.6,19953.535353535353,32.6,116158.08080808082,18.671220073989307,66528.00889999725,3.0,13500.0,2024-12,True
PISAU BLENDER MASPION JUS + SEAL PUTIH MOUNTING SPAREPART STAINLES,0.9,12034.285714285714,0.48,6418.285714285714,0.6966699099601663,9315.471938895938,0.0,0.0,2024-12,False
RADAR PELAMPUNG AIR OTOMATIS TOREN ST 70 AB ORIGINAL SHINTUNG POMPA,0.42,23466.1875,0.51,28494.65625,0.46357073357996437,25900.56608023807,2.0,114000.0,2024-12,True
SEAL BLENDER JUS PHILIP BARU 2061 2071 2115 2116 KARET PISAU MOUNTING,1.49,5634.0625,0.69,2609.0625,1.1027045904003168,4169.601732451198,0.0,0.0,2024-12,False
SEAL KARET PENGAMAN TABUNG GAS LPG ELPIJI REGULATOR SILIKON,20.8,12915.5,23.35,14498.890625,22.03450411809899,13682.049900832091,0.0,0.0,2024-12,False
SEAL PDL 255 PEDROLO SIL POMPA AIR MS 14 PDR KARET SPAREPARTS MACHANIC,14.19,95245.58108108108,20.52,137733.56756756757,17.25447492845749,115814.83374276805,10.0,60000.0,2024-12,True
SEAL SANYO 100 101 PH 100 SIL POMPA AIR,3.92,27825.677419354837,0.75,5323.790322580645,2.3853419394612554,16932.080444466104,2.0,9200.0,2024-12,True
SEAL SHIMIZU SMZ 230 GOLSTAR GS 250 SIL POMPA AIR PS 226,2.67,20896.263157894737,3.04,23792.0,2.849124126939853,22298.1451408398,2.0,15800.0,2024-12,True
SEAL SIL POMPA AIR PANASONIC NATIONAL NASIONAL GP 200 MECHANICAL,6.69,43823.17582417583,1.62,10611.890109890111,4.2355153416620075,27744.952694117834,1.0,4900.0,2024-12,True
SELANG PEMBUANGAN AIR MESIN CUCI MULTI 1-2 TABUNG PANJANG SAMPAI 2M,0.8,10110.0,1.12,14154.000000000002,0.9549181638398733,12067.7782955264,0.0,0.0,2024-12,False
SELANG PEMBUANGAN MESIN CUCI MULTI 1.2 METER,0.84,7164.0,0.57,4861.285714285715,0.7092877992601069,6049.211659404055,0.0,0.0,2024-12,False
SINGER OIL MINYAK PELUMAS MESIN JAHIT RANTAI SEPEDA 80CC,2.0,14729.411764705883,6.57,48386.117647058825,4.21242502733819,31023.27137780832,4.0,30800.0,2024-12,True
SNAP RING S12 RETAINER CIRCLIP POMPA AIR EXTERNAL EKSTERNAL RETAINING,8.76,8077.235294117647,5.92,5458.588235294117,7.385101295921125,6809.497812562566,0.0,0.0,2024-12,False
SPINER KIPAS ANGIN KUNCI MUR BALING MASPION FAN DINDING PLAFON DINAMO,1.14,3140.5882352941176,2.17,5978.137254901961,1.638642839859592,4514.300372554367,0.0,0.0,2024-12,False
STIK MIXER PHILIPS GARPU STICK KOCOKAN PENGADUK ADONAN KUE SEPASANG,0.59,15040.845070422534,0.61,15550.704225352112,0.5996823852399921,15287.677708230784,0.0,0.0,2024-12,False
SWITCH EXHAUST SAKLAR TARIKAN FAN DINAMO MASPION HEXOS DINDING,1.1,8188.400000000001,0.89,6625.16,0.9983349549800831,7431.605404871739,0.0,0.0,2024-12,False
SWITCH FAN KIPAS ANGIN MASPION LURUS 4 PIN SAKLAR ON OFF TIANG BERDIRI,0.84,6438.486486486487,0.81,6208.540540540541,0.8254764221400119,6327.165224835335,0.0,0.0,2024-12,False
SYNCHRONOUS MOTOR ROTARY ROTARI SINKRONUS SWING DINAMO KIPAS ANGIN,3.73,46988.286458333336,2.09,26328.557291666668,2.9360444103206493,36986.513621054975,7.0,90300.0,2024-12,True
Siltip sealtape isolatip Hachi sealtape isolasi keranpipa air.,1.41,4067.3076923076924,3.95,11394.23076923077,2.6396629254789943,7614.412285035561,0.0,0.0,2024-12,False
Swit tembok kipas angin wall fan saklar tarikan DinamoDindingPlafon,0.88,4383.90243902439,3.78,18830.853658536584,2.2839458597988513,11377.949801558912,1.0,5200.0,2024-12,True
Switch Micro 3 Pin Saklar Mikro Otomatis Rice Cooker Majic Com Jer lim,5.62,33495.2,2.02,12039.2,3.8771706568014257,23107.937114536497,0.0,0.0,2024-12,False
Switch Micro Limid Tombol Pin 3 Magicom Rice Cooker Majic Com Jer,2.04,12240.0,3.68,22080.0,2.8339555896793502,17003.7335380761,0.0,0.0,2024-12,False
"T Kuningan Tebal Tee Jet Pump 3 Way 1"" Sambungan Otomatis Pompa Air",0.95,30343.0,1.02,32578.8,0.9838883483399723,31425.393845978717,0.0,0.0,2024-12,False
TABUNG ANGIN 2 LITER TANGKI PRESSURE TANK SPART PART POMPA AIR,0.84,50888.25,0.22,13327.875,0.5398460575602455,32704.548974571622,1.0,61900.0,2024-12,True
TABUNG POMPA AIR PVC FIBER TENGKI OTOMATIS 2 LITER,1.52,41831.666666666664,0.5,13760.416666666666,1.026198352760404,28241.833833260283,0.0,0.0,2024-12,False
TALI PEMBUANGAN AIR DRAIN REM MESIN CUCI 2 TABUNG TARIKAN,2.04,9576.872727272728,1.11,5210.9454545454555,1.5897690863403682,7463.243238056057,0.0,0.0,2024-12,False
TERMOSTAT BIMETAL PENGATUR SUHU SAKLAR OTOMATIS DISPENSER MAGIC COM,6.08,26039.595959595958,6.35,27195.959595959594,6.210712200739893,26599.413869835502,0.0,0.0,2024-12,False
TIMAH SOLDER 0.8mm 10M 60/40 TIM TINOL TENOL KAWAT KWALITAS BAGUS,1.33,23137.94512195122,0.97,16875.042682926825,1.1557170656801425,20105.95341519521,0.0,0.0,2024-12,False
"TUSEN KLEP 1/2"" INCH TUSSEN TOSSEN PVC PLASTIK FOOT VALVE",0.67,3907.157894736842,0.7,4082.105263157894,0.6845235778599881,3991.8532856256147,2.0,13000.0,2024-12,True
"TUSEN KLEP 3/4"" INCH TUSSEN TOSSEN PVC PLASTIK FOOT VALVE",1.37,9198.57142857143,0.79,5304.285714285715,1.0892108280402297,7313.272702555829,2.0,13800.0,2024-12,True
Tarikan pinion baut gearbox kipas angin cabutan Cosmos Miyako Multifan,2.3,4502.347457627118,1.67,3269.095762711864,1.9950048649402494,3905.3065572249848,0.0,0.0,2024-12,False
Tarikan pinion socket gerbox cabutan kipas angin CosmosMiyakoMaspion,3.05,5954.495221843003,7.76,15149.797679180887,5.330201724018134,10406.118261352563,2.0,4000.0,2024-12,True
Tutup sendok Blender Nasional National tutup gelas juice blender NS.,0.61,4964.613777777778,0.63,5127.388,0.619682385239992,5043.415914112558,0.0,0.0,2024-12,False
"WATERMUR 1/2 "" INCH POLOS WATERMOER SAMBUNGAN PIPA UNION SOCKET PVC",1.22,9760.0,0.78,6240.0,1.0069875247201743,8055.900197761394,0.0,0.0,2024-12,False
"WATERMUR 3/4 "" INCH POLOS WATERMOER SAMBUNGAN PIPA PVC UNION SOCKET",0.76,6080.0,0.85,6800.0,0.8035707335799642,6428.565868639714,0.0,0.0,2024-12,False
"WATERMUR 3/4""INCH DRAT LUAR WATER MUR UNION SOCKET SANYO PVC 1 × 3/4""",4.1,32800.0,8.05,64400.00000000001,6.012271084898435,48098.16867918748,0.0,0.0,2024-12,False
"WATERMUR1/2"" INCH DRAT LUAR WATERMOR UNION SOCKET SANYO PCV 1×1/2""",1.81,14480.0,1.87,14960.0,1.8390471557199763,14712.377245759812,0.0,0.0,2024-12,False
arang blender Philip,1.7,7765.076923076923,1.53,6988.569230769231,1.6176997254600671,7389.1545921399065,0.0,0.0,2024-12,False
bearing nkn 608 2RS ball laher.,1.79,10449.766698113206,5.5,32108.221698113204,3.5860824620185303,20935.041948764836,0.0,0.0,2024-12,False
bos kipasangin dinamoNational boshing fanpanasonic KDK dindingportable,8.0,24033.543859649122,3.0,9012.57894736842,5.57940369000198,16761.605411793844,0.0,0.0,2024-12,False
carbon arang blender Philips brush karbon kaleng bulet,17.28,74434.06451612904,19.8,85289.03225806453,18.499980540239,79689.16348838435,0.0,0.0,2024-12,False
drat besar kopel gear gigi karet pisau blender.,2.17,5929.246794871795,8.15,22268.83012820513,5.065033186757631,13839.553819586155,0.0,0.0,2024-12,False
gear konektor Miyako baru blender/ gigi lower mesin dinamo Blender.,26.27,84506.25589225588,16.15,51951.88552188552,21.370713068564005,68746.0581336904,3.0,8700.0,2024-12,True
"kapasitas kipas angin 1,5uf mikro 450V capasitor kotak spareparts",3.75,12695.439189189188,1.85,6263.083333333333,2.8301734022007525,9581.411819333422,0.0,0.0,2024-12,False
"kapasitor 3 uf capasitor 3,0 mickro 450V kotak.spartparts kipas angin",1.28,7542.025974025974,1.44,8484.77922077922,1.3574590819199366,7998.430980091886,3.0,19500.0,2024-12,True
"kapasitor 3,5uf mickro 450V kotak capasitor kipas angin spareparts",2.36,15408.516129032258,1.17,7638.967741935483,1.7838980782204712,11647.128097800754,4.0,23600.0,2024-12,True
kapasitor 4 uf mickro capasitor kipas angin 450V kotak spareparts,0.76,6759.25,3.82,33974.125,2.2414049417187876,19934.495200411468,0.0,0.0,2024-12,False
kapasitor kipas angin 2 uf mickro 450V capasitor kotak spareparts,5.01,23076.63807692308,1.94,8935.863846153847,3.5237538656612157,16230.81689222006,0.0,0.0,2024-12,False
"kapasitor kipas angin 2,5uf mickro kotak 450V capasitor spareparts",2.91,14073.180722891568,6.02,29113.590361445782,4.415610904818768,21354.532737280166,0.0,0.0,2024-12,False
konektor blender maspion conektor kecil gigi atas mesin gear ger lower,5.58,19426.5,10.51,36590.0564516129,7.966707961658047,27735.70828264338,0.0,0.0,2024-12,False
kopel Miyako baru pisau baut flange gigi blender gear upper konektor.,4.04,12803.26267281106,10.43,33053.967741935485,7.133522084177469,22607.019065847213,4.0,8800.0,2024-12,True
kopel gigi karet blender drat lobang kecil gear RRT pisau blender,2.21,6471.671641791045,5.75,16838.059701492537,3.9237821874785976,11490.239778855235,0.0,0.0,2024-12,False
oring seal AS kipas angin umum.,24.84,12300.342723735408,40.22,19916.25540856031,32.285754249553904,15987.35275216626,90.0,45000.0,2024-12,True
seal 2 ply mounting bumbu blender Philip karet 2061-2071-2115-2116mill,1.05,4055.1724137931037,1.35,5213.793103448276,1.1952357785998813,4616.0830070064385,0.0,0.0,2024-12,False
seal pompa air Shimizu 100- 125/sil pompa air Shimizu simitsu 125.,14.8,86182.52643678163,11.83,68887.78971264369,13.362165791861177,77809.81125741452,10.0,49000.0,2024-12,True
seal pompa air Toyomoto 125 sil TM 125 marcanical seal Ty mekanik,4.74,27356.57142857143,1.21,6983.428571428572,3.031059005141398,17493.540543958927,0.0,0.0,2024-12,False
seal sil pompa air Panasonic National GP125 Nasional Spareparts pompa,9.83,54860.031219512195,15.2,84829.34634146342,12.429720436937872,69368.75393898478,12.0,58800.0,2024-12,True
spiner AS kipas angin Cosmos Miyako/kunci mur baling kipas angin,2.5,7826.666666666666,3.54,11082.56,3.003484032479588,9402.90734434943,24.0,72000.0,2024-12,True
AS 6mm KIPAS ANGIN KECIL 7 IN 9 IN BATANG BESI,18.81,126016.37288135593,4.32,28941.5593220339,11.763901753977436,78811.49547947143,10.0,65000.0,2025-01,True
"AS DINAMO KIPAS ANGIN MODEL COSMOS,MIYAKO,UMUM-RRT.",9.94,64292.765957446805,9.07,58665.53191489362,9.51694234133612,61556.393016301714,0.0,0.0,2025-01,False
AS EXHAUST FAN MASPION EXOS EXSOS EXAUST KIPAS ANGIN,12.9,74240.81632653062,2.62,15078.367346938776,7.901111803373915,45471.704664315184,0.0,0.0,2025-01,False
AS EXHAUST PANASONIC NATIONAL DINAMO MASPION EXOSOS FAN KIPAS ANGIN,2.93,17779.89719626168,4.02,24394.261682242988,3.460037756257046,20996.285188202804,0.0,0.0,2025-01,False
AS Exhaust/Exaust/Exsos Maspion Panasonic National multi kipas angin.,6.08,35474.03636363637,2.02,11785.781818181818,4.105730926235224,23955.073713252426,0.0,0.0,2025-01,False
AS FAN KIPAS ANGIN COSMOS MOYAKO DRAT KASAR DINAMO PLAFON DINDING PORT,8.89,56619.42222222222,14.17,90247.15555555555,11.457522342235968,72971.68673966285,40.0,200000.0,2025-01,True
AS KIPAS ANGIN MIYAKO COSMOS SEKAI FAN DINAMO DRAT HALUS,13.26,84532.5,14.33,91353.75,13.780312292839486,87849.49086685173,0.0,0.0,2025-01,False
AS KIPAS ANGIN MIYAKO COSMOS SEKAI FAN DINAMO DRAT HALUS - KASAR - as drat halus,11.16,69434.15094339622,0.95,5910.61320754717,6.195150925335377,38544.35882319511,4.0,22000.0,2025-01,True
AS KIPAS ANGIN MIYAKO COSMOS SEKAI FAN DINAMO DRAT HALUS - KASAR - as drat kasar,5.72,35178.0,1.79,11008.5,3.8089464384493663,23425.020596463604,13.0,65000.0,2025-01,True
AS KIPAS ANGIN REGENCY 10 CM DIAMETER 10 MM,6.32,52869.23076923077,13.63,114020.19230769231,9.874656879118357,82605.30273877856,0.0,0.0,2025-01,False
"AS fan kipas angin Maspion16""panjang20,5cm plafonportabledindingdinamo",11.74,75881.53284671533,2.06,13314.817518248175,7.03287570590073,45457.01779251895,3.0,19500.0,2025-01,True
"AS fan kipas angindinding portable panasonic Nasional KDK pajang20,5cm",1.19,10872.272727272726,1.57,14344.09090909091,1.3747838049336494,12560.524763257432,0.0,0.0,2025-01,False
"AS kipas angin model Maspion 18,5 cm.AS Maspion 12""/inci",20.08,128042.96716417909,3.59,22892.144029850744,12.061355412221387,76910.94297821498,16.0,92800.0,2025-01,True
"AS kipas angin model Maspion 20,5 cm.AS Maspion 16""/inci",40.43,261599.09788598574,24.22,156713.5827553444,32.547511900067235,210596.08586423384,49.0,318500.0,2025-01,True
Arang Mixer karbon carbon brush mixer blender umum,5.16,22578.486486486487,4.09,17896.513513513513,4.639687707160515,20301.768642953717,10.0,45000.0,2025-01,True
Arang blender carbon brush bostel arang sepul blender plat kotak.,7.73,34585.23595505618,4.43,19820.516853932582,6.125298536102521,27405.54918062948,3.0,13500.0,2025-01,True
BEARING 629 NKN 2 RS BERING BUSHING BALL LAHER BANTALAN,1.88,12913.25,4.22,28986.125,3.017879219854576,20729.05789137612,0.0,0.0,2025-01,False
"BOS KIPAS ANGIN BOSHING BOSSING BOSING BREKET KUPING 7 "" 9 "" IN AS 6MM",4.06,25186.63063063063,3.64,22581.11711711712,3.85576526823123,23919.639312648877,5.0,25000.0,2025-01,True
BOSHING BOSSING BOSING KIPAS ANGIN REGENCY 10MM BULET BOS MESIN CUCI,7.02,24365.25,10.91,37866.79166666667,8.911602634715514,30930.687477991763,2.0,7000.0,2025-01,True
BOSHING BOSSING BOSING KIPAS ANGIN REGENCY 10MM GUCI BOS MESIN CUCI,4.53,15711.550000000001,1.16,4023.2666666666664,2.89125941414106,10027.851401379243,0.0,0.0,2025-01,False
"BOSHING BOSSING BOSING KIPAS ANGIN REGENCY BOS MESIN CUCI 12 "" GUCI",2.98,13984.714285714286,3.26,15298.714285714286,3.1161564878458465,14623.677232248008,0.0,0.0,2025-01,False
Bos kipas angin boshing Maspion Gentong guci Dinamofandindingportable,6.08,13829.973333333333,14.94,33983.52,10.388380293979292,23630.102375371564,0.0,0.0,2025-01,False
Bos mesin cuci bulet 10mm boshing fan kipasangin dinamo regenci umum,3.12,9889.578947368422,5.64,17877.315789473683,4.34540839061262,13773.801069718162,8.0,28000.0,2025-01,True
CASING COVER TUTUP IMPELLER CAP SHIMIZU GOLDSTAR 130 PS 128 130 135,1.55,35833.55263157895,1.89,43693.81578947369,1.7153328780985282,39655.787721304136,1.0,23500.0,2025-01,True
ELEMEN BODY SAMPING MAGIC COM PEMANAS RICE COOKER KABEL SABUK HEATER,7.51,85637.46875,15.83,180511.46875,11.55579278170516,131772.14956388166,35.0,444500.0,2025-01,True
ELEMEN TUTUP ATAS MAGIC COM JAR PEMANAS TOP HEATER RICE COOKER KOTAK,26.18,238898.06232294615,14.99,136786.93484419264,20.738603217874914,189244.16058192257,14.0,126000.0,2025-01,True
FUSE KIPAS ANGIN SEIRING THERMAL 2A THERMOFUSE KOTAK 250V,9.67,10925.40350877193,23.83,26923.719298245614,16.55562809963282,18704.955256427256,10.0,13000.0,2025-01,True
GEAR GIGI MIXER MASPION BARU MT 1150 ADONAN MESIN (SEPASANG),1.96,15353.333333333332,2.16,16920.0,2.057254634175605,16115.161301042237,0.0,0.0,2025-01,False
GEAR GIGI MIXER MASPION SEPASANG,2.51,19755.791666666664,2.21,17394.541666666664,2.364118048736593,18607.57914193093,0.0,0.0,2025-01,False
GEAR GIGI MIXER MIYAKO HM 620 625 650 GRIGI SESET SEPASANG,45.46,344227.752866242,17.1,129482.94267515924,31.669292873899245,239803.11308502484,37.0,218300.0,2025-01,True
GEAR GIGI MIXER MIYAKO HM 625 HM 620 628 650 GRIGI,7.15,27775.000000000004,6.0,23307.69230769231,6.5907858534902735,25602.668123173757,0.0,0.0,2025-01,False
GEAR GIGI MIXER PHILIP SESET SEPASANG.,1.66,12782.0,10.09,77693.0,5.759282830501742,44346.477794863415,0.0,0.0,2025-01,False
GEAR KOPEL BLENDER PHILIP BARU 2061 2071 2115 2116 PLASTIK GIGI BAGUS,6.16,19433.056603773584,1.63,5142.188679245282,3.957182535922552,12483.790943514165,0.0,0.0,2025-01,False
GEAR KOPEL BLENDER PHILIP BARU 2061 2071 2115 2116 PLASTIK GIGI PISAU,3.01,8495.465517241379,1.57,4431.189655172414,2.309766633935646,6519.11720647009,0.0,0.0,2025-01,False
GEAR KOPEL BLENDER PHILIP LAMA 2815 COPEL BAUT UPPER MOUNTING PISAU,2.82,7748.492307692307,3.88,10661.046153846153,3.3354495611307056,9164.789101814524,0.0,0.0,2025-01,False
GEARBOX KIPAS ANGIN COSMOS / SEKAI / MIYAKO / RRT KOTAK GEARBOK GIRBOK,4.2,34868.92156862745,16.79,139392.66503267974,10.32217922135432,85696.01373493327,19.0,110200.0,2025-01,True
GEARBOX WALLFAN MIYAKO TARIK WALL FAN GEAR BOX KIPAS ANGIN DINDING,3.12,46305.72631578948,2.69,39923.847368421055,2.91090253652245,43202.38980389293,0.0,0.0,2025-01,False
Gear Kopel Maspion Upper Blender Mounting Baut Pisau Flange gigi Spare,3.54,10311.458482758622,10.33,30089.651448275865,6.841794830261782,19929.063090338117,0.0,0.0,2025-01,False
Gear Kopel Maspion Upper Blender Mounting Baut Pisau Flange gigi putih,2.65,8308.24074074074,4.61,14453.203703703704,3.603095414920927,11296.371365668758,6.0,21000.0,2025-01,True
Gear box kipas angin Maspion bintang girbok/gear bok kipas angin12 16,1.1,13817.904571428573,1.44,18088.893257142856,1.2653328780985282,15894.771782415024,1.0,14700.0,2025-01,True
"Gear box/girbox/gearbox/gear bok kipas angin Cosmos Miyako,umum.rrt",5.28,34997.05765407555,7.41,49115.1888667992,6.315761853970192,41862.32608575869,10.0,50000.0,2025-01,True
"Gigi konektor Miyako lama gear lower panasonic,nasional drat besar POM",7.68,26383.673469387755,15.01,51564.965986394556,11.244382342535916,38628.66042843971,12.0,34800.0,2025-01,True
Gigi konektor blender Miyako drat lubang kecil gear lower National,1.33,4708.2,1.53,5416.2,1.427254634175605,5052.481404981641,8.0,23200.0,2025-01,True
Gigi konektor blender Miyako drat lubang kecil gear lower National RRT,18.75,64213.41494845361,28.9,98974.2769072165,23.685672684411944,81116.68951559452,13.0,37700.0,2025-01,True
IMPELLER JET DAB 370 KIPAS IMPELAR GADING MESIN POMPA AIR SPAREPARTS,2.79,65692.875,1.39,32728.70833333333,2.109217560770767,49663.28514964834,4.0,98000.0,2025-01,True
IMPELLER KUNINGAN NATIONAL PANASONIC GP 125 129 POMPA AIR KIPAS SANEI,1.68,44885.96178343949,3.88,103665.19745222929,2.7498009759316524,73468.72709388855,1.0,29900.0,2025-01,True
IMPELLER KUNINGAN POMPA AIR SHIMIZU PS 105 130 135 KIPAS GOLSTAR SANEI,2.43,67214.54198473283,0.66,18255.801526717558,1.5692964875458981,43407.22002001955,3.0,89700.0,2025-01,True
IMPELLER KUNINGAN PS 226 230 SHIMIZU POMPA AIR KIPAS BIT SPAREPARTS.,1.1,53372.00000000001,0.35,16982.0,0.7352951218414823,35676.51931174872,4.0,196000.0,2025-01,True
IMPELLER KUNINGAN SANYO SY 136 PWH IMPELER KIPAS POMPA AIR,2.54,68318.74285714286,0.69,18559.02857142857,1.640394633875656,44121.92880944408,0.0,0.0,2025-01,False
KABEL TIES 10CM CABLE TIES KABEL TIS CABLE TIE 2.5 × 100MM ISI 100PCS,1.1,5330.081300813009,3.3,15990.243902439024,2.1698009759316528,10513.832371181017,3.0,16500.0,2025-01,True
"KAPASITOR 1,5UF, 2UF, 2,5UF, 3UF, 3,5UF MIKRO CAPASITOR KIPAS ANGIN - 1,5UF",19.66,70134.23629719854,23.39,83440.47746650426,21.473798927375032,76604.70438306456,3.0,10200.0,2025-01,True
"KAPASITOR 1,5UF, 2UF, 2,5UF, 3UF, 3,5UF MIKRO CAPASITOR KIPAS ANGIN - 2,5UF",23.95,118564.33690280067,19.0,94059.39044481055,21.542947804153783,106648.23888647763,8.0,39600.0,2025-01,True
"KAPASITOR 1,5UF, 2UF, 2,5UF, 3UF, 3,5UF MIKRO CAPASITOR KIPAS ANGIN - 2UF",14.72,70547.05263157896,30.92,148187.1513157895,22.59762536822399,108301.34960603272,20.0,90000.0,2025-01,True
"KAPASITOR 1,5UF, 2UF, 2,5UF, 3UF, 3,5UF MIKRO CAPASITOR KIPAS ANGIN - 3,5UF",5.88,38973.05263157895,6.48,42949.89473684211,6.171763902526815,40906.88425218651,22.0,129800.0,2025-01,True
"KAPASITOR 1,5UF, 2UF, 2,5UF, 3UF, 3,5UF MIKRO CAPASITOR KIPAS ANGIN - 3UF",4.83,27627.865384615387,10.51,60117.77747252747,7.592031610587176,43426.83795715264,15.0,82500.0,2025-01,True
"KAPASITOR 1.5UF 1,5UF 1.5 UF 1,5 UF 450V MIKRO CAPASITOR KIPAS ANGIN",26.38,92734.36496350364,31.97,112385.05109489051,29.098267025208155,102289.96641854195,100.0,350000.0,2025-01,True
KAPASITOR 10 UF 450V KOTAK KABEL SAN EI CAPACITOR PETAK POMPA AIR,2.76,38888.399999999994,2.68,37761.200000000004,2.7210981463297585,38340.272881786295,1.0,13500.0,2025-01,True
KAPASITOR 100UF 100 MFD UF 250V 250 VAC CAPASITOR STARTING AC MOTOR,2.1,62838.46153846154,3.73,111613.07692307692,2.8926252685311793,86556.24841989452,0.0,0.0,2025-01,False
KAPASITOR 12 UF 450V KOTAK KABEL SAN EI CAPACITOR PETAK POMPA AIR,2.29,35754.94594594595,2.34,36535.62162162162,2.3143136585439015,36134.56758218411,7.0,111300.0,2025-01,True
KAPASITOR 150UF 150 MFD UF 250V 250 VAC CAPASITOR STARTING AC MOTOR,4.5,162000.0,3.68,132480.0,4.101255999880021,147645.21599568074,0.0,0.0,2025-01,False
KAPASITOR 200UF 200 MFD UF 250V 250 VAC CAPASITOR STARTING AC MOTOR,1.05,46023.15789473684,1.81,79335.15789473684,1.4195676098672982,62221.889763025574,0.0,0.0,2025-01,False
KAPASITOR 250UF 250 MFD UF 250V 250 VAC CAPASITOR STARTING AC MOTOR,1.55,85250.0,0.56,30800.000000000004,1.0685895608307567,58772.42584569162,0.0,0.0,2025-01,False
KAPASITOR 2UF 2 UF 400V 400 V 450V 450 V VOLT CAPASITOR KIPAS ANGIN,3.23,15038.88,5.3,24676.8,4.23658546371751,19725.541919068728,1.0,4900.0,2025-01,True
KAPASITOR 3 UF 450V 3UF 450 V 400 VOLT CAPASITOR 3 MICKO KIPAS ANGIN,7.51,44370.84705882353,1.21,7148.964705882352,4.44647902346845,26270.844301010067,0.0,0.0,2025-01,False
KAPASITOR 300UF 300 MFD UF 250V 250 VAC CAPASITOR STARTING AC MOTOR,1.3,80600.0,2.11,130819.99999999999,1.6938812684111995,105020.63864149437,0.0,0.0,2025-01,False
KAPASITOR 30UF 450 VAC CAPASITOR BULET CONDENSATOR SPAREPARTS DINAMO,4.12,126100.70491803279,5.86,179356.82786885247,4.966115317327763,151997.7286939978,5.0,149500.0,2025-01,True
KAPASITOR 35 UF 450VAC CAPASITOR BULET CONDENSATOR SPAREPARTS,4.34,158514.954248366,4.62,168741.72549019608,4.476156487845847,163487.9587279749,15.0,517500.0,2025-01,True
KAPASITOR 4 UF 450V 4UF 450 V POMPA AIR CAPASITOR,10.08,93368.29090909091,7.16,66321.12727272727,8.660082341036171,80215.98088437958,11.0,93500.0,2025-01,True
KAPASITOR 40UF 450VAC CAPASITOR 40 UF 450 VAC BULET CONDENSATOR,3.2,127577.01149425289,6.28,250369.88505747129,4.6977213663043145,187287.8914830634,0.0,0.0,2025-01,False
KAPASITOR 5 UF 450 V KOTAK CAPACITOR PETAK POMPA AIR SAN EI,20.58,201294.45,9.68,94680.77142857143,15.279622437429541,149451.07846210102,11.0,108900.0,2025-01,True
KAPASITOR 50 UF 50UF 450VAC 450 VAC CAPASITOR BULET CONDENSATOR,9.36,448024.32,8.58,410688.96,8.980706926715143,429869.1361069276,6.0,294000.0,2025-01,True
KAPASITOR 500UF 500 MFD UF 250V 250 VAC CAPASITOR STARTING AC MOTOR,2.07,184230.0,0.2,17800.0,1.1606691704580956,103299.5561707705,0.0,0.0,2025-01,False
KAPASITOR 6 UF 450V KOTAK KABEL CAPACITOR PETAK SAN EI POMPA AIR.,6.99,84851.78048780489,4.75,57660.36585365854,5.900748097233228,71629.32507299946,0.0,0.0,2025-01,False
KAPASITOR 8 UF 450V KOTAK KABEL SAN EI CAPACITOR PETAK POMPA AIR,8.48,113721.78823529412,8.81,118147.28235294118,8.640470146389749,115873.7872925844,9.0,116100.0,2025-01,True
KAPASITOR POMPA AIR 10UF 450VAC CAPASITOR BULET CONDENSATOR SPAREPART,10.33,148623.97863247863,5.19,74671.6794871795,7.830555901686958,112662.95963337386,10.0,135000.0,2025-01,True
KAPASITOR POMPA AIR 12UF 450VAC CAPASITOR BULET CONDENSATOR SPAREPARTS,9.36,146334.5340314136,11.03,172443.3664921466,10.172076195366301,159030.55878001734,11.0,174900.0,2025-01,True
KAPASITOR POMPA AIR 14 UF 450VAC CAPASITOR BULET CONDENSATOR SPAREPART,2.49,41673.90476190476,6.68,111799.873015873,4.527484585978921,75774.28170565356,14.0,250600.0,2025-01,True
KAPASITOR POMPA AIR 16UF 450VAC CAPASITOR BULET CONDENSATOR SPAREPARTS,6.52,119621.3172205438,8.74,160351.2749244713,7.599526439349214,139427.20290296045,4.0,75600.0,2025-01,True
KAPASITOR POMPA AIR 20UF 450VAC CAPASITOR BULET CONDENSATOR SPAREPARTS,10.55,251440.90217391305,15.95,380140.5108695652,13.175875122741331,314024.06898510875,2.0,43800.0,2025-01,True
KAPASITOR POMPA AIR 20UF 450VAC CAPASITOR KOTAK 20 UF 450V CONDENSATOR,2.57,61122.4406779661,0.95,22593.898305084746,1.7822374631776015,42387.044208996784,5.0,109500.0,2025-01,True
KAPASITOR POMPA AIR 25UF 450VAC CAPASITOR BULET CONDENSATOR SPAREPARTS,6.19,167980.79574468086,6.28,170423.16595744682,6.233764585379023,169168.4548525006,14.0,362600.0,2025-01,True
KAPASITOR POMPA AIR 6 UF 450VAC CAPASITOR BULET CONDENSATOR SPAREPARTS,9.56,111946.80991735538,9.91,116045.28099173555,9.73019560980731,113939.7864424461,3.0,35700.0,2025-01,True
KAPASITOR POMPA AIR 8UF 450VAC CAPASITOR BULET CONDENSATOR SPAREPARTS,4.06,55766.53599999999,4.7,64557.32000000001,4.371214829361936,60041.25841018381,0.0,0.0,2025-01,False
KARET SEAL ORING BLENDER BUMBU CHOPPER GELAS NATIONAL MIYAKO PAKING,2.76,9788.934306569341,3.76,13335.649635036494,3.246273170878024,11513.606815544757,4.0,15600.0,2025-01,True
KARET SEAL ORING BLENDER PHILIP 1741,2.07,8280.0,1.09,4360.0,1.5934522925395367,6373.809170158147,0.0,0.0,2025-01,False
KIPAS IMPELLER JET DAB 255 IMPELAR GADING MESIN POMPA AIR SPAREPARTS,2.62,58283.77142857143,1.51,33591.02857142857,2.080236780325394,46276.3530617529,7.0,164600.0,2025-01,True
KIPAS PENDINGIN GP 125 NATIONAL NASIONAL PANASONIC FAN POMPA AIR,1.82,9170.451612903227,2.17,10934.0,1.9901956098073086,10028.0178790936,0.0,0.0,2025-01,False
KLEP TABOK KARET SEDOT PLENES POMPA AIR PLENNES PLANES OVAL PACKING,6.27,17264.03816793893,5.41,14896.08396946565,5.8518050730449,16112.5655713534,0.0,0.0,2025-01,False
KNOP KOMPOR GAS HITACHI TODACHI TOMBOL PUTARAN CETEKAN PEMANTIK,2.51,6843.441176470587,1.09,2971.8529411764707,1.8194920973532063,4960.791688960066,0.0,0.0,2025-01,False
KNOP KOMPOR GAS RINNAI TOMBOL PUTARAN CETEKAN SWITCH PEMANTIK,8.53,24695.891566265058,15.66,45338.530120481926,11.99712770836031,34733.85287131304,0.0,0.0,2025-01,False
"Kabel Buntung AC Power listrik Colokan Gepeng Oval SNI Serbaguna 1,2m",4.94,29537.083333333336,1.57,9387.291666666668,3.30125941414106,19738.780247051756,0.0,0.0,2025-01,False
Karet seal Oring sil blender Mounting gelas Nasional Miyako Gmc sanex,5.91,21178.171683991684,11.72,41997.99866943867,8.73524712280132,31302.294969336843,0.0,0.0,2025-01,False
LAMPU GOSOKAN BAJU SETERIKA SETRIKA INDIKATOR RESISTOR 1 PCS,12.7,10409.719101123595,12.82,10508.078651685393,12.758352780505364,10457.548711661419,3.0,2475.0,2025-01,True
"LEHER KIPAS ANGIN COSMOS DINDING WALL FAN PLAT 12"" 16""",4.36,27194.686567164183,6.09,37985.23880597015,5.201252585618982,32441.842619853323,0.0,0.0,2025-01,False
"LEHER KIPAS ANGINCOSMOS TIANG BERDIRI STAND FAN PLAT 12"" 16"" SPAREPART",3.62,22274.3125,1.22,7506.8125,2.452944389892743,15093.273449058785,3.0,17700.0,2025-01,True
LEM KOREA HANDSOME SEBAGUNA MULTIFUNGSI EPOTEC BESI POWERGLUE ( 1pcs),4.7,12098.654545454545,10.95,28187.290909090905,7.739207317987649,19922.12676510348,7.0,19600.0,2025-01,True
LEM PIPA ISARPLAS TUBE 45GR FOX FITING PVC,1.05,9915.34090909091,0.8,7554.545454545455,0.9284317072804942,8767.349417614667,1.0,9600.0,2025-01,True
LIS KIPAS ANGIN MULTI RING GAWANG PENGIKAT KIPAS ANGIN,3.56,33173.92592592593,1.27,11834.518518518518,2.4464344386893258,22797.14462126794,0.0,0.0,2025-01,False
"Leher kipas angin COSMOS Dinding wall fan kipas angin COSMOS 12"" 16""",1.96,11791.387222222222,8.25,49632.11458333333,5.018658244822771,30192.317704440524,1.0,5900.0,2025-01,True
"Leher kipas angin COSMOS tiang berdiri stand fan leher Cosmos 12"" 16"".",8.29,49833.4962406015,7.82,47008.1954887218,8.061451609687328,48459.62828530089,0.0,0.0,2025-01,False
MOUNTING PISAU BLENDER JUS PHILIP HR 2061 2115 2116 2071 MANGKOK GELAS,1.49,54385.0,0.46,16790.0,0.9891386339956355,36103.560140840695,0.0,0.0,2025-01,False
MOUNTING PISAU BLENDER NATIONAL MIYAKO LAMA MANGKOK JUS JUICE GELAS,1.33,37533.51724137931,0.88,24834.206896551725,1.1111770731048893,31358.18333203591,1.0,33000.0,2025-01,True
NITTO ISOLASI LISTRIK 3/4 INCH 25 METER HITAM ISOLASI KABEL.,2.13,16891.36813186813,4.65,36875.521978021985,3.35540839061262,26609.125989951623,2.0,18000.0,2025-01,True
ORING KARET TUTUP IMPELLE SHIMIZU 4 BAUT PS 128 130 135 SEMI JETPAM,4.7,8306.739130434782,5.51,9738.32608695652,5.0938812684112005,9002.88145917023,3.0,5400.0,2025-01,True
OTOMATIS MAGIC COM RICE COOKER KAKI PIN 3 ELEMENT THERMOSTAT MTS PER.,2.71,21881.06451612903,2.75,22204.032258064515,2.7294509268351215,22038.11506409132,0.0,0.0,2025-01,False
OTOMATIS PER MAGIC COM RICE COOKER KAKI PIN 2 ELEMEN THERMOSTAT MTS,3.15,25705.384615384613,0.97,7915.626373626374,2.089924487485908,17054.702466011375,0.0,0.0,2025-01,False
OTOMATIS PM5 PRESSURE SWITCH JETPUMP POMPA AIR SAN-EI PM 5 SEMI,3.95,223306.6666666667,0.99,55968.0,2.5106314142010495,141934.362616166,9.0,495000.0,2025-01,True
PINION KIPAS ANGIN MASPION / PEN STOP/ TARIKAN GEARBOX DINAMO,3.87,12870.68181818182,1.76,5853.333333333334,2.8439636094473704,9458.333519298452,5.0,17500.0,2025-01,True
PINION PANASONIC NASIONAL PEN STOP TARIKAN GEARBOX KIPAS ANGIN GEAR,5.11,18207.60101010101,47.6,169605.05050505052,25.771747030607237,91828.11883885559,3.0,13500.0,2025-01,True
PISAU BLENDER MASPION JUS + SEAL PUTIH MOUNTING SPAREPART STAINLES,1.3,17382.85714285714,0.69,9226.285714285714,1.0033733657644055,13416.53529079262,0.0,0.0,2025-01,False
RADAR PELAMPUNG AIR OTOMATIS TOREN ST 70 AB ORIGINAL SHINTUNG POMPA,0.75,41903.90625,0.57,31846.968749999996,0.6624708292419558,37013.4873625529,0.0,0.0,2025-01,False
SEAL BLENDER JUS PHILIP BARU 2061 2071 2115 2116 KARET PISAU MOUNTING,2.15,8129.6875,1.0,3781.25,1.5907858534902728,6015.159008510094,0.0,0.0,2025-01,False
SEAL KARET PENGAMAN TABUNG GAS LPG ELPIJI REGULATOR SILIKON,30.16,18727.475,33.86,21024.94375,31.959210732248692,19844.672414055673,0.0,0.0,2025-01,False
SEAL PDL 255 PEDROLO SIL POMPA AIR MS 14 PDR KARET SPAREPARTS MACHANIC,16.85,113099.93243243246,30.12,202170.32432432435,23.30284497755138,156412.47432905095,0.0,0.0,2025-01,False
SEAL SANYO 100 101 PH 100 SIL POMPA AIR,4.89,34711.1129032258,1.82,12919.064516129032,3.397141365404467,24114.224434104934,10.0,46000.0,2025-01,True
SEAL SHIMIZU SMZ 230 GOLSTAR GS 250 SIL POMPA AIR PS 226,2.24,17530.947368421053,4.3,33653.15789473684,3.24172273200873,25370.74580261569,5.0,39500.0,2025-01,True
SEAL SIL POMPA AIR PANASONIC NATIONAL NASIONAL GP 200 MECHANICAL,7.57,49587.659340659346,1.77,11594.472527472528,4.749615608907463,31112.591917249872,0.0,0.0,2025-01,False
SELANG PEMBUANGAN AIR MESIN CUCI MULTI 1-2 TABUNG PANJANG SAMPAI 2M,1.16,14659.499999999998,1.62,20472.75,1.3836856586038913,17486.327510606676,0.0,0.0,2025-01,False
SELANG PEMBUANGAN MESIN CUCI MULTI 1.2 METER,1.22,10404.857142857143,0.82,6993.428571428572,1.0254907316487905,8745.970954204686,0.0,0.0,2025-01,False
SINGER OIL MINYAK PELUMAS MESIN JAHIT RANTAI SEPEDA 80CC,2.54,18706.352941176472,6.69,49269.88235294118,4.5580336591438,33568.577301459045,5.0,38500.0,2025-01,True
SNAP RING S12 RETAINER CIRCLIP POMPA AIR EXTERNAL EKSTERNAL RETAINING,12.7,11710.147058823528,8.58,7911.264705882352,10.696554535982543,9862.852491266256,0.0,0.0,2025-01,False
SPINER KIPAS ANGIN KUNCI MUR BALING MASPION FAN DINDING PLAFON DINAMO,1.66,4573.137254901961,3.15,8677.941176470587,2.384547024608256,6569.193273675685,2.0,5600.0,2025-01,True
STIK MIXER PHILIPS GARPU STICK KOCOKAN PENGADUK ADONAN KUE SEPASANG,0.86,21923.943661971833,0.89,22688.732394366198,0.8745881951263408,22295.839903925025,0.0,0.0,2025-01,False
SWITCH EXHAUST SAKLAR TARIKAN FAN DINAMO MASPION HEXOS DINDING,1.6,11910.400000000001,1.3,9677.2,1.4541180487365932,10824.4547547952,0.0,0.0,2025-01,False
SWITCH FAN KIPAS ANGIN MASPION LURUS 4 PIN SAKLAR ON OFF TIANG BERDIRI,1.22,9351.135135135135,1.18,9044.54054054054,1.2005490731648791,9202.046409447561,21.0,155400.0,2025-01,True
SYNCHRONOUS MOTOR ROTARY ROTARI SINKRONUS SWING DINAMO KIPAS ANGIN,3.92,49381.79166666667,2.59,32627.255208333332,3.273256682732229,41234.51009648147,0.0,0.0,2025-01,False
Siltip sealtape isolatip Hachi sealtape isolasi keranpipa air.,2.04,5884.615384615385,5.73,16528.846153846156,3.834348000539909,11060.61923232666,5.0,14500.0,2025-01,True
Swit tembok kipas angin wall fan saklar tarikan DinamoDindingPlafon,1.05,5230.79268292683,6.85,34124.69512195122,3.8703843910925384,19281.122240991488,2.0,10400.0,2025-01,True
Switch Micro 3 Pin Saklar Mikro Otomatis Rice Cooker Majic Com Jer lim,8.15,48574.0,2.93,17462.8,5.6116540480167165,33445.458126179634,26.0,156000.0,2025-01,True
Switch Micro Limid Tombol Pin 3 Magicom Rice Cooker Majic Com Jer,2.96,17760.0,5.34,32040.0,4.117330146689697,24703.98088013818,2.0,12000.0,2025-01,True
"T Kuningan Tebal Tee Jet Pump 3 Way 1"" Sambungan Otomatis Pompa Air",1.38,44077.2,1.48,47271.2,1.4286273170878023,45630.3565077844,0.0,0.0,2025-01,False
TABUNG ANGIN 2 LITER TANGKI PRESSURE TANK SPART PART POMPA AIR,1.08,65427.75000000001,0.36,21809.25,0.7298833169678229,44217.243696056925,0.0,0.0,2025-01,False
TABUNG POMPA AIR PVC FIBER TENGKI OTOMATIS 2 LITER,2.21,60821.041666666664,0.72,19815.0,1.4854529753917445,40880.9037602603,0.0,0.0,2025-01,False
TALI PEMBUANGAN AIR DRAIN REM MESIN CUCI 2 TABUNG TARIKAN,2.96,13895.854545454547,1.61,7558.2181818181825,2.303531219314668,10814.032015037224,0.0,0.0,2025-01,False
TERMOSTAT BIMETAL PENGATUR SUHU SAKLAR OTOMATIS DISPENSER MAGIC COM,8.81,37731.71717171717,9.21,39444.84848484849,9.00450926835121,38564.76696748397,0.0,0.0,2025-01,False
TIMAH SOLDER 0.8mm 10M 60/40 TIM TINOL TENOL KAWAT KWALITAS BAGUS,1.93,33576.115853658535,1.41,24529.70121951219,1.6771379511434277,29177.087124434835,2.0,35800.0,2025-01,True
"TUSEN KLEP 1/2"" INCH TUSSEN TOSSEN PVC PLASTIK FOOT VALVE",1.02,5948.210526315789,0.66,3848.842105263158,0.8449416584839116,4927.343987369337,0.0,0.0,2025-01,False
"TUSEN KLEP 3/4"" INCH TUSSEN TOSSEN PVC PLASTIK FOOT VALVE",1.85,12421.428571428572,0.94,6311.428571428572,1.4074914145009985,9450.299497363847,0.0,0.0,2025-01,False
Tarikan pinion baut gearbox kipas angin cabutan Cosmos Miyako Multifan,3.34,6538.191525423728,2.42,4737.252542372881,2.8926286827922185,5662.44321557775,0.0,0.0,2025-01,False
Tarikan pinion socket gerbox cabutan kipas angin CosmosMiyakoMaspion,3.4,6637.79795221843,11.44,22334.237815699656,7.309636293859312,14270.555536129663,8.0,16000.0,2025-01,True
Tutup sendok Blender Nasional National tutup gelas juice blender NS.,0.88,7162.065777777778,0.92,7487.614222222222,0.8994509268351211,7320.371252132187,1.0,9500.0,2025-01,True
"WATERMUR 1/2 "" INCH POLOS WATERMOER SAMBUNGAN PIPA UNION SOCKET PVC",1.77,14160.0,1.13,9040.0,1.4587851706380648,11670.281365104518,1.0,8000.0,2025-01,True
"WATERMUR 3/4 "" INCH POLOS WATERMOER SAMBUNGAN PIPA PVC UNION SOCKET",1.1,8800.0,1.24,9920.0,1.1680782439229236,9344.625951383388,0.0,0.0,2025-01,False
"WATERMUR 3/4""INCH DRAT LUAR WATER MUR UNION SOCKET SANYO PVC 1 × 3/4""",5.94,47520.0,11.67,93360.0,8.726345269131079,69810.76215304862,6.0,48000.0,2025-01,True
"WATERMUR1/2"" INCH DRAT LUAR WATERMOR UNION SOCKET SANYO PCV 1×1/2""",2.62,20960.0,2.71,21680.0,2.6637645853790226,21310.11668303218,0.0,0.0,2025-01,False
arang blender Philip,2.46,11236.523076923077,2.22,10140.276923076925,2.3432944389892745,10703.44798362947,3.0,13500.0,2025-01,True
bearing nkn 608 2RS ball laher.,2.6,15178.432075471697,7.97,46527.732169811316,5.211286927614989,30422.75563715296,0.0,0.0,2025-01,False
bos kipasangin dinamoNational boshing fanpanasonic KDK dindingportable,11.6,34848.638596491226,4.35,13068.239473684209,8.074519511134326,24257.414852054928,10.0,25000.0,2025-01,True
carbon arang blender Philips brush karbon kaleng bulet,25.05,107903.54838709679,28.71,123669.09677419356,26.82975980541357,115569.91159192126,60.0,270000.0,2025-01,True
drat besar kopel gear gigi karet pisau blender.,3.15,8606.971153846154,11.81,32269.3108974359,7.361125659803688,20113.332131354626,0.0,0.0,2025-01,False
gear konektor Miyako baru blender/ gigi lower mesin dinamo Blender.,30.16,97019.7441077441,23.33,75048.76094276093,26.8387542429031,86335.84445680007,0.0,0.0,2025-01,False
"kapasitas kipas angin 1,5uf mikro 450V capasitor kotak spareparts",5.44,18416.85045045045,2.68,9073.007207207207,4.097886048376655,13873.19016837136,31.0,114700.0,2025-01,True
"kapasitor 3 uf capasitor 3,0 mickro 450V kotak.spartparts kipas angin",1.19,7011.727272727273,1.98,11666.57142857143,1.574155804993639,9275.25310033265,3.0,19500.0,2025-01,True
"kapasitor 3,5uf mickro 450V kotak capasitor kipas angin spareparts",2.9,18934.193548387095,0.78,5092.645161290323,1.8691008777385896,12203.419924331953,3.0,17700.0,2025-01,True
kapasitor 4 uf mickro capasitor kipas angin 450V kotak spareparts,1.1,9783.125,5.55,49360.3125,3.2639156104072065,29028.44946005909,0.0,0.0,2025-01,False
kapasitor kipas angin 2 uf mickro 450V capasitor kotak spareparts,7.26,33440.39769230769,2.82,12989.245384615384,5.100947121301575,23495.551011536743,0.0,0.0,2025-01,False
"kapasitor kipas angin 2,5uf mickro kotak 450V capasitor spareparts",4.23,20456.89156626506,8.73,42219.5421686747,6.418229268951109,31039.48468140934,5.0,25500.0,2025-01,True
konektor blender maspion conektor kecil gigi atas mesin gear ger lower,8.09,28164.9435483871,15.24,53057.32258064516,11.566853171777872,40269.43963110087,0.0,0.0,2025-01,False
kopel Miyako baru pisau baut flange gigi blender gear upper konektor.,4.09,12961.718894009216,14.48,45888.921658986175,9.14237824542267,28973.334190678204,0.0,0.0,2025-01,False
kopel gigi karet blender drat lobang kecil gear RRT pisau blender,3.2,9370.746268656716,8.34,24422.507462686564,5.699444098313044,16690.013911776405,2.0,7000.0,2025-01,True
oring seal AS kipas angin umum.,38.72,19173.481089494162,56.09,27774.807704280156,47.16656497815128,23356.075456223687,100.0,50000.0,2025-01,True
seal 2 ply mounting bumbu blender Philip karet 2061-2071-2115-2116mill,1.52,5870.344827586207,1.96,7569.655172413793,1.7339601951863308,6696.673857271347,0.0,0.0,2025-01,False
seal pompa air Shimizu 100- 125/sil pompa air Shimizu simitsu 125.,16.13,93927.30752873563,16.87,98236.43385057473,16.48984214644974,96022.7200489703,20.0,98000.0,2025-01,True
seal pompa air Toyomoto 125 sil TM 125 marcanical seal Ty mekanik,6.88,39707.42857142857,1.75,10100.0,4.385418633395738,25310.130398455403,0.0,0.0,2025-01,False
seal sil pompa air Panasonic National GP125 Nasional Spareparts pompa,13.42,74895.38341463415,21.92,122332.84682926831,17.553321952463207,97962.94916767857,2.0,9800.0,2025-01,True
spiner AS kipas angin Cosmos Miyako/kunci mur baling kipas angin,6.35,19879.73333333333,4.58,14338.453333333333,5.489296487545898,17185.157537010356,7.0,21000.0,2025-01,True
AS 6mm KIPAS ANGIN KECIL 7 IN 9 IN BATANG BESI,26.24,175793.17514124291,11.97,80192.2372881356,19.30786176337322,129351.7654181241,12.0,78000.0,2025-02,True
"AS DINAMO KIPAS ANGIN MODEL COSMOS,MIYAKO,UMUM-RRT.",17.14,110862.97872340426,15.64,101160.85106382979,16.411323941489826,106149.83996197674,0.0,0.0,2025-02,False
AS EXHAUST FAN MASPION EXOS EXSOS EXAUST KIPAS ANGIN,22.24,127993.4693877551,4.51,25955.51020408163,13.627048988409754,78425.05744350103,2.0,9000.0,2025-02,True
AS EXHAUST PANASONIC NATIONAL DINAMO MASPION EXOSOS FAN KIPAS ANGIN,5.05,30644.53271028037,6.93,42052.79439252336,5.963273993332749,36186.48414832667,0.0,0.0,2025-02,False
AS Exhaust/Exaust/Exsos Maspion Panasonic National multi kipas angin.,10.48,61146.03636363637,3.49,20362.56363636364,7.084369567342593,41334.07625745888,2.0,9000.0,2025-02,True
AS FAN KIPAS ANGIN COSMOS MOYAKO DRAT KASAR DINAMO PLAFON DINDING PORT,22.57,143745.82222222222,31.78,202403.2888888889,27.04407099925246,172240.68329746122,0.0,0.0,2025-02,False
AS KIPAS ANGIN MIYAKO COSMOS SEKAI FAN DINAMO DRAT HALUS,22.86,145732.5,24.71,157526.25,23.758700472162545,151461.7155100362,0.0,0.0,2025-02,False
AS KIPAS ANGIN MIYAKO COSMOS SEKAI FAN DINAMO DRAT HALUS - KASAR - as drat halus,14.62,90961.22641509434,0.0,0.0,7.517837349720846,46773.71445415942,0.0,0.0,2025-02,False
AS KIPAS ANGIN MIYAKO COSMOS SEKAI FAN DINAMO DRAT HALUS - KASAR - as drat kasar,9.71,59716.50000000001,2.74,16851.0,6.32408524812273,38893.12427595479,30.0,150000.0,2025-02,True
AS KIPAS ANGIN REGENCY 10 CM DIAMETER 10 MM,10.9,91182.69230769231,23.49,196502.8846153846,17.016021051095386,142345.5607158941,0.0,0.0,2025-02,False
"AS fan kipas angin Maspion16""panjang20,5cm plafonportabledindingdinamo",14.19,91717.11678832117,3.66,23656.423357664236,9.074694069258586,58654.31823597429,0.0,0.0,2025-02,False
"AS fan kipas angindinding portable panasonic Nasional KDK pajang20,5cm",2.05,18729.545454545452,2.72,24850.909090909092,2.3754753061345437,21703.20620604742,0.0,0.0,2025-02,False
"AS kipas angin model Maspion 18,5 cm.AS Maspion 12""/inci",28.81,183711.05,3.94,25123.968656716417,16.72855094990133,106671.97709076261,10.0,58000.0,2025-02,True
"AS kipas angin model Maspion 20,5 cm.AS Maspion 16""/inci",65.0,420577.3277909739,43.79,283339.7105225653,54.696520532666156,353909.4837706595,0.0,0.0,2025-02,False
Arang Mixer karbon carbon brush mixer blender umum,9.38,41043.83783783784,4.21,18421.594594594597,6.868496518334938,30054.313143741256,5.0,22500.0,2025-02,True
Arang blender carbon brush bostel arang sepul blender plat kotak.,9.67,43265.1011235955,6.44,28813.573033707868,8.100917554008094,36244.77943826992,0.0,0.0,2025-02,False
BEARING 629 NKN 2 RS BERING BUSHING BALL LAHER BANTALAN,3.24,22254.75,7.28,50004.5,5.202567517587399,35735.135636428444,6.0,45000.0,2025-02,True
"BOS KIPAS ANGIN BOSHING BOSSING BOSING BREKET KUPING 7 "" 9 "" IN AS 6MM",6.48,40199.35135135135,5.47,33933.71171171171,5.98935812060315,37155.603620246206,0.0,0.0,2025-02,False
BOSHING BOSSING BOSING KIPAS ANGIN REGENCY 10MM BULET BOS MESIN CUCI,8.1,28113.75,20.72,71915.66666666667,14.230594572265588,49392.02199457181,2.0,7000.0,2025-02,True
BOSHING BOSSING BOSING KIPAS ANGIN REGENCY 10MM GUCI BOS MESIN CUCI,7.81,27087.683333333334,2.01,6971.349999999999,4.992452573760664,17315.489676659905,0.0,0.0,2025-02,False
"BOSHING BOSSING BOSING KIPAS ANGIN REGENCY BOS MESIN CUCI 12 "" GUCI",5.14,24121.285714285714,5.63,26420.785714285714,5.378034179113323,25238.34611198181,0.0,0.0,2025-02,False
Bos kipas angin boshing Maspion Gentong guci Dinamofandindingportable,10.48,23838.506666666664,25.75,58572.666666666664,17.89792227563356,40711.80720297447,0.0,0.0,2025-02,False
Bos mesin cuci bulet 10mm boshing fan kipasangin dinamo regenci umum,4.95,15690.197368421053,9.86,31253.605263157893,7.335199631523299,23250.652516236354,0.0,0.0,2025-02,False
CASING COVER TUTUP IMPELLER CAP SHIMIZU GOLDSTAR 130 PS 128 130 135,2.19,50629.34210526316,3.33,76984.34210526316,2.7437938044677312,63432.18045328689,5.0,117500.0,2025-02,True
ELEMEN BODY SAMPING MAGIC COM PEMANAS RICE COOKER KABEL SABUK HEATER,18.57,211756.03125,29.48,336164.125,23.86990386556399,272191.4975170094,41.0,520700.0,2025-02,True
ELEMEN TUTUP ATAS MAGIC COM JAR PEMANAS TOP HEATER RICE COOKER KOTAK,35.33,322393.75637393765,28.44,259521.04249291786,31.98294797124327,291851.1954814981,60.0,540000.0,2025-02,True
FUSE KIPAS ANGIN SEIRING THERMAL 2A THERMOFUSE KOTAK 250V,13.81,15602.877192982458,46.9,52988.771929824565,29.88459385073441,33764.348140128,10.0,13000.0,2025-02,True
GEAR GIGI MIXER MASPION BARU MT 1150 ADONAN MESIN (SEPASANG),3.38,26476.666666666664,3.73,29218.333333333332,3.5500244136523733,27808.524573610255,0.0,0.0,2025-02,False
GEAR GIGI MIXER MASPION SEPASANG,4.33,34080.708333333336,3.81,29987.875,4.0773922997164735,32092.475225685077,0.0,0.0,2025-02,False
GEAR GIGI MIXER MIYAKO HM 620 625 650 GRIGI SESET SEPASANG,68.19,516341.629299363,33.06,250333.68917197452,51.12440670969174,387119.21773640596,127.0,781700.0,2025-02,True
GEAR GIGI MIXER MIYAKO HM 625 HM 620 628 650 GRIGI,12.33,47897.307692307695,10.34,40166.92307692308,11.363289762376503,44142.01023077026,10.0,32000.0,2025-02,True
GEAR GIGI MIXER PHILIP SESET SEPASANG.,2.86,22022.0,17.39,133903.0,9.918442086768541,76372.00406811776,0.0,0.0,2025-02,False
GEAR KOPEL BLENDER PHILIP BARU 2061 2071 2115 2116 PLASTIK GIGI BAGUS,10.62,33503.094339622636,2.81,8864.754716981131,6.8260266553570315,21534.182203315013,5.0,17500.0,2025-02,True
GEAR KOPEL BLENDER PHILIP BARU 2061 2071 2115 2116 PLASTIK GIGI PISAU,5.19,14648.327586206899,2.71,7648.741379310345,3.9852555832631804,11248.04032724453,0.0,0.0,2025-02,False
GEAR KOPEL BLENDER PHILIP LAMA 2815 COPEL BAUT UPPER MOUNTING PISAU,4.86,13353.784615384617,6.68,18354.584615384614,5.744126950992342,15783.093437649728,0.0,0.0,2025-02,False
GEARBOX KIPAS ANGIN COSMOS / SEKAI / MIYAKO / RRT KOTAK GEARBOK GIRBOK,10.38,86176.04901960785,33.06,274468.2254901961,21.397582004673815,177645.38301886796,72.0,417600.0,2025-02,True
GEARBOX WALLFAN MIYAKO TARIK WALL FAN GEAR BOX KIPAS ANGIN DINDING,5.38,79847.69473684211,4.64,68864.92631578947,5.020519811134981,74512.44113378701,5.0,60000.0,2025-02,True
Gear Kopel Maspion Upper Blender Mounting Baut Pisau Flange gigi Spare,6.1,17768.332413793105,17.82,51906.83337931035,11.793388937159484,34352.271298458996,5.0,17500.0,2025-02,True
Gear Kopel Maspion Upper Blender Mounting Baut Pisau Flange gigi putih,4.57,14327.796296296297,10.99,34455.68518518519,7.68873353042354,24105.603457420468,0.0,0.0,2025-02,False
Gear box kipas angin Maspion bintang girbok/gear bok kipas angin12 16,1.62,20350.004914285717,4.56,57281.49531428571,3.048205074679939,38290.73348733791,7.0,102900.0,2025-02,True
"Gear box/girbox/gearbox/gear bok kipas angin Cosmos Miyako,umum.rrt",9.14,60582.027833001994,24.18,160270.61630218689,16.446191946661997,109009.15298244751,2.0,10000.0,2025-02,True
"Gigi konektor Miyako lama gear lower panasonic,nasional drat besar POM",10.95,37617.34693877551,29.0,99625.85034013606,19.718401904072415,67740.08817385422,17.0,49300.0,2025-02,True
Gigi konektor blender Miyako drat lubang kecil gear lower National,3.95,13983.0,7.2,25488.0,5.528798126772042,19571.945368773027,0.0,0.0,2025-02,False
Gigi konektor blender Miyako drat lubang kecil gear lower National RRT,28.81,98666.05251546392,61.6,210962.4725773196,44.73885863903238,153217.86101911438,79.0,229100.0,2025-02,True
IMPELLER JET DAB 370 KIPAS IMPELAR GADING MESIN POMPA AIR SPAREPARTS,4.57,107604.45833333333,1.9,44737.08333333333,3.272956615851892,77064.49098407934,6.0,147600.0,2025-02,True
IMPELLER KUNINGAN NATIONAL PANASONIC GP 125 129 POMPA AIR KIPAS SANEI,2.19,58512.05732484076,10.1,269850.127388535,6.032551748543645,161176.7185962804,0.0,0.0,2025-02,False
IMPELLER KUNINGAN POMPA AIR SHIMIZU PS 105 130 135 KIPAS GOLSTAR SANEI,3.57,98747.29007633586,3.53,97640.87786259541,3.5505686384397284,98209.81268233858,1.0,29900.0,2025-02,True
IMPELLER KUNINGAN PS 226 230 SHIMIZU POMPA AIR KIPAS BIT SPAREPARTS.,2.29,111110.8,1.11,53857.200000000004,1.7167748339719973,83297.91494432131,2.0,98000.0,2025-02,True
IMPELLER KUNINGAN SANYO SY 136 PWH IMPELER KIPAS POMPA AIR,4.38,117809.48571428572,1.19,32007.600000000002,2.830348915568365,76128.29911760168,1.0,29900.0,2025-02,True
KABEL TIES 10CM CABLE TIES KABEL TIS CABLE TIE 2.5 × 100MM ISI 100PCS,2.19,10611.707317073171,4.66,22580.16260162602,3.3898865763467514,16425.79186587532,1.0,5500.0,2025-02,True
"KAPASITOR 1,5UF, 2UF, 2,5UF, 3UF, 3,5UF MIKRO CAPASITOR KIPAS ANGIN - 1,5UF",26.48,94463.6102314251,44.59,159068.44336175398,35.27754894641282,125847.60700883542,33.0,112200.0,2025-02,True
"KAPASITOR 1,5UF, 2UF, 2,5UF, 3UF, 3,5UF MIKRO CAPASITOR KIPAS ANGIN - 2,5UF",33.57,166188.09143327843,36.3,179702.9406919275,34.89619042648851,172753.38949271277,67.0,331650.0,2025-02,True
"KAPASITOR 1,5UF, 2UF, 2,5UF, 3UF, 3,5UF MIKRO CAPASITOR KIPAS ANGIN - 2UF",21.52,103136.72368421053,57.5,275574.4243421053,38.99850972346401,186904.20638684504,50.0,225000.0,2025-02,True
"KAPASITOR 1,5UF, 2UF, 2,5UF, 3UF, 3,5UF MIKRO CAPASITOR KIPAS ANGIN - 3,5UF",12.71,84242.77192982456,17.06,113074.87719298244,14.823160569679501,98248.9484776301,13.0,76700.0,2025-02,True
"KAPASITOR 1,5UF, 2UF, 2,5UF, 3UF, 3,5UF MIKRO CAPASITOR KIPAS ANGIN - 3UF",10.29,58859.36538461538,19.95,114115.09615384616,14.982673816805512,85701.71745596362,43.0,236500.0,2025-02,True
"KAPASITOR 1.5UF 1,5UF 1.5 UF 1,5 UF 450V MIKRO CAPASITOR KIPAS ANGIN",60.33,212079.76642335765,59.28,208388.67153284673,59.81992675904287,210286.69143908794,32.0,112000.0,2025-02,True
KAPASITOR 10 UF 450V KOTAK KABEL SAN EI CAPACITOR PETAK POMPA AIR,3.67,51710.299999999996,5.16,72704.40000000001,4.393818218120105,61908.89869331227,2.0,27000.0,2025-02,True
KAPASITOR 100UF 100 MFD UF 250V 250 VAC CAPASITOR STARTING AC MOTOR,3.62,108321.53846153845,6.43,192405.3846153846,4.985053149609057,149168.1288613787,13.0,299000.0,2025-02,True
KAPASITOR 12 UF 450V KOTAK KABEL SAN EI CAPACITOR PETAK POMPA AIR,4.86,75881.67567567568,3.61,56364.78378378378,4.252769951241522,66400.6811035737,11.0,174900.0,2025-02,True
KAPASITOR 150UF 150 MFD UF 250V 250 VAC CAPASITOR STARTING AC MOTOR,7.76,279360.0,6.34,228240.0,7.070186664610369,254526.71992597327,2.0,72000.0,2025-02,True
KAPASITOR 200UF 200 MFD UF 250V 250 VAC CAPASITOR STARTING AC MOTOR,1.81,79335.15789473684,3.12,136754.52631578947,2.4463770910988845,107228.57060353426,3.0,132000.0,2025-02,True
KAPASITOR 250UF 250 MFD UF 250V 250 VAC CAPASITOR STARTING AC MOTOR,2.67,146850.0,0.96,52800.0,1.8393092932984025,101162.01113141215,1.0,55000.0,2025-02,True
KAPASITOR 2UF 2 UF 400V 400 V 450V 450 V VOLT CAPASITOR KIPAS ANGIN,3.71,17273.76,10.53,49027.68,7.0230471460262525,32699.30751189823,8.0,39200.0,2025-02,True
KAPASITOR 3 UF 450V 3UF 450 V 400 VOLT CAPASITOR 3 MICKO KIPAS ANGIN,12.95,76511.64705882352,2.09,12348.21176470588,7.674385336386346,45342.07430509674,50.0,315000.0,2025-02,True
KAPASITOR 300UF 300 MFD UF 250V 250 VAC CAPASITOR STARTING AC MOTOR,2.24,138880.0,3.63,225060.0,2.9152398142194267,180744.86848160444,0.0,0.0,2025-02,False
KAPASITOR 30UF 450 VAC CAPASITOR BULET CONDENSATOR SPAREPARTS DINAMO,6.29,192517.82377049178,13.71,419621.5204918033,9.894517569430322,302841.17483714176,2.0,59800.0,2025-02,True
KAPASITOR 35 UF 450VAC CAPASITOR BULET CONDENSATOR SPAREPARTS,9.81,358302.23529411765,9.05,330543.85620915034,9.440804130354845,344817.6577859408,4.0,138000.0,2025-02,True
KAPASITOR 4 UF 450V 4UF 450 V POMPA AIR CAPASITOR,16.24,150426.6909090909,13.76,127455.12727272726,15.03525558326318,139267.47194351684,23.0,195500.0,2025-02,True
KAPASITOR 40UF 450VAC CAPASITOR 40 UF 450 VAC BULET CONDENSATOR,5.52,220070.3448275862,10.82,431369.77011494257,8.094655406735944,322716.23308348993,0.0,0.0,2025-02,False
KAPASITOR 5 UF 450 V KOTAK CAPACITOR PETAK POMPA AIR SAN EI,29.57,289226.28214285715,17.76,173711.8285714286,23.832890499329906,233111.20432326721,26.0,257400.0,2025-02,True
KAPASITOR 50 UF 50UF 450VAC 450 VAC CAPASITOR BULET CONDENSATOR,14.05,672515.1384615385,15.23,728996.836923077,14.623225166028003,699953.0460701478,8.0,392000.0,2025-02,True
KAPASITOR 500UF 500 MFD UF 250V 250 VAC CAPASITOR STARTING AC MOTOR,3.57,317730.0,0.34,30260.000000000004,2.000917554008094,178081.66230672036,1.0,89000.0,2025-02,True
KAPASITOR 6 UF 450V KOTAK KABEL CAPACITOR PETAK SAN EI POMPA AIR.,12.05,146275.24390243905,8.19,99418.60975609756,10.17487360943382,123513.03891256616,24.0,285600.0,2025-02,True
KAPASITOR 8 UF 450V KOTAK KABEL SAN EI CAPACITOR PETAK POMPA AIR,13.38,179433.67058823528,15.97,214167.09411764707,14.638180661027565,196306.61335888613,50.0,645000.0,2025-02,True
KAPASITOR POMPA AIR 10UF 450VAC CAPASITOR BULET CONDENSATOR SPAREPART,16.43,236388.38034188034,14.3,205742.77777777778,15.395279996915555,221501.23575049403,19.0,256500.0,2025-02,True
KAPASITOR POMPA AIR 12UF 450VAC CAPASITOR BULET CONDENSATOR SPAREPARTS,15.29,239044.34031413612,16.07,251238.88481675394,15.668911550425289,244968.25539646574,6.0,95400.0,2025-02,True
KAPASITOR POMPA AIR 14 UF 450VAC CAPASITOR BULET CONDENSATOR SPAREPART,7.24,121172.31746031747,12.24,204854.85714285716,9.668920195033909,161823.9595816469,4.0,71600.0,2025-02,True
KAPASITOR POMPA AIR 16UF 450VAC CAPASITOR BULET CONDENSATOR SPAREPARTS,9.52,174661.8006042296,18.42,337948.56797583087,13.843477947160359,253983.90597436685,14.0,264600.0,2025-02,True
KAPASITOR POMPA AIR 20UF 450VAC CAPASITOR BULET CONDENSATOR SPAREPARTS,14.48,345105.61739130435,24.66,587728.2130434782,19.42528151708904,462967.8018615267,9.0,197100.0,2025-02,True
KAPASITOR POMPA AIR 20UF 450VAC CAPASITOR KOTAK 20 UF 450V CONDENSATOR,4.67,111066.84745762711,2.3,54701.01694915254,3.5186918275539263,83685.22665124864,0.0,0.0,2025-02,False
KAPASITOR POMPA AIR 25UF 450VAC CAPASITOR BULET CONDENSATOR SPAREPARTS,12.62,342474.5787234042,10.34,280601.2,11.512412391064537,312417.4789001526,14.0,362600.0,2025-02,True
KAPASITOR POMPA AIR 6 UF 450VAC CAPASITOR BULET CONDENSATOR SPAREPARTS,13.33,156093.19834710745,18.78,219912.24793388433,15.97752301258696,187095.47402094599,31.0,368900.0,2025-02,True
KAPASITOR POMPA AIR 8UF 450VAC CAPASITOR BULET CONDENSATOR SPAREPARTS,7.0,96149.2,8.1,111258.36,7.53436244290746,103488.98877079971,17.0,217600.0,2025-02,True
KARET SEAL ORING BLENDER BUMBU CHOPPER GELAS NATIONAL MIYAKO PAKING,4.33,15357.277372262773,6.84,24259.532846715327,5.5493179379070225,19681.85099291257,11.0,42900.0,2025-02,True
KARET SEAL ORING BLENDER PHILIP 1741,3.57,14280.0,1.88,7520.0,2.749024974078538,10996.099896314152,8.0,32000.0,2025-02,True
KIPAS IMPELLER JET DAB 255 IMPELAR GADING MESIN POMPA AIR SPAREPARTS,5.19,115455.25714285715,0.88,19576.22857142857,3.0962707918807695,68878.75538738191,0.0,0.0,2025-02,False
KIPAS PENDINGIN GP 125 NATIONAL NASIONAL PANASONIC FAN POMPA AIR,3.14,15821.548387096776,3.74,18844.77419354839,3.431470423404069,17290.183230184375,2.0,12000.0,2025-02,True
KLEP TABOK KARET SEDOT PLENES POMPA AIR PLENNES PLANES OVAL PACKING,10.81,29764.633587786262,9.33,25689.54961832061,10.091039622269962,27785.022837807446,20.0,58000.0,2025-02,True
KNOP KOMPOR GAS HITACHI TODACHI TOMBOL PUTARAN CETEKAN PEMANTIK,4.33,11805.617647058823,1.88,5125.764705882353,3.139829104433384,8560.651705322785,0.0,0.0,2025-02,False
KNOP KOMPOR GAS RINNAI TOMBOL PUTARAN CETEKAN SWITCH PEMANTIK,14.71,42588.108433734946,27.0,78169.8795180723,20.68028583939335,59873.16490609906,20.0,58000.0,2025-02,True
"Kabel Buntung AC Power listrik Colokan Gepeng Oval SNI Serbaguna 1,2m",8.52,50942.5,2.7,16143.750000000002,5.692736892980529,34037.82267261275,13.0,117000.0,2025-02,True
Karet seal Oring sil blender Mounting gelas Nasional Miyako Gmc sanex,10.19,36515.32478170478,20.2,72385.6291060291,15.052698230457885,53940.54609677748,9.0,35100.0,2025-02,True
LAMPU GOSOKAN BAJU SETERIKA SETRIKA INDIKATOR RESISTOR 1 PCS,17.24,14130.988764044943,24.85,20368.623595505618,20.93681653684161,17161.132206321297,26.0,21450.0,2025-02,True
"LEHER KIPAS ANGIN COSMOS DINDING WALL FAN PLAT 12"" 16""",7.52,46904.59701492537,10.5,65491.791044776124,8.967636436240209,55933.959204549006,0.0,0.0,2025-02,False
"LEHER KIPAS ANGINCOSMOS TIANG BERDIRI STAND FAN PLAT 12"" 16"" SPAREPART",5.1,31380.937499999996,1.44,8860.5,3.3220304172351773,20440.8684110502,1.0,5900.0,2025-02,True
LEM KOREA HANDSOME SEBAGUNA MULTIFUNGSI EPOTEC BESI POWERGLUE ( 1pcs),7.67,19743.974545454545,20.25,52127.181818181816,13.781163210705317,35475.21977039379,4.0,11200.0,2025-02,True
LEM PIPA ISARPLAS TUBE 45GR FOX FITING PVC,1.57,14825.795454545454,1.44,13598.181818181818,1.5068480749291182,14229.440343932923,1.0,9600.0,2025-02,True
LIS KIPAS ANGIN MULTI RING GAWANG PENGIKAT KIPAS ANGIN,6.14,57215.7037037037,2.18,20314.370370370372,4.216295205533143,39289.624952301434,2.0,18800.0,2025-02,True
"Leher kipas angin COSMOS Dinding wall fan kipas angin COSMOS 12"" 16""",2.38,14318.113055555554,13.94,83863.2336111111,7.9956634909184,48102.02261224691,7.0,41300.0,2025-02,True
"Leher kipas angin COSMOS tiang berdiri stand fan leher Cosmos 12"" 16"".",14.29,85901.16541353382,13.48,81032.03007518797,13.896514928404505,83535.81718240152,19.0,112100.0,2025-02,True
MOUNTING PISAU BLENDER JUS PHILIP HR 2061 2115 2116 2071 MANGKOK GELAS,2.57,93805.0,0.79,28835.0,1.705304410567928,62243.61098572937,0.0,0.0,2025-02,False
MOUNTING PISAU BLENDER NATIONAL MIYAKO LAMA MANGKOK JUS JUICE GELAS,2.0,56441.379310344826,1.28,36122.48275862069,1.650235491915117,46570.7836752873,1.0,33000.0,2025-02,True
NITTO ISOLASI LISTRIK 3/4 INCH 25 METER HITAM ISOLASI KABEL.,3.0,23790.659340659342,8.29,65741.52197802198,5.569797566345876,44169.71883245606,3.0,27000.0,2025-02,True
ORING KARET TUTUP IMPELLE SHIMIZU 4 BAUT PS 128 130 135 SEMI JETPAM,6.67,11788.5,13.97,24690.456521739132,10.216223484749507,18056.064550220326,12.0,21600.0,2025-02,True
OTOMATIS MAGIC COM RICE COOKER KAKI PIN 3 ELEMENT THERMOSTAT MTS PER.,4.67,37706.48387096774,4.74,38271.67741935484,4.704004882730475,37981.0458757238,3.0,29700.0,2025-02,True
OTOMATIS PER MAGIC COM RICE COOKER KAKI PIN 2 ELEMEN THERMOSTAT MTS,5.43,44311.18681318681,1.67,13627.934065934065,3.6034520133344996,29405.75236376043,0.0,0.0,2025-02,False
OTOMATIS PM5 PRESSURE SWITCH JETPUMP POMPA AIR SAN-EI PM 5 SEMI,7.67,433610.6666666667,2.09,118154.66666666666,4.959325062342156,280367.17685774324,25.0,1375000.0,2025-02,True
PINION KIPAS ANGIN MASPION / PEN STOP/ TARIKAN GEARBOX DINAMO,6.1,20287.121212121212,4.13,13735.378787878788,5.143005443156639,17104.38931474064,3.0,10500.0,2025-02,True
PINION PANASONIC NASIONAL PEN STOP TARIKAN GEARBOX KIPAS ANGIN GEAR,5.38,19169.646464646463,90.92,323959.898989899,46.933966696640134,167231.88638626068,6.0,27000.0,2025-02,True
PISAU BLENDER MASPION JUS + SEAL PUTIH MOUNTING SPAREPART STAINLES,2.24,29952.0,1.19,15911.999999999998,1.729926759042879,23131.59209234478,0.0,0.0,2025-02,False
RADAR PELAMPUNG AIR OTOMATIS TOREN ST 70 AB ORIGINAL SHINTUNG POMPA,1.29,72074.71875,0.99,55313.15625,1.1442647882979653,63932.21921868538,1.0,57000.0,2025-02,True
SEAL BLENDER JUS PHILIP BARU 2061 2071 2115 2116 KARET PISAU MOUNTING,3.71,14028.4375,1.72,6503.75,2.7432897623765036,10373.064413986154,0.0,0.0,2025-02,False
SEAL KARET PENGAMAN TABUNG GAS LPG ELPIJI REGULATOR SILIKON,52.0,32288.75,58.38,36250.33125,55.09930216886326,34213.22294047853,40.0,24000.0,2025-02,True
SEAL PDL 255 PEDROLO SIL POMPA AIR MS 14 PDR KARET SPAREPARTS MACHANIC,29.05,194988.31081081083,51.93,348562.5810810811,40.16473881247517,269592.2401102219,22.0,132000.0,2025-02,True
SEAL SANYO 100 101 PH 100 SIL POMPA AIR,9.29,65944.01612903224,3.3,23424.677419354837,6.380153606349375,45288.80003474774,0.0,0.0,2025-02,False
SEAL SHIMIZU SMZ 230 GOLSTAR GS 250 SIL POMPA AIR PS 226,4.24,33183.57894736842,3.97,31070.473684210527,4.108838309468169,32157.06613778509,2.0,15800.0,2025-02,True
SEAL SIL POMPA AIR PANASONIC NATIONAL NASIONAL GP 200 MECHANICAL,13.05,85484.67032967033,3.06,20044.68131868132,8.197017450322248,53694.96815535266,10.0,49000.0,2025-02,True
SELANG PEMBUANGAN AIR MESIN CUCI MULTI 1-2 TABUNG PANJANG SAMPAI 2M,2.0,25275.0,2.79,35258.625,2.383769390815358,30124.885676429087,3.0,38700.0,2025-02,True
SELANG PEMBUANGAN MESIN CUCI MULTI 1.2 METER,2.1,17910.000000000004,1.41,12025.285714285716,1.7648090130853205,15051.299725884806,0.0,0.0,2025-02,False
SINGER OIL MINYAK PELUMAS MESIN JAHIT RANTAI SEPEDA 80CC,4.57,33656.705882352944,9.42,69375.52941176471,6.926052589182892,51008.340245041065,2.0,15400.0,2025-02,True
SNAP RING S12 RETAINER CIRCLIP POMPA AIR EXTERNAL EKSTERNAL RETAINING,21.9,20193.088235294115,14.8,13646.470588235294,18.450933323051846,17012.845872872804,0.0,0.0,2025-02,False
SPINER KIPAS ANGIN KUNCI MUR BALING MASPION FAN DINDING PLAFON DINAMO,2.38,6556.666666666667,5.52,15207.05882352941,3.9053618824812952,10758.88910762004,0.0,0.0,2025-02,False
STIK MIXER PHILIPS GARPU STICK KOCOKAN PENGADUK ADONAN KUE SEPASANG,1.48,37729.57746478873,1.53,39004.22535211268,1.504289201950339,38348.781063804425,0.0,0.0,2025-02,False
SWITCH EXHAUST SAKLAR TARIKAN FAN DINAMO MASPION HEXOS DINDING,2.76,20545.44,2.24,16674.56,2.5073922997164733,18665.028279089427,1.0,7900.0,2025-02,True
SWITCH FAN KIPAS ANGIN MASPION LURUS 4 PIN SAKLAR ON OFF TIANG BERDIRI,7.43,56949.94594594595,1.76,13490.162162162162,4.675604498831546,35837.87664509801,0.0,0.0,2025-02,False
SYNCHRONOUS MOTOR ROTARY ROTARI SINKRONUS SWING DINAMO KIPAS ANGIN,6.76,85158.39583333333,4.46,56184.38541666667,5.642696710284401,71083.28402690042,1.0,12900.0,2025-02,True
Siltip sealtape isolatip Hachi sealtape isolasi keranpipa air.,3.62,10442.307692307693,10.17,29336.53846153846,6.801885455494421,19620.823429310833,0.0,0.0,2025-02,False
Swit tembok kipas angin wall fan saklar tarikan DinamoDindingPlafon,1.76,8767.80487804878,16.24,80902.92682926828,8.794152884818201,43809.895773758966,2.0,10400.0,2025-02,True
Switch Micro 3 Pin Saklar Mikro Otomatis Rice Cooker Majic Com Jer lim,18.14,108114.40000000001,4.03,24018.800000000003,11.285587209614306,67262.09976930126,0.0,0.0,2025-02,False
Switch Micro Limid Tombol Pin 3 Magicom Rice Cooker Majic Com Jer,4.14,24839.999999999996,8.71,52260.00000000001,6.360033058260994,38160.198349565966,1.0,6000.0,2025-02,True
"T Kuningan Tebal Tee Jet Pump 3 Way 1"" Sambungan Otomatis Pompa Air",2.38,76017.2,2.55,81447.0,2.462583286631153,78654.91017499902,0.0,0.0,2025-02,False
TABUNG ANGIN 2 LITER TANGKI PRESSURE TANK SPART PART POMPA AIR,1.86,112681.125,0.63,38166.1875,1.262485632021658,76482.95769491207,0.0,0.0,2025-02,False
TABUNG POMPA AIR PVC FIBER TENGKI OTOMATIS 2 LITER,3.81,104854.375,1.24,34125.83333333333,2.5615350197525704,70495.57835610719,1.0,28900.0,2025-02,True
TALI PEMBUANGAN AIR DRAIN REM MESIN CUCI 2 TABUNG TARIKAN,5.1,23942.18181818182,2.78,13050.836363636365,3.972981029504265,18651.34003305457,0.0,0.0,2025-02,False
TERMOSTAT BIMETAL PENGATUR SUHU SAKLAR OTOMATIS DISPENSER MAGIC COM,15.19,65056.16161616161,15.89,68054.14141414141,15.530048827304746,66512.53235128497,0.0,0.0,2025-02,False
TIMAH SOLDER 0.8mm 10M 60/40 TIM TINOL TENOL KAWAT KWALITAS BAGUS,2.9,50451.15853658536,2.21,38447.26219512195,2.5648090130853203,44619.85728801053,1.0,17900.0,2025-02,True
"TUSEN KLEP 1/2"" INCH TUSSEN TOSSEN PVC PLASTIK FOOT VALVE",1.76,10263.57894736842,1.14,6647.999999999999,1.458813895815795,8507.188402967899,0.0,0.0,2025-02,False
"TUSEN KLEP 3/4"" INCH TUSSEN TOSSEN PVC PLASTIK FOOT VALVE",3.19,21418.57142857143,1.62,10877.142857142859,2.427319058759352,16297.713680241362,1.0,6900.0,2025-02,True
Tarikan pinion baut gearbox kipas angin cabutan Cosmos Miyako Multifan,5.76,11275.44406779661,4.16,8143.376271186441,4.982745537589149,9753.93552311625,0.0,0.0,2025-02,False
Tarikan pinion socket gerbox cabutan kipas angin CosmosMiyakoMaspion,6.33,12358.01795221843,21.76,42481.90689419795,13.825647721874645,26991.722393044976,6.0,12000.0,2025-02,True
Tutup sendok Blender Nasional National tutup gelas juice blender NS.,1.24,10092.001777777778,1.46,11882.518222222221,1.346872488581492,10961.806088068062,0.0,0.0,2025-02,False
"WATERMUR 1/2 "" INCH POLOS WATERMOER SAMBUNGAN PIPA UNION SOCKET PVC",2.43,19440.0,1.84,14720.0,2.1433874169859983,17147.099335887986,0.0,0.0,2025-02,False
"WATERMUR 3/4 "" INCH POLOS WATERMOER SAMBUNGAN PIPA PVC UNION SOCKET",1.9,15200.0,2.13,17040.0,2.0117303289715593,16093.842631772475,0.0,0.0,2025-02,False
"WATERMUR 3/4""INCH DRAT LUAR WATER MUR UNION SOCKET SANYO PVC 1 × 3/4""",8.76,70080.0,14.0,112000.0,11.305508364395536,90444.06691516428,0.0,0.0,2025-02,False
"WATERMUR1/2"" INCH DRAT LUAR WATERMOR UNION SOCKET SANYO PCV 1×1/2""",4.52,36160.0,4.68,37440.0,4.597725446241085,36781.80356992868,0.0,0.0,2025-02,False
arang blender Philip,3.43,15667.184615384616,3.55,16215.307692307691,3.4882940846808137,15933.454057565132,0.0,0.0,2025-02,False
bearing nkn 608 2RS ball laher.,4.48,26153.606037735848,13.74,80212.17566037735,8.9783602012028,52414.39633195196,2.0,12800.0,2025-02,True
bos kipasangin dinamoNational boshing fanpanasonic KDK dindingportable,17.62,52933.880350877196,9.53,28629.959122807013,13.690007124435132,41127.42333300259,0.0,0.0,2025-02,False
carbon arang blender Philips brush karbon kaleng bulet,46.43,199998.4731182796,50.18,216151.6989247312,48.251690146275436,207845.45239352624,5.0,22500.0,2025-02,True
drat besar kopel gear gigi karet pisau blender.,5.43,14836.778846153846,20.37,55658.41346153847,12.687613542761323,34667.277388474446,1.0,3500.0,2025-02,True
gear konektor Miyako baru blender/ gigi lower mesin dinamo Blender.,52.0,167275.42087542085,40.22,129381.10437710436,46.277464020500105,148866.96675146732,19.0,55100.0,2025-02,True
"kapasitas kipas angin 1,5uf mikro 450V capasitor kotak spareparts",15.33,51898.9554054054,5.33,18044.4509009009,10.47215960993218,35452.977468633915,0.0,0.0,2025-02,False
"kapasitor 3 uf capasitor 3,0 mickro 450V kotak.spartparts kipas angin",2.24,13198.545454545456,5.59,32937.44155844156,3.8673765306727192,22787.386129431336,0.0,0.0,2025-02,False
"kapasitor 3,5uf mickro 450V kotak capasitor kipas angin spareparts",3.81,24875.612903225807,1.74,11360.516129032258,2.804427039255961,18310.194604690532,1.0,5900.0,2025-02,True
kapasitor 4 uf mickro capasitor kipas angin 450V kotak spareparts,1.9,16898.125,9.56,85024.25,5.62110573879195,49992.70916438091,0.0,0.0,2025-02,False
kapasitor kipas angin 2 uf mickro 450V capasitor kotak spareparts,12.52,57668.56461538462,4.86,22385.72076923077,8.79889426120805,40528.722224154415,0.0,0.0,2025-02,False
"kapasitor kipas angin 2,5uf mickro kotak 450V capasitor spareparts",6.05,29258.67469879518,14.49,70075.73493975904,10.150017289217239,49086.95108303373,11.0,56100.0,2025-02,True
konektor blender maspion conektor kecil gigi atas mesin gear ger lower,13.95,48566.25,26.28,91492.54838709677,19.939717200953623,69419.16061009419,0.0,0.0,2025-02,False
kopel Miyako baru pisau baut flange gigi blender gear upper konektor.,7.05,22342.327188940093,24.96,79101.34562211981,15.750392138611465,49914.95241347053,6.0,13200.0,2025-02,True
kopel gigi karet blender drat lobang kecil gear RRT pisau blender,4.24,12416.23880597015,17.44,51070.567164179105,10.652349314889523,31193.89456091529,0.0,0.0,2025-02,False
oring seal AS kipas angin umum.,77.62,38436.095097276266,105.12,52053.624280155644,90.9790610726865,45051.273425028136,10.0,5000.0,2025-02,True
seal 2 ply mounting bumbu blender Philip karet 2061-2071-2115-2116mill,2.62,10118.620689655172,3.38,13053.793103448275,2.989195869645154,11544.480600008872,2.0,8000.0,2025-02,True
seal pompa air Shimizu 100- 125/sil pompa air Shimizu simitsu 125.,25.76,150004.1811494253,30.47,177431.18787356323,28.048042823721943,163327.7832537432,13.0,63700.0,2025-02,True
seal pompa air Toyomoto 125 sil TM 125 marcanical seal Ty mekanik,11.86,68449.14285714286,3.01,17372.0,7.560811254789979,43636.682099073594,10.0,49000.0,2025-02,True
seal sil pompa air Panasonic National GP125 Nasional Spareparts pompa,18.57,103636.90536585366,41.72,232834.23219512196,29.815900503007,166398.9046218549,5.0,24500.0,2025-02,True
spiner AS kipas angin Cosmos Miyako/kunci mur baling kipas angin,10.0,31306.666666666664,13.8,43203.2,11.845979348225772,37085.81267951215,25.0,75000.0,2025-02,True
AS 6mm KIPAS ANGIN KECIL 7 IN 9 IN BATANG BESI,18.64,124877.46892655367,24.05,161121.41242937854,21.14885017821769,141685.34769113298,3.0,19500.0,2025-03,True
"AS DINAMO KIPAS ANGIN MODEL COSMOS,MIYAKO,UMUM-RRT.",15.43,99802.55319148937,14.08,91070.63829787234,14.803946813198916,95753.18789813766,16.0,80000.0,2025-03,True
AS EXHAUST FAN MASPION EXOS EXSOS EXAUST KIPAS ANGIN,14.01,80628.97959183673,5.24,30156.73469387755,9.942973001299608,57222.82421156101,10.0,45000.0,2025-03,True
AS EXHAUST PANASONIC NATIONAL DINAMO MASPION EXOSOS FAN KIPAS ANGIN,4.54,27549.73831775701,6.24,37865.719626168226,5.328363272268035,32333.703483024627,0.0,0.0,2025-03,False
AS Exhaust/Exaust/Exsos Maspion Panasonic National multi kipas angin.,7.37,43000.600000000006,2.89,16861.836363636365,5.292430906023061,30878.928686232735,0.0,0.0,2025-03,False
AS FAN KIPAS ANGIN COSMOS MOYAKO DRAT KASAR DINAMO PLAFON DINDING PORT,20.31,129352.13333333332,28.6,182150.22222222222,24.154430310060008,153836.88281918218,0.0,0.0,2025-03,False
AS KIPAS ANGIN MIYAKO COSMOS SEKAI FAN DINAMO DRAT HALUS,20.57,131133.75,22.24,141780.0,21.34445097922801,136070.87499257858,24.0,139200.0,2025-03,True
AS KIPAS ANGIN MIYAKO COSMOS SEKAI FAN DINAMO DRAT HALUS - KASAR - as drat halus,13.16,81877.54716981133,0.0,0.0,7.057140786442742,43907.39951565083,21.0,115500.0,2025-03,True
AS KIPAS ANGIN MIYAKO COSMOS SEKAI FAN DINAMO DRAT HALUS - KASAR - as drat kasar,13.5,83025.0,12.92,79458.0,13.2310290012262,81370.82835754113,6.0,30000.0,2025-03,True
AS KIPAS ANGIN REGENCY 10 CM DIAMETER 10 MM,9.81,82064.42307692308,21.15,176927.8846153846,15.068846769129127,126056.69893406097,0.0,0.0,2025-03,False
"AS fan kipas angin Maspion16""panjang20,5cm plafonportabledindingdinamo",12.77,82538.94160583941,3.29,21264.92700729927,8.37371539935237,54123.54004471916,15.0,97500.0,2025-03,True
"AS fan kipas angindinding portable panasonic Nasional KDK pajang20,5cm",1.84,16810.909090909092,2.44,22292.727272727272,2.1182458608004833,19353.064455495325,0.0,0.0,2025-03,False
"AS kipas angin model Maspion 18,5 cm.AS Maspion 12""/inci",21.17,134993.50671641793,4.07,25952.93208955224,13.239992967186238,84426.6924676987,30.0,174000.0,2025-03,True
"AS kipas angin model Maspion 20,5 cm.AS Maspion 16""/inci",58.5,378519.5950118765,39.41,254999.2690498812,49.647144195531304,321237.89597245713,10.0,65000.0,2025-03,True
Arang Mixer karbon carbon brush mixer blender umum,7.54,32992.59459459459,3.21,14045.91891891892,5.531992371223182,24206.20445678468,12.0,54000.0,2025-03,True
Arang blender carbon brush bostel arang sepul blender plat kotak.,8.7,38925.16853932584,5.79,25905.370786516854,7.350507575117657,32887.32715069495,10.0,45000.0,2025-03,True
BEARING 629 NKN 2 RS BERING BUSHING BALL LAHER BANTALAN,3.64,25002.25,7.67,52683.3125,5.508884698376577,37839.15177197412,2.0,15000.0,2025-03,True
"BOS KIPAS ANGIN BOSHING BOSSING BOSING BREKET KUPING 7 "" 9 "" IN AS 6MM",5.83,36167.00900900901,4.93,30583.765765765766,5.412631208799276,33577.818471884515,6.0,30000.0,2025-03,True
BOSHING BOSSING BOSING KIPAS ANGIN REGENCY 10MM BULET BOS MESIN CUCI,4.89,16972.375,19.05,66119.375,11.456602314891398,39763.957201268895,10.0,35000.0,2025-03,True
BOSHING BOSSING BOSING KIPAS ANGIN REGENCY 10MM GUCI BOS MESIN CUCI,7.03,24382.383333333335,1.81,6277.683333333333,4.609261011035799,15986.453606609164,6.0,21000.0,2025-03,True
"BOSHING BOSSING BOSING KIPAS ANGIN REGENCY BOS MESIN CUCI 12 "" GUCI",4.63,21727.928571428572,5.06,23745.85714285714,4.8294095335736795,22663.729025413624,0.0,0.0,2025-03,False
Bos kipas angin boshing Maspion Gentong guci Dinamofandindingportable,9.43,21450.106666666663,23.18,52726.77333333333,15.806467643344401,35954.44506606073,0.0,0.0,2025-03,False
Bos mesin cuci bulet 10mm boshing fan kipasangin dinamo regenci umum,4.46,14137.026315789475,8.88,28147.26315789474,6.509744507896892,20634.176999373176,0.0,0.0,2025-03,False
CASING COVER TUTUP IMPELLER CAP SHIMIZU GOLDSTAR 130 PS 128 130 135,2.61,60339.07894736842,2.3,53172.36842105263,2.4662396385864174,57015.566381530734,1.0,23500.0,2025-03,True
ELEMEN BODY SAMPING MAGIC COM PEMANAS RICE COOKER KABEL SABUK HEATER,23.19,264438.46875,28.88,329322.25,25.828698246591248,294527.8746931608,16.0,203200.0,2025-03,True
ELEMEN TUTUP ATAS MAGIC COM JAR PEMANAS TOP HEATER RICE COOKER KOTAK,37.11,338636.6345609065,27.53,251217.09915014164,32.66734108921896,298096.4280923289,36.0,324000.0,2025-03,True
FUSE KIPAS ANGIN SEIRING THERMAL 2A THERMOFUSE KOTAK 250V,9.86,11140.070175438595,45.06,50909.89473684211,26.183757166961666,29583.051957058444,20.0,26000.0,2025-03,True
GEAR GIGI MIXER MASPION BARU MT 1150 ADONAN MESIN (SEPASANG),3.04,23813.333333333332,3.36,26319.999999999996,3.1883977924269242,24975.78270734424,8.0,52000.0,2025-03,True
GEAR GIGI MIXER MASPION SEPASANG,3.9,30696.249999999996,3.43,26996.958333333332,3.682040742372955,28980.729009760464,2.0,13000.0,2025-03,True
GEAR GIGI MIXER MIYAKO HM 620 625 650 GRIGI SESET SEPASANG,74.01,560411.2624203822,31.67,239808.46751592358,54.37511708951259,411733.92801499594,50.0,325000.0,2025-03,True
GEAR GIGI MIXER MIYAKO HM 625 HM 620 628 650 GRIGI,9.47,36787.307692307695,8.64,33563.07692307693,9.085093225892667,35292.09291596767,16.0,56000.0,2025-03,True
GEAR GIGI MIXER PHILIP SESET SEPASANG.,2.57,19789.0,15.65,120505.0,8.63575976545053,66495.35019396908,15.0,97500.0,2025-03,True
GEAR KOPEL BLENDER PHILIP BARU 2061 2071 2115 2116 PLASTIK GIGI BAGUS,6.56,20694.943396226416,2.52,7949.88679245283,4.686477870610082,14784.511320113315,0.0,0.0,2025-03,False
GEAR KOPEL BLENDER PHILIP BARU 2061 2071 2115 2116 PLASTIK GIGI PISAU,4.67,13180.672413793103,2.44,6886.689655172414,3.635852884024872,10261.881329566751,0.0,0.0,2025-03,False
GEAR KOPEL BLENDER PHILIP LAMA 2815 COPEL BAUT UPPER MOUNTING PISAU,4.37,12007.415384615384,6.01,16513.630769230767,5.130538686187987,14097.14168235653,0.0,0.0,2025-03,False
GEARBOX KIPAS ANGIN COSMOS / SEKAI / MIYAKO / RRT KOTAK GEARBOK GIRBOK,25.46,211372.0816993464,33.61,279034.39379084966,29.23950627587323,242750.0121520985,9.0,52200.0,2025-03,True
GEARBOX WALLFAN MIYAKO TARIK WALL FAN GEAR BOX KIPAS ANGIN DINDING,4.97,73762.64736842105,5.36,79550.86315789474,5.150859809520314,76446.89250982282,15.0,180000.0,2025-03,True
Gear Kopel Maspion Upper Blender Mounting Baut Pisau Flange gigi Spare,4.97,14476.821655172414,15.72,45789.866482758625,9.955238339341987,28998.030175732143,0.0,0.0,2025-03,False
Gear Kopel Maspion Upper Blender Mounting Baut Pisau Flange gigi putih,4.11,12885.611111111113,9.89,31006.981481481485,6.79043512571132,21289.271607091232,0.0,0.0,2025-03,False
Gear box kipas angin Maspion bintang girbok/gear bok kipas angin12 16,2.79,35047.23068571429,6.01,75496.00588571429,4.283252786295925,53805.071142129666,0.0,0.0,2025-03,False
"Gear box/girbox/gearbox/gear bok kipas angin Cosmos Miyako,umum.rrt",5.96,39504.25447316103,25.11,166434.8707753479,14.840680390548748,98367.4521313907,13.0,65000.0,2025-03,True
"Gigi konektor Miyako lama gear lower panasonic,nasional drat besar POM",11.91,40915.30612244898,22.16,76127.89115646259,16.663366788674917,57244.89951211451,33.0,95700.0,2025-03,True
Gigi konektor blender Miyako drat lubang kecil gear lower National,3.56,12602.4,6.48,22939.2,4.914129855895684,17396.01968987072,0.0,0.0,2025-03,False
Gigi konektor blender Miyako drat lubang kecil gear lower National RRT,39.56,135481.74375257734,64.43,220654.41734020622,51.093290930180025,174979.9835510246,35.0,101500.0,2025-03,True
IMPELLER JET DAB 370 KIPAS IMPELAR GADING MESIN POMPA AIR SPAREPARTS,4.46,105014.41666666666,2.13,50152.62499999999,3.379478573891458,79572.6392544193,0.0,0.0,2025-03,False
IMPELLER KUNINGAN NATIONAL PANASONIC GP 125 129 POMPA AIR KIPAS SANEI,1.97,52634.13375796178,9.09,242865.11464968152,5.271850881499065,140852.4388065231,1.0,29900.0,2025-03,True
IMPELLER KUNINGAN POMPA AIR SHIMIZU PS 105 130 135 KIPAS GOLSTAR SANEI,2.19,60576.068702290075,5.61,155174.31297709924,3.776001406562753,104445.35188305446,1.0,29900.0,2025-03,True
IMPELLER KUNINGAN PS 226 230 SHIMIZU POMPA AIR KIPAS BIT SPAREPARTS.,2.06,99951.2,1.44,69868.8,1.7724792771728344,86000.69452842593,14.0,686000.0,2025-03,True
IMPELLER KUNINGAN SANYO SY 136 PWH IMPELER KIPAS POMPA AIR,3.39,91181.3142857143,0.95,25552.285714285714,2.258466832744703,60746.30503845324,0.0,0.0,2025-03,False
KABEL TIES 10CM CABLE TIES KABEL TIS CABLE TIE 2.5 × 100MM ISI 100PCS,1.67,8092.032520325203,2.72,13179.837398373986,2.1569302564008455,10451.466933454503,3.0,16500.0,2025-03,True
"KAPASITOR 1,5UF, 2UF, 2,5UF, 3UF, 3,5UF MIKRO CAPASITOR KIPAS ANGIN - 1,5UF",24.94,88969.88063337395,47.05,167844.1412911084,35.193359970497795,125547.27488622893,73.0,248200.0,2025-03,True
"KAPASITOR 1,5UF, 2UF, 2,5UF, 3UF, 3,5UF MIKRO CAPASITOR KIPAS ANGIN - 2,5UF",38.19,189059.37479406918,37.7,186633.6326194399,37.96276588034627,187934.45359496956,92.0,455400.0,2025-03,True
"KAPASITOR 1,5UF, 2UF, 2,5UF, 3UF, 3,5UF MIKRO CAPASITOR KIPAS ANGIN - 2UF",24.99,119767.04111842105,59.08,283146.7302631579,40.799002324480774,195533.24485740878,118.0,531000.0,2025-03,True
"KAPASITOR 1,5UF, 2UF, 2,5UF, 3UF, 3,5UF MIKRO CAPASITOR KIPAS ANGIN - 3,5UF",11.87,78675.19298245614,26.97,178759.05263157893,18.872520830145486,125088.39244963096,0.0,0.0,2025-03,False
"KAPASITOR 1,5UF, 2UF, 2,5UF, 3UF, 3,5UF MIKRO CAPASITOR KIPAS ANGIN - 3UF",17.61,100730.16758241758,20.74,118633.93956043955,19.061515907175853,109032.91832508474,21.0,115500.0,2025-03,True
"KAPASITOR 1.5UF 1,5UF 1.5 UF 1,5 UF 450V MIKRO CAPASITOR KIPAS ANGIN",48.56,170704.35036496352,59.4,208810.5109489051,53.58697521846206,188375.81945409728,74.0,259000.0,2025-03,True
KAPASITOR 10 UF 450V KOTAK KABEL SAN EI CAPACITOR PETAK POMPA AIR,2.74,38606.600000000006,3.81,53682.9,3.2362051184275282,45598.13011864387,26.0,351000.0,2025-03,True
KAPASITOR 100UF 100 MFD UF 250V 250 VAC CAPASITOR STARTING AC MOTOR,4.76,142433.84615384616,5.38,160986.15384615384,5.047520722827166,151037.3508599821,8.0,184000.0,2025-03,True
KAPASITOR 12 UF 450V KOTAK KABEL SAN EI CAPACITOR PETAK POMPA AIR,5.96,93056.54054054053,1.79,27948.18918918919,4.026191267436643,62862.99176211213,17.0,270300.0,2025-03,True
KAPASITOR 150UF 150 MFD UF 250V 250 VAC CAPASITOR STARTING AC MOTOR,5.44,195840.0,4.36,156960.0,4.939157450559131,177809.66822012872,0.0,0.0,2025-03,False
KAPASITOR 200UF 200 MFD UF 250V 250 VAC CAPASITOR STARTING AC MOTOR,1.97,86348.21052631579,3.8,166560.0,2.818649875441473,123545.87454040308,0.0,0.0,2025-03,False
KAPASITOR 250UF 250 MFD UF 250V 250 VAC CAPASITOR STARTING AC MOTOR,1.8,99000.0,1.96,107800.0,1.8741988962134624,103080.93929174043,0.0,0.0,2025-03,False
KAPASITOR 2UF 2 UF 400V 400 V 450V 450 V VOLT CAPASITOR KIPAS ANGIN,4.11,19136.16,13.79,64206.24,8.599033220914459,40037.09867657772,1.0,4900.0,2025-03,True
KAPASITOR 3 UF 450V 3UF 450 V 400 VOLT CAPASITOR 3 MICKO KIPAS ANGIN,21.99,129922.09411764705,3.55,20974.235294117647,13.43857721139849,79398.27618310967,0.0,0.0,2025-03,False
KAPASITOR 300UF 300 MFD UF 250V 250 VAC CAPASITOR STARTING AC MOTOR,2.01,124619.99999999999,3.27,202740.0,2.594316307681014,160847.61107622288,0.0,0.0,2025-03,False
KAPASITOR 30UF 450 VAC CAPASITOR BULET CONDENSATOR SPAREPARTS DINAMO,4.5,137731.35245901637,12.19,373098.93032786885,8.066184449259524,246881.44297342232,4.0,119600.0,2025-03,True
KAPASITOR 35 UF 450VAC CAPASITOR BULET CONDENSATOR SPAREPARTS,7.5,273931.3725490196,7.95,290367.2549019608,7.708684395600363,281553.3996045356,23.0,793500.0,2025-03,True
KAPASITOR 4 UF 450V 4UF 450 V POMPA AIR CAPASITOR,16.67,154409.66363636364,15.12,140052.43636363634,15.951198192932086,147751.59853435002,17.0,144500.0,2025-03,True
KAPASITOR 40UF 450VAC CAPASITOR 40 UF 450 VAC BULET CONDENSATOR,4.97,198143.0459770115,9.74,388312.5287356322,7.18205459336384,286332.8316906032,2.0,80000.0,2025-03,True
KAPASITOR 5 UF 450 V KOTAK CAPACITOR PETAK POMPA AIR SAN EI,24.77,242277.1392857143,17.5,171168.75,21.398587653300815,209301.11430748194,17.0,168300.0,2025-03,True
KAPASITOR 50 UF 50UF 450VAC 450 VAC CAPASITOR BULET CONDENSATOR,11.06,529396.2584615385,14.65,701234.6461538462,12.724837733789558,609085.1252982273,7.0,343000.0,2025-03,True
KAPASITOR 500UF 500 MFD UF 250V 250 VAC CAPASITOR STARTING AC MOTOR,2.66,236740.0,0.25,22250.0,1.542379125784727,137271.7421948407,0.0,0.0,2025-03,False
KAPASITOR 6 UF 450V KOTAK KABEL CAPACITOR PETAK SAN EI POMPA AIR.,13.71,166426.02439024393,8.18,99297.21951219512,11.145500649622218,135295.50422724336,23.0,273700.0,2025-03,True
KAPASITOR 8 UF 450V KOTAK KABEL SAN EI CAPACITOR PETAK POMPA AIR,21.21,284438.5764705882,13.22,177287.97647058824,17.504692620340236,234748.22491677452,18.0,232200.0,2025-03,True
KAPASITOR POMPA AIR 10UF 450VAC CAPASITOR BULET CONDENSATOR SPAREPART,15.81,227468.06410256412,15.48,222720.15384615384,15.656964776559736,225266.25347540027,16.0,216000.0,2025-03,True
KAPASITOR POMPA AIR 12UF 450VAC CAPASITOR BULET CONDENSATOR SPAREPARTS,11.4,178227.95811518325,13.03,203711.4293193717,12.155901255174646,190045.74208417282,0.0,0.0,2025-03,False
KAPASITOR POMPA AIR 14 UF 450VAC CAPASITOR BULET CONDENSATOR SPAREPART,6.13,102594.79365079365,9.76,163348.31746031746,7.813387457842921,130768.82119919962,25.0,447500.0,2025-03,True
KAPASITOR POMPA AIR 16UF 450VAC CAPASITOR BULET CONDENSATOR SPAREPARTS,9.56,175395.6737160121,17.27,316849.71601208457,13.135459311286205,240994.0099866431,17.0,321300.0,2025-03,True
KAPASITOR POMPA AIR 20UF 450VAC CAPASITOR BULET CONDENSATOR SPAREPARTS,12.0,285999.1304347826,16.02,381808.83913043473,13.864247267363236,330430.2218832247,21.0,459900.0,2025-03,True
KAPASITOR POMPA AIR 20UF 450VAC CAPASITOR KOTAK 20 UF 450V CONDENSATOR,4.2,99888.81355932204,2.07,49230.91525423728,3.212227194158286,76396.56269225266,1.0,21900.0,2025-03,True
KAPASITOR POMPA AIR 25UF 450VAC CAPASITOR BULET CONDENSATOR SPAREPARTS,12.56,340846.33191489364,7.28,197560.61276595746,10.111436424955752,274398.5681398737,20.0,518000.0,2025-03,True
KAPASITOR POMPA AIR 6 UF 450VAC CAPASITOR BULET CONDENSATOR SPAREPARTS,16.46,192745.2396694215,16.83,197077.9090909091,16.631584947493632,194754.48522399776,58.0,690200.0,2025-03,True
KAPASITOR POMPA AIR 8UF 450VAC CAPASITOR BULET CONDENSATOR SPAREPARTS,8.79,120735.92399999998,9.58,131587.048,9.15635705005397,125768.05789672131,8.0,102400.0,2025-03,True
KARET SEAL ORING BLENDER BUMBU CHOPPER GELAS NATIONAL MIYAKO PAKING,5.31,18833.05839416058,11.0,39013.868613138686,7.948698246591247,28191.769912545158,4.0,15600.0,2025-03,True
KARET SEAL ORING BLENDER PHILIP 1741,4.37,17480.0,1.37,5480.0,2.9787706959975857,11915.082783990343,3.0,12000.0,2025-03,True
KIPAS IMPELLER JET DAB 255 IMPELAR GADING MESIN POMPA AIR SPAREPARTS,4.67,103887.48571428572,0.79,17574.114285714288,2.870676766823544,63860.255161394605,0.0,0.0,2025-03,False
KIPAS PENDINGIN GP 125 NATIONAL NASIONAL PANASONIC FAN POMPA AIR,2.44,12294.451612903225,2.73,13755.677419354839,2.5744854993869,12972.085000136574,3.0,18000.0,2025-03,True
KLEP TABOK KARET SEDOT PLENES POMPA AIR PLENNES PLANES OVAL PACKING,12.3,33867.251908396946,7.98,21972.41221374046,10.296629802236524,28351.102058524535,5.0,14500.0,2025-03,True
KNOP KOMPOR GAS HITACHI TODACHI TOMBOL PUTARAN CETEKAN PEMANTIK,3.9,10633.235294117647,1.69,4607.735294117647,2.8751277460515547,7838.951237028798,0.0,0.0,2025-03,False
KNOP KOMPOR GAS RINNAI TOMBOL PUTARAN CETEKAN SWITCH PEMANTIK,14.01,40561.48192771085,21.92,63462.36144578314,17.678207931553036,51181.60681870114,2.0,5800.0,2025-03,True
"Kabel Buntung AC Power listrik Colokan Gepeng Oval SNI Serbaguna 1,2m",9.13,54589.79166666667,1.97,11778.958333333334,5.809599394447571,34736.56304596777,0.0,0.0,2025-03,False
Karet seal Oring sil blender Mounting gelas Nasional Miyako Gmc sanex,7.71,27628.376257796255,18.3,65577.07983367983,12.621039443128526,45226.825745686416,11.0,42900.0,2025-03,True
LAMPU GOSOKAN BAJU SETERIKA SETRIKA INDIKATOR RESISTOR 1 PCS,17.44,14294.921348314609,23.68,19409.61797752809,20.333756952325025,16666.82662552933,32.0,26400.0,2025-03,True
"LEHER KIPAS ANGIN COSMOS DINDING WALL FAN PLAT 12"" 16""",6.77,42226.611940298506,9.45,58942.611940298506,8.01283151157549,49978.54162219996,5.0,29500.0,2025-03,True
"LEHER KIPAS ANGINCOSMOS TIANG BERDIRI STAND FAN PLAT 12"" 16"" SPAREPART",3.13,19259.28125,1.84,11321.75,2.531771399278962,15578.305891188362,3.0,17700.0,2025-03,True
LEM KOREA HANDSOME SEBAGUNA MULTIFUNGSI EPOTEC BESI POWERGLUE ( 1pcs),5.96,15342.123636363634,18.98,48857.97090909091,11.99793517937048,30884.866594459498,6.0,16800.0,2025-03,True
LEM PIPA ISARPLAS TUBE 45GR FOX FITING PVC,1.24,11709.545454545454,1.01,9537.613636363636,1.1333390866931483,10702.327057295526,1.0,9600.0,2025-03,True
LIS KIPAS ANGIN MULTI RING GAWANG PENGIKAT KIPAS ANGIN,4.46,41560.59259259259,3.07,28607.85185185185,3.815397089145548,35553.84843070444,2.0,18800.0,2025-03,True
"Leher kipas angin COSMOS Dinding wall fan kipas angin COSMOS 12"" 16""",2.96,17807.40111111111,16.75,100768.23263888889,9.355017367397767,56279.914413061735,5.0,29500.0,2025-03,True
"Leher kipas angin COSMOS tiang berdiri stand fan leher Cosmos 12"" 16"".",14.31,86021.3909774436,11.23,67506.65413533835,12.881671247890855,77435.30949390029,11.0,64900.0,2025-03,True
MOUNTING PISAU BLENDER JUS PHILIP HR 2061 2115 2116 2071 MANGKOK GELAS,2.31,84315.0,0.71,25915.0,1.5680110378653789,57232.40288208633,1.0,28000.0,2025-03,True
MOUNTING PISAU BLENDER NATIONAL MIYAKO LAMA MANGKOK JUS JUICE GELAS,1.59,44870.89655172414,1.15,32453.79310344827,1.3859530354129792,39112.55048903387,0.0,0.0,2025-03,False
NITTO ISOLASI LISTRIK 3/4 INCH 25 METER HITAM ISOLASI KABEL.,2.61,20697.87362637363,9.65,76526.62087912089,5.874751433392333,46588.07002096239,4.0,38800.0,2025-03,True
ORING KARET TUTUP IMPELLE SHIMIZU 4 BAUT PS 128 130 135 SEMI JETPAM,7.29,12884.282608695652,13.34,23577.0,10.095645763071538,17842.95653342861,6.0,10800.0,2025-03,True
OTOMATIS MAGIC COM RICE COOKER KAKI PIN 3 ELEMENT THERMOSTAT MTS PER.,3.0,24222.580645161288,4.31,34799.77419354839,3.6075034627477214,29127.681184701763,9.0,89100.0,2025-03,True
OTOMATIS PER MAGIC COM RICE COOKER KAKI PIN 2 ELEMEN THERMOSTAT MTS,4.89,39904.54945054945,1.5,12240.65934065934,3.3179108864772715,27075.611256022217,0.0,0.0,2025-03,False
OTOMATIS PM5 PRESSURE SWITCH JETPUMP POMPA AIR SAN-EI PM 5 SEMI,11.53,651829.3333333334,2.08,117589.33333333334,7.147627692392394,404079.2188765834,8.0,440000.0,2025-03,True
PINION KIPAS ANGIN MASPION / PEN STOP/ TARIKAN GEARBOX DINAMO,4.67,15531.28787878788,2.95,9810.98484848485,3.8723618657052823,12878.536810944084,0.0,0.0,2025-03,False
PINION PANASONIC NASIONAL PEN STOP TARIKAN GEARBOX KIPAS ANGIN GEAR,3.34,11900.858585858585,85.51,304683.3585858586,41.44577063662614,147676.72315222092,17.0,76500.0,2025-03,True
PISAU BLENDER MASPION JUS + SEAL PUTIH MOUNTING SPAREPART STAINLES,2.01,26876.571428571424,1.07,14307.42857142857,1.5740814847459101,21047.71813888817,0.0,0.0,2025-03,False
RADAR PELAMPUNG AIR OTOMATIS TOREN ST 70 AB ORIGINAL SHINTUNG POMPA,1.11,62017.78125000001,1.02,56989.3125,1.0682631208799278,59685.86355691322,0.0,0.0,2025-03,False
SEAL BLENDER JUS PHILIP BARU 2061 2071 2115 2116 KARET PISAU MOUNTING,3.34,12629.375,1.55,5860.9375,2.5098998486118926,9490.558802563719,0.0,0.0,2025-03,False
SEAL KARET PENGAMAN TABUNG GAS LPG ELPIJI REGULATOR SILIKON,39.34,24427.68125,54.41,33785.209375,46.32860853710547,28767.170363508925,20.0,12000.0,2025-03,True
SEAL PDL 255 PEDROLO SIL POMPA AIR MS 14 PDR KARET SPAREPARTS MACHANIC,23.23,155923.52702702704,49.99,335540.9864864865,35.639765391701545,239219.88473051565,0.0,0.0,2025-03,False
SEAL SANYO 100 101 PH 100 SIL POMPA AIR,8.36,59342.51612903225,2.97,21082.209677419356,5.860424683808995,41599.56295716675,0.0,0.0,2025-03,False
SEAL SHIMIZU SMZ 230 GOLSTAR GS 250 SIL POMPA AIR PS 226,3.21,25122.473684210527,1.75,13696.052631578947,2.532935072052158,19823.54974811347,10.0,79000.0,2025-03,True
SEAL SIL POMPA AIR PANASONIC NATIONAL NASIONAL GP 200 MECHANICAL,10.93,71597.5054945055,2.8,18341.53846153846,7.159768586153456,46900.41817808874,0.0,0.0,2025-03,False
SELANG PEMBUANGAN AIR MESIN CUCI MULTI 1-2 TABUNG PANJANG SAMPAI 2M,1.97,24895.875,1.79,22621.125,1.8865262417598552,23840.97538024017,1.0,12900.0,2025-03,True
SELANG PEMBUANGAN MESIN CUCI MULTI 1.2 METER,1.89,16119.0,1.27,10831.285714285716,1.6024792771728342,13666.85897817403,0.0,0.0,2025-03,False
SINGER OIL MINYAK PELUMAS MESIN JAHIT RANTAI SEPEDA 80CC,3.51,25850.11764705882,8.9,65545.88235294117,6.009575316191006,44258.75468159494,2.0,15400.0,2025-03,True
SNAP RING S12 RETAINER CIRCLIP POMPA AIR EXTERNAL EKSTERNAL RETAINING,19.71,18173.779411764706,13.32,12281.823529411764,16.74668158247486,15441.425517958436,20.0,20000.0,2025-03,True
SPINER KIPAS ANGIN KUNCI MUR BALING MASPION FAN DINDING PLAFON DINAMO,2.14,5895.490196078432,4.97,13691.862745098038,3.452392976775611,9511.004181117125,0.0,0.0,2025-03,False
STIK MIXER PHILIPS GARPU STICK KOCOKAN PENGADUK ADONAN KUE SEPASANG,1.33,33905.633802816905,1.38,35180.281690140844,1.353187155066707,34496.74296719352,0.0,0.0,2025-03,False
SWITCH EXHAUST SAKLAR TARIKAN FAN DINAMO MASPION HEXOS DINDING,1.97,14664.68,1.82,13548.08,1.9004385347998793,14146.864453050302,2.0,15800.0,2025-03,True
SWITCH FAN KIPAS ANGIN MASPION LURUS 4 PIN SAKLAR ON OFF TIANG BERDIRI,6.69,51277.94594594595,1.58,12110.486486486487,4.320272752182554,33114.30682483709,0.0,0.0,2025-03,False
SYNCHRONOUS MOTOR ROTARY ROTARI SINKRONUS SWING DINAMO KIPAS ANGIN,4.5,56688.28125,4.32,54420.75000000001,4.416526241759856,55636.729275752936,0.0,0.0,2025-03,False
Siltip sealtape isolatip Hachi sealtape isolasi keranpipa air.,3.26,9403.846153846154,9.15,26394.230769230773,5.991446866858075,17283.019808244448,0.0,0.0,2025-03,False
Swit tembok kipas angin wall fan saklar tarikan DinamoDindingPlafon,1.63,8120.182926829269,18.65,92908.84146341463,9.522907584707033,47440.33839454663,1.0,5200.0,2025-03,True
Switch Micro 3 Pin Saklar Mikro Otomatis Rice Cooker Majic Com Jer lim,16.33,97326.79999999999,3.63,21634.8,10.440462613056445,62225.15717381641,0.0,0.0,2025-03,False
Switch Micro Limid Tombol Pin 3 Magicom Rice Cooker Majic Com Jer,2.66,15960.0,9.62,57719.99999999999,5.887651985285602,35325.911911713614,2.0,12000.0,2025-03,True
"T Kuningan Tebal Tee Jet Pump 3 Way 1"" Sambungan Otomatis Pompa Air",2.14,68351.6,2.29,73142.6,2.209561465200121,70573.39319849186,0.0,0.0,2025-03,False
TABUNG ANGIN 2 LITER TANGKI PRESSURE TANK SPART PART POMPA AIR,1.67,101170.6875,0.56,33925.5,1.1552451575191065,69986.19569895437,0.0,0.0,2025-03,False
TABUNG POMPA AIR PVC FIBER TENGKI OTOMATIS 2 LITER,2.44,67150.83333333333,1.36,37428.333333333336,1.9391574505591307,53367.22900392941,0.0,0.0,2025-03,False
TALI PEMBUANGAN AIR DRAIN REM MESIN CUCI 2 TABUNG TARIKAN,4.59,21547.96363636364,2.5,11736.363636363638,3.6207769182116514,16997.90182331361,2.0,9600.0,2025-03,True
TERMOSTAT BIMETAL PENGATUR SUHU SAKLAR OTOMATIS DISPENSER MAGIC COM,13.67,58546.26262626262,14.3,61244.444444444445,13.962158153840509,59797.52583058965,0.0,0.0,2025-03,False
TIMAH SOLDER 0.8mm 10M 60/40 TIM TINOL TENOL KAWAT KWALITAS BAGUS,1.97,34271.99390243902,2.23,38795.20121951219,2.090573206346876,36369.6000916358,2.0,36800.0,2025-03,True
"TUSEN KLEP 1/2"" INCH TUSSEN TOSSEN PVC PLASTIK FOOT VALVE",1.59,9272.21052631579,1.03,6006.526315789473,1.3303038632528827,7757.7720025483895,2.0,13000.0,2025-03,True
"TUSEN KLEP 3/4"" INCH TUSSEN TOSSEN PVC PLASTIK FOOT VALVE",2.36,15845.714285714286,1.25,8392.857142857143,1.8452451575191067,12389.503200485431,2.0,13800.0,2025-03,True
Tarikan pinion baut gearbox kipas angin cabutan Cosmos Miyako Multifan,5.19,10159.64491525424,3.75,7340.783898305085,4.522209934078841,8852.417565024334,0.0,0.0,2025-03,False
Tarikan pinion socket gerbox cabutan kipas angin CosmosMiyakoMaspion,5.44,10620.476723549487,20.51,40041.54,12.428608537105465,24264.291851918573,6.0,12000.0,2025-03,True
Tutup sendok Blender Nasional National tutup gelas juice blender NS.,1.11,9033.969333333334,1.31,10661.711555555556,1.2027486202668278,9788.82355963919,1.0,5600.0,2025-03,True
"WATERMUR 1/2 "" INCH POLOS WATERMOER SAMBUNGAN PIPA UNION SOCKET PVC",2.19,17520.0,1.66,13280.0,1.9442161562929068,15553.729250343255,2.0,16000.0,2025-03,True
"WATERMUR 3/4 "" INCH POLOS WATERMOER SAMBUNGAN PIPA PVC UNION SOCKET",1.71,13680.0,1.92,15360.0,1.8073860512801692,14459.088410241353,1.0,8000.0,2025-03,True
"WATERMUR 3/4""INCH DRAT LUAR WATER MUR UNION SOCKET SANYO PVC 1 × 3/4""",7.89,63120.0,12.6,100800.0,10.074230007283791,80593.84005827033,2.0,16000.0,2025-03,True
"WATERMUR1/2"" INCH DRAT LUAR WATERMOR UNION SOCKET SANYO PCV 1×1/2""",4.07,32560.000000000004,4.21,33680.0,4.1349240341867795,33079.39227349424,0.0,0.0,2025-03,False
arang blender Philip,3.09,14114.16923076923,3.19,14570.93846153846,3.136374310133414,14325.992810440164,0.0,0.0,2025-03,False
bearing nkn 608 2RS ball laher.,3.43,20023.85462264151,16.42,95857.63641509434,9.454022886330458,55191.247776969896,0.0,0.0,2025-03,False
bos kipasangin dinamoNational boshing fanpanasonic KDK dindingportable,15.86,47646.50070175438,8.57,25745.93385964912,12.479312791274133,37490.263913420895,0.0,0.0,2025-03,False
carbon arang blender Philips brush karbon kaleng bulet,31.41,135299.41935483873,47.11,202927.5913978495,38.69076669094598,166661.51759562324,98.0,441000.0,2025-03,True
drat besar kopel gear gigi karet pisau blender.,3.77,10301.041666666666,19.19,52434.21474358975,10.920918622572412,29840.010018406992,0.0,0.0,2025-03,False
gear konektor Miyako baru blender/ gigi lower mesin dinamo Blender.,39.99,128641.23232323233,39.81,128062.20202020202,39.90652624175986,128372.71101473863,34.0,98600.0,2025-03,True
"kapasitas kipas angin 1,5uf mikro 450V capasitor kotak spareparts",13.8,46719.21621621621,4.79,16216.307657657657,9.621674656979415,32573.702801558644,5.0,18500.0,2025-03,True
"kapasitor 3 uf capasitor 3,0 mickro 450V kotak.spartparts kipas angin",2.01,11843.33766233766,5.03,29637.805194805198,3.4105041660290976,20095.39922243379,0.0,0.0,2025-03,False
"kapasitor 3,5uf mickro 450V kotak capasitor kipas angin spareparts",1.84,12013.41935483871,2.67,17432.516129032258,2.224906774107335,14526.488099333052,0.0,0.0,2025-03,False
kapasitor 4 uf mickro capasitor kipas angin 450V kotak spareparts,1.71,15208.3125,8.61,76575.1875,4.909827399205554,43666.77743168439,0.0,0.0,2025-03,False
kapasitor kipas angin 2 uf mickro 450V capasitor kotak spareparts,11.27,51910.92038461538,4.37,20128.724230769232,8.070172600794447,37172.146173020854,3.0,14700.0,2025-03,True
"kapasitor kipas angin 2,5uf mickro kotak 450V capasitor spareparts",6.6,31918.55421686747,12.52,60548.530120481926,9.345359159898099,45195.50803353129,1.0,5100.0,2025-03,True
konektor blender maspion conektor kecil gigi atas mesin gear ger lower,12.56,43727.032258064515,23.65,82336.33064516129,17.702910993795594,61631.82803243192,0.0,0.0,2025-03,False
kopel Miyako baru pisau baut flange gigi blender gear upper konektor.,4.24,13437.087557603687,23.97,75963.91244239631,13.389651389322548,42433.47124625399,16.0,35200.0,2025-03,True
kopel gigi karet blender drat lobang kecil gear RRT pisau blender,3.81,11157.044776119403,15.7,45975.22388059701,9.323905474862904,27303.73513683734,0.0,0.0,2025-03,False
oring seal AS kipas angin umum.,54.0,26739.875486381323,100.06,49547.998910505834,75.36000724745041,37316.985378696634,10.0,5000.0,2025-03,True
seal 2 ply mounting bumbu blender Philip karet 2061-2071-2115-2116mill,2.06,7955.862068965517,3.4,13131.03448275862,2.6814157557877456,10355.81257407681,4.0,16000.0,2025-03,True
seal pompa air Shimizu 100- 125/sil pompa air Shimizu simitsu 125.,18.99,110581.49844827586,27.21,158447.73948275862,22.801968292966617,132779.1375148143,27.0,132300.0,2025-03,True
seal pompa air Toyomoto 125 sil TM 125 marcanical seal Ty mekanik,10.59,61119.42857142857,3.71,21412.0,7.399447462821129,42705.38249971052,10.0,49000.0,2025-03,True
seal sil pompa air Panasonic National GP125 Nasional Spareparts pompa,13.46,75118.61853658537,40.43,225634.89951219512,25.96715144298171,144919.5054774952,32.0,156800.0,2025-03,True
spiner AS kipas angin Cosmos Miyako/kunci mur baling kipas angin,12.73,39853.386666666665,17.51,54817.973333333335,14.946692024377182,46793.11049765016,26.0,78000.0,2025-03,True
