nama_produk,pred_qty_arima,pred_rev_arima,pred_qty_lstm,pred_rev_lstm,pred_qty_ens,pred_rev_ens,aktual_qty,aktual_rev,bulan_pred
AS 6mm KIPAS ANGIN KECIL 7 IN 9 IN BATANG BESI,15.69,105114.13559322033,18.11,121326.76836158191,17.142,114841.71525423728,12.0,78800.0,2024-04
"AS DINAMO KIPAS ANGIN MODEL COSMOS,MIYAKO,UMUM-RRT.",13.87,89712.3404255319,18.28,118236.59574468086,16.516,106826.89361702127,24.0,146000.0,2024-04
AS EXHAUST FAN MASPION EXOS EXSOS EXAUST KIPAS ANGIN,10.4,59853.0612244898,8.68,49954.28571428572,9.367999999999999,53913.79591836734,21.0,121000.0,2024-04
AS EXHAUST PANASONIC NATIONAL DINAMO MASPION EXOSOS FAN KIPAS ANGIN,2.72,16505.570093457944,3.88,23544.71028037383,3.416,20729.054205607477,4.0,25200.0,2024-04
AS Exhaust/Exaust/Exsos Maspion Panasonic National multi kipas angin.,4.89,28530.927272727273,1.8,10502.18181818182,3.036,17713.68,0.0,0.0,2024-04
AS FAN KIPAS ANGIN COSMOS MOYAKO DRAT KASAR DINAMO PLAFON DINDING PORT,26.03,165782.17777777778,27.28,173743.2888888889,26.78,170558.84444444443,20.0,120000.0,2024-04
AS KIPAS ANGIN MIYAKO COSMOS SEKAI FAN DINAMO DRAT HALUS,25.57,163008.75,24.07,153446.25,24.67,157271.25,50.0,310000.0,2024-04
AS KIPAS ANGIN MIYAKO COSMOS SEKAI FAN DINAMO DRAT HALUS - KASAR - as drat halus,20.49,127482.59433962264,12.04,74909.24528301886,15.419999999999998,95938.58490566036,6.0,39000.0,2024-04
AS KIPAS ANGIN MIYAKO COSMOS SEKAI FAN DINAMO DRAT HALUS - KASAR - as drat kasar,27.98,172077.0,12.39,76198.5,18.626,114549.90000000001,8.0,52000.0,2024-04
AS KIPAS ANGIN REGENCY 10 CM DIAMETER 10 MM,13.87,116027.88461538461,22.22,185878.84615384613,18.88,157938.46153846153,3.0,25500.0,2024-04
"AS fan kipas angin Maspion16""panjang20,5cm plafonportabledindingdinamo",22.84,147626.42335766423,15.34,99150.14598540147,18.34,118540.65693430658,45.0,292500.0,2024-04
"AS fan kipas angindinding portable panasonic Nasional KDK pajang20,5cm",1.27,11603.181818181818,1.69,15440.454545454544,1.522,13905.545454545454,2.0,26000.0,2024-04
"AS kipas angin model Maspion 18,5 cm.AS Maspion 12""/inci",21.48,136970.2656716418,12.77,81429.7156716418,16.253999999999998,103645.93567164178,63.0,390500.0,2024-04
"AS kipas angin model Maspion 20,5 cm.AS Maspion 16""/inci",50.17,324620.99285035627,42.4,274345.826128266,45.507999999999996,294455.8928171021,13.0,84500.0,2024-04
Arang Mixer karbon carbon brush mixer blender umum,25.13,109960.72972972973,3.0,13127.027027027027,11.852,51860.50810810811,9.0,36500.0,2024-04
Arang blender carbon brush bostel arang sepul blender plat kotak.,16.0,71586.51685393258,4.42,19775.775280898877,9.052,40500.071910112354,0.0,0.0,2024-04
BEARING 629 NKN 2 RS BERING BUSHING BALL LAHER BANTALAN,1.83,12569.8125,4.22,28986.125,3.264,22419.6,5.0,34500.0,2024-04
"BOS KIPAS ANGIN BOSHING BOSSING BOSING BREKET KUPING 7 "" 9 "" IN AS 6MM",4.18,25931.063063063062,3.79,23511.65765765766,3.9459999999999997,24479.41981981982,5.0,32500.0,2024-04
BOSHING BOSSING BOSING KIPAS ANGIN REGENCY 10MM BULET BOS MESIN CUCI,30.27,105062.125,24.57,85278.375,26.85,93191.87500000001,30.0,105000.0,2024-04
BOSHING BOSSING BOSING KIPAS ANGIN REGENCY 10MM GUCI BOS MESIN CUCI,14.58,50568.3,2.35,8150.583333333334,7.242000000000001,25117.670000000006,4.0,14000.0,2024-04
"BOSHING BOSSING BOSING KIPAS ANGIN REGENCY BOS MESIN CUCI 12 "" GUCI",4.77,22384.928571428572,2.26,10605.857142857143,3.264,15317.485714285714,2.0,9600.0,2024-04
Bos kipas angin boshing Maspion Gentong guci Dinamofandindingportable,8.67,19721.359999999997,19.09,43423.386666666665,14.921999999999999,33942.575999999994,10.0,23000.0,2024-04
Bos mesin cuci bulet 10mm boshing fan kipasangin dinamo regenci umum,7.06,22378.342105263157,7.53,23868.118421052633,7.342,23272.207894736843,4.0,14000.0,2024-04
CASING COVER TUTUP IMPELLER CAP SHIMIZU GOLDSTAR 130 PS 128 130 135,1.95,45080.92105263158,1.53,35371.18421052632,1.698,39255.07894736842,5.0,117500.0,2024-04
ELEMEN BODY SAMPING MAGIC COM PEMANAS RICE COOKER KABEL SABUK HEATER,27.27,310963.21875,27.54,314042.0625,27.432,312810.52499999997,32.0,372200.0,2024-04
ELEMEN TUTUP ATAS MAGIC COM JAR PEMANAS TOP HEATER RICE COOKER KOTAK,32.9,300219.4900849858,28.22,257513.49575070819,30.092,274595.8934844192,68.0,624200.0,2024-04
FUSE KIPAS ANGIN SEIRING THERMAL 2A THERMOFUSE KOTAK 250V,27.86,31476.912280701756,45.76,51700.771929824565,38.6,43611.22807017544,10.0,13000.0,2024-04
GEAR GIGI MIXER MASPION BARU MT 1150 ADONAN MESIN (SEPASANG),2.57,20131.666666666664,1.77,13865.0,2.09,16371.666666666664,0.0,0.0,2024-04
GEAR GIGI MIXER MASPION SEPASANG,2.32,18260.333333333332,3.15,24793.125,2.8179999999999996,22180.008333333328,6.0,47400.0,2024-04
GEAR GIGI MIXER MIYAKO HM 620 625 650 GRIGI SESET SEPASANG,21.64,163860.28535031847,31.48,238369.76815286625,27.543999999999997,208565.9750318471,9.0,76500.0,2024-04
GEAR GIGI MIXER MIYAKO HM 625 HM 620 628 650 GRIGI,12.16,47236.92307692308,14.57,56598.846153846156,13.606,52854.07692307692,34.0,136000.0,2024-04
GEAR GIGI MIXER PHILIP SESET SEPASANG.,6.5,50050.0,11.59,89243.0,9.554,73565.8,2.0,15800.0,2024-04
GEAR KOPEL BLENDER PHILIP BARU 2061 2071 2115 2116 PLASTIK GIGI BAGUS,15.45,48740.377358490565,2.47,7792.150943396227,7.662,24171.441509433964,2.0,7000.0,2024-04
GEAR KOPEL BLENDER PHILIP BARU 2061 2071 2115 2116 PLASTIK GIGI PISAU,6.19,17470.741379310348,3.57,10076.01724137931,4.618,13033.906896551725,0.0,0.0,2024-04
GEAR KOPEL BLENDER PHILIP LAMA 2815 COPEL BAUT UPPER MOUNTING PISAU,4.05,11128.153846153846,5.88,16156.430769230768,5.148,14145.119999999999,0.0,0.0,2024-04
GEARBOX KIPAS ANGIN COSMOS / SEKAI / MIYAKO / RRT KOTAK GEARBOK GIRBOK,7.99,66333.97222222222,28.71,238353.98529411765,20.422,169545.98006535947,2.0,17800.0,2024-04
GEARBOX WALLFAN MIYAKO TARIK WALL FAN GEAR BOX KIPAS ANGIN DINDING,3.22,47789.88421052632,2.35,34877.710526315794,2.6980000000000004,40042.58000000001,8.0,120000.0,2024-04
Gear Kopel Maspion Upper Blender Mounting Baut Pisau Flange gigi Spare,8.98,26157.3155862069,15.25,44420.83103448276,12.742,37115.424855172416,0.0,0.0,2024-04
Gear Kopel Maspion Upper Blender Mounting Baut Pisau Flange gigi putih,4.4,13794.814814814816,4.77,14954.833333333332,4.622,14490.825925925925,0.0,0.0,2024-04
Gear box kipas angin Maspion bintang girbok/gear bok kipas angin12 16,1.42,17837.65862857143,3.36,42207.4176,2.584,32459.514011428575,1.0,14700.0,2024-04
"Gear box/girbox/gearbox/gear bok kipas angin Cosmos Miyako,umum.rrt",5.35,35461.033797216696,24.57,162855.62624254473,16.881999999999998,111897.7892644135,30.0,204800.0,2024-04
"Gigi konektor Miyako lama gear lower panasonic,nasional drat besar POM",34.6,118863.9455782313,28.94,99419.72789115646,31.204,107197.4149659864,4.0,14400.0,2024-04
Gigi konektor blender Miyako drat lubang kecil gear lower National,5.26,18620.399999999998,1.6,5664.0,3.064,10846.56,0.0,0.0,2024-04
Gigi konektor blender Miyako drat lubang kecil gear lower National RRT,21.51,73665.629628866,68.89,235928.64830927836,49.937999999999995,171023.4408371134,22.0,76800.0,2024-04
IMPELLER JET DAB 370 KIPAS IMPELAR GADING MESIN POMPA AIR SPAREPARTS,3.06,72050.25,1.6,37673.333333333336,2.184,51424.1,5.0,122500.0,2024-04
IMPELLER KUNINGAN NATIONAL PANASONIC GP 125 129 POMPA AIR KIPAS SANEI,4.18,111680.54777070062,3.36,89771.92356687898,3.6879999999999997,98535.37324840763,2.0,59000.0,2024-04
IMPELLER KUNINGAN POMPA AIR SHIMIZU PS 105 130 135 KIPAS GOLSTAR SANEI,8.23,227644.31297709924,3.37,93215.22900763359,5.314,146986.86259541984,4.0,119200.0,2024-04
IMPELLER KUNINGAN PS 226 230 SHIMIZU POMPA AIR KIPAS BIT SPAREPARTS.,1.73,83939.6,1.04,50460.8,1.316,63852.32,1.0,49000.0,2024-04
IMPELLER KUNINGAN SANYO SY 136 PWH IMPELER KIPAS POMPA AIR,1.11,29855.828571428578,0.2,5379.4285714285725,0.5640000000000001,15169.988571428574,0.0,0.0,2024-04
KABEL TIES 10CM CABLE TIES KABEL TIS CABLE TIE 2.5 × 100MM ISI 100PCS,3.0,14536.58536585366,1.03,4990.89430894309,1.818,8809.170731707318,2.0,11000.0,2024-04
"KAPASITOR 1,5UF, 2UF, 2,5UF, 3UF, 3,5UF MIKRO CAPASITOR KIPAS ANGIN - 1,5UF",97.04,346176.31181486,66.2,236159.02557856275,78.536,280165.94007308164,47.0,169200.0,2024-04
"KAPASITOR 1,5UF, 2UF, 2,5UF, 3UF, 3,5UF MIKRO CAPASITOR KIPAS ANGIN - 2,5UF",77.97,385990.03542009887,61.2,302970.24711696873,67.908,336178.1624382208,16.0,83200.0,2024-04
"KAPASITOR 1,5UF, 2UF, 2,5UF, 3UF, 3,5UF MIKRO CAPASITOR KIPAS ANGIN - 2UF",105.27,504516.86348684214,97.58,467661.7796052632,100.656,482403.8131578948,112.0,548800.0,2024-04
"KAPASITOR 1,5UF, 2UF, 2,5UF, 3UF, 3,5UF MIKRO CAPASITOR KIPAS ANGIN - 3,5UF",18.91,125336.80701754386,22.22,147275.71929824562,20.896,138500.1543859649,5.0,34000.0,2024-04
"KAPASITOR 1,5UF, 2UF, 2,5UF, 3UF, 3,5UF MIKRO CAPASITOR KIPAS ANGIN - 3UF",31.05,177607.70604395604,26.76,153068.67032967033,28.476000000000003,162884.28461538465,12.0,69600.0,2024-04
"KAPASITOR 1.5UF 1,5UF 1.5 UF 1,5 UF 450V MIKRO CAPASITOR KIPAS ANGIN",81.44,286288.3503649635,79.77,280417.7518248175,80.43799999999999,282765.99124087585,239.0,791300.0,2024-04
KAPASITOR 10 UF 450V KOTAK KABEL SAN EI CAPACITOR PETAK POMPA AIR,2.54,35788.6,1.85,26066.5,2.1260000000000003,29955.340000000004,12.0,176800.0,2024-04
KAPASITOR 100UF 100 MFD UF 250V 250 VAC CAPASITOR STARTING AC MOTOR,2.79,83485.38461538461,1.08,32316.923076923078,1.7640000000000002,52784.307692307695,1.0,31000.0,2024-04
KAPASITOR 12 UF 450V KOTAK KABEL SAN EI CAPACITOR PETAK POMPA AIR,1.73,27011.378378378377,0.93,14520.567567567568,1.25,19516.891891891893,4.0,67600.0,2024-04
KAPASITOR 150UF 150 MFD UF 250V 250 VAC CAPASITOR STARTING AC MOTOR,4.7,169200.0,1.42,51120.0,2.732,98352.00000000001,2.0,72000.0,2024-04
KAPASITOR 200UF 200 MFD UF 250V 250 VAC CAPASITOR STARTING AC MOTOR,2.2,96429.47368421053,1.28,56104.42105263158,1.6480000000000001,72234.44210526317,0.0,0.0,2024-04
KAPASITOR 250UF 250 MFD UF 250V 250 VAC CAPASITOR STARTING AC MOTOR,2.23,122650.0,0.96,52800.0,1.468,80740.0,1.0,55000.0,2024-04
KAPASITOR 2UF 2 UF 400V 400 V 450V 450 V VOLT CAPASITOR KIPAS ANGIN,11.05,51448.8,14.97,69700.32,13.402000000000001,62399.71200000001,13.0,63700.0,2024-04
KAPASITOR 3 UF 450V 3UF 450 V 400 VOLT CAPASITOR 3 MICKO KIPAS ANGIN,4.58,27059.717647058824,1.45,8566.941176470587,2.702,15964.051764705882,10.0,63000.0,2024-04
KAPASITOR 300UF 300 MFD UF 250V 250 VAC CAPASITOR STARTING AC MOTOR,2.48,153760.0,1.38,85560.0,1.8199999999999998,112839.99999999999,2.0,124000.0,2024-04
KAPASITOR 30UF 450 VAC CAPASITOR BULET CONDENSATOR SPAREPARTS DINAMO,5.76,176296.13114754096,3.1,94881.59836065574,4.164,127447.41147540983,5.0,165000.0,2024-04
KAPASITOR 35 UF 450VAC CAPASITOR BULET CONDENSATOR SPAREPARTS,5.23,191021.477124183,2.83,103363.43790849674,3.79,138426.65359477123,1.0,38000.0,2024-04
KAPASITOR 4 UF 450V 4UF 450 V POMPA AIR CAPASITOR,7.37,68266.3,24.84,230086.14545454545,17.852,165358.20727272728,10.0,99000.0,2024-04
KAPASITOR 40UF 450VAC CAPASITOR 40 UF 450 VAC BULET CONDENSATOR,4.92,196149.6551724138,2.37,94486.72413793104,3.3899999999999997,135151.89655172412,15.0,570000.0,2024-04
KAPASITOR 5 UF 450 V KOTAK CAPACITOR PETAK POMPA AIR SAN EI,16.25,158942.41071428574,25.63,250688.86071428572,21.878,213990.28071428573,7.0,87500.0,2024-04
KAPASITOR 50 UF 50UF 450VAC 450 VAC CAPASITOR BULET CONDENSATOR,11.2,536097.4769230769,12.46,596408.4430769231,11.956,572284.0566153846,4.0,196000.0,2024-04
KAPASITOR 500UF 500 MFD UF 250V 250 VAC CAPASITOR STARTING AC MOTOR,1.64,145960.0,0.17,15130.000000000002,0.758,67462.0,0.0,0.0,2024-04
KAPASITOR 6 UF 450V KOTAK KABEL CAPACITOR PETAK SAN EI POMPA AIR.,8.02,97354.9756097561,2.48,30104.78048780488,4.696,57004.858536585365,12.0,146800.0,2024-04
KAPASITOR 8 UF 450V KOTAK KABEL SAN EI CAPACITOR PETAK POMPA AIR,4.43,59408.905882352934,2.89,38756.6,3.5060000000000002,47017.522352941174,3.0,47700.0,2024-04
KAPASITOR POMPA AIR 10UF 450VAC CAPASITOR BULET CONDENSATOR SPAREPART,4.55,65463.61111111111,15.3,220130.38461538462,11.0,158263.67521367522,3.0,49200.0,2024-04
KAPASITOR POMPA AIR 12UF 450VAC CAPASITOR BULET CONDENSATOR SPAREPARTS,9.75,152431.8062827225,15.76,246392.33507853403,13.356,208808.1235602094,13.0,199700.0,2024-04
KAPASITOR POMPA AIR 14 UF 450VAC CAPASITOR BULET CONDENSATOR SPAREPART,9.07,151800.12698412698,14.08,235650.03174603175,12.076,202110.06984126984,3.0,53700.0,2024-04
KAPASITOR POMPA AIR 16UF 450VAC CAPASITOR BULET CONDENSATOR SPAREPARTS,6.47,118703.9758308157,18.53,339966.71903323266,13.706,251461.62175226587,3.0,59700.0,2024-04
KAPASITOR POMPA AIR 20UF 450VAC CAPASITOR BULET CONDENSATOR SPAREPARTS,13.22,315075.7086956522,21.44,510985.1130434783,18.152,432621.3513043478,14.0,341600.0,2024-04
KAPASITOR POMPA AIR 20UF 450VAC CAPASITOR KOTAK 20 UF 450V CONDENSATOR,2.91,69208.67796610169,0.73,17361.627118644068,1.602,38100.447457627124,3.0,71700.0,2024-04
KAPASITOR POMPA AIR 25UF 450VAC CAPASITOR BULET CONDENSATOR SPAREPARTS,5.7,154683.44680851063,9.45,256448.8723404255,7.949999999999999,215742.70212765955,1.0,30000.0,2024-04
KAPASITOR POMPA AIR 6 UF 450VAC CAPASITOR BULET CONDENSATOR SPAREPARTS,9.66,113117.80165289257,19.62,229748.57851239672,15.636000000000001,183096.26776859505,5.0,65500.0,2024-04
KAPASITOR POMPA AIR 8UF 450VAC CAPASITOR BULET CONDENSATOR SPAREPARTS,6.5,89281.40000000001,15.64,214824.784,11.984,164607.4304,0.0,0.0,2024-04
KARET SEAL ORING BLENDER BUMBU CHOPPER GELAS NATIONAL MIYAKO PAKING,5.01,17769.043795620437,12.48,44263.00729927007,9.491999999999999,33665.421897810214,6.0,23400.0,2024-04
KARET SEAL ORING BLENDER PHILIP 1741,2.38,9520.0,0.6,2400.0,1.3119999999999998,5247.999999999999,0.0,0.0,2024-04
KIPAS IMPELLER JET DAB 255 IMPELAR GADING MESIN POMPA AIR SPAREPARTS,2.79,62065.54285714286,1.34,29809.257142857146,1.9200000000000002,42711.77142857143,0.0,0.0,2024-04
KIPAS PENDINGIN GP 125 NATIONAL NASIONAL PANASONIC FAN POMPA AIR,2.72,13705.290322580648,0.39,1965.0967741935485,1.322,6661.174193548388,1.0,5000.0,2024-04
KLEP TABOK KARET SEDOT PLENES POMPA AIR PLENNES PLANES OVAL PACKING,1.8,4956.18320610687,3.37,9279.076335877862,2.742,7549.919083969466,24.0,69600.0,2024-04
KNOP KOMPOR GAS HITACHI TODACHI TOMBOL PUTARAN CETEKAN PEMANTIK,3.78,10306.05882352941,1.19,3244.5,2.226,6069.123529411765,1.0,2900.0,2024-04
KNOP KOMPOR GAS RINNAI TOMBOL PUTARAN CETEKAN SWITCH PEMANTIK,3.87,11204.349397590362,3.67,10625.313253012047,3.75,10856.927710843374,7.0,20300.0,2024-04
"Kabel Buntung AC Power listrik Colokan Gepeng Oval SNI Serbaguna 1,2m",6.9,41256.25000000001,0.45,2690.625,3.0300000000000002,18116.875000000004,1.0,6000.0,2024-04
Karet seal Oring sil blender Mounting gelas Nasional Miyako Gmc sanex,19.31,69196.36128898128,28.07,100587.35688149687,24.566,88030.95864449063,45.0,166500.0,2024-04
LAMPU GOSOKAN BAJU SETERIKA SETRIKA INDIKATOR RESISTOR 1 PCS,15.69,12860.511235955057,31.52,25835.775280898877,25.188,20645.669662921347,8.0,6600.0,2024-04
"LEHER KIPAS ANGIN COSMOS DINDING WALL FAN PLAT 12"" 16""",6.65,41478.13432835821,5.14,32059.791044776117,5.744,35827.12835820895,15.0,100500.0,2024-04
"LEHER KIPAS ANGINCOSMOS TIANG BERDIRI STAND FAN PLAT 12"" 16"" SPAREPART",4.8,29535.0,1.89,11629.40625,3.054,18791.64375,0.0,0.0,2024-04
LEM KOREA HANDSOME SEBAGUNA MULTIFUNGSI EPOTEC BESI POWERGLUE ( 1pcs),18.05,46463.98181818182,20.76,53440.01454545455,19.676000000000002,50649.60145454545,32.0,89600.0,2024-04
LEM PIPA ISARPLAS TUBE 45GR FOX FITING PVC,1.08,10198.636363636364,1.04,9820.909090909092,1.056,9972.0,2.0,19200.0,2024-04
LIS KIPAS ANGIN MULTI RING GAWANG PENGIKAT KIPAS ANGIN,2.97,27676.0,3.41,31776.14814814815,3.234,30136.088888888888,22.0,196000.0,2024-04
"Leher kipas angin COSMOS Dinding wall fan kipas angin COSMOS 12"" 16""",4.18,25146.938055555554,4.31,25929.01986111111,4.258,25616.187138888887,0.0,0.0,2024-04
"Leher kipas angin COSMOS tiang berdiri stand fan leher Cosmos 12"" 16"".",6.35,38171.61654135338,5.63,33843.496240601504,5.917999999999999,35574.74436090225,10.0,68000.0,2024-04
MOUNTING PISAU BLENDER JUS PHILIP HR 2061 2115 2116 2071 MANGKOK GELAS,1.83,66795.0,0.78,28470.0,1.2000000000000002,43800.00000000001,0.0,0.0,2024-04
MOUNTING PISAU BLENDER NATIONAL MIYAKO LAMA MANGKOK JUS JUICE GELAS,1.49,42048.8275862069,1.5,42331.03448275862,1.496,42218.15172413793,0.0,0.0,2024-04
NITTO ISOLASI LISTRIK 3/4 INCH 25 METER HITAM ISOLASI KABEL.,4.64,36796.21978021978,6.2,49167.36263736264,5.576,44218.905494505496,0.0,0.0,2024-04
ORING KARET TUTUP IMPELLE SHIMIZU 4 BAUT PS 128 130 135 SEMI JETPAM,4.27,7546.760869565216,4.66,8236.04347826087,4.504,7960.330434782608,4.0,7200.0,2024-04
OTOMATIS MAGIC COM RICE COOKER KAKI PIN 3 ELEMENT THERMOSTAT MTS PER.,6.44,51997.80645161291,3.26,26321.870967741932,4.532,36592.245161290324,4.0,35600.0,2024-04
OTOMATIS PER MAGIC COM RICE COOKER KAKI PIN 2 ELEMEN THERMOSTAT MTS,4.15,33865.82417582418,1.11,9058.087912087913,2.326,18981.18241758242,0.0,0.0,2024-04
OTOMATIS PM5 PRESSURE SWITCH JETPUMP POMPA AIR SAN-EI PM 5 SEMI,3.31,187125.33333333334,1.64,92714.66666666667,2.308,130478.93333333333,0.0,0.0,2024-04
PINION KIPAS ANGIN MASPION / PEN STOP/ TARIKAN GEARBOX DINAMO,6.5,21617.424242424244,2.79,9278.863636363638,4.274,14214.28787878788,2.0,7000.0,2024-04
PINION PANASONIC NASIONAL PEN STOP TARIKAN GEARBOX KIPAS ANGIN GEAR,36.77,131016.3383838384,135.91,484265.1767676768,96.25399999999999,342965.6414141414,22.0,88500.0,2024-04
PISAU BLENDER MASPION JUS + SEAL PUTIH MOUNTING SPAREPART STAINLES,1.3,17382.85714285714,1.08,14441.142857142857,1.1680000000000001,15617.828571428572,0.0,0.0,2024-04
RADAR PELAMPUNG AIR OTOMATIS TOREN ST 70 AB ORIGINAL SHINTUNG POMPA,0.77,43021.34375,1.03,57548.03125,0.926,51737.356250000004,1.0,59000.0,2024-04
SEAL BLENDER JUS PHILIP BARU 2061 2071 2115 2116 KARET PISAU MOUNTING,2.41,9112.8125,1.91,7222.1875,2.11,7978.437499999999,0.0,0.0,2024-04
SEAL KARET PENGAMAN TABUNG GAS LPG ELPIJI REGULATOR SILIKON,60.98,37864.768749999996,61.83,38392.565624999996,61.489999999999995,38181.446874999994,130.0,78000.0,2024-04
SEAL PDL 255 PEDROLO SIL POMPA AIR MS 14 PDR KARET SPAREPARTS MACHANIC,70.51,473274.55405405414,48.04,322452.2702702703,57.028000000000006,382781.18378378387,5.0,36000.0,2024-04
SEAL SANYO 100 101 PH 100 SIL POMPA AIR,1.45,10292.66129032258,1.74,12351.193548387097,1.624,11527.78064516129,0.0,0.0,2024-04
SEAL SHIMIZU SMZ 230 GOLSTAR GS 250 SIL POMPA AIR PS 226,12.91,101037.73684210527,4.25,33261.84210526316,7.714,60372.200000000004,6.0,47400.0,2024-04
SEAL SIL POMPA AIR PANASONIC NATIONAL NASIONAL GP 200 MECHANICAL,6.53,42775.08791208792,3.47,22730.406593406595,4.694,30748.27912087912,5.0,35000.0,2024-04
SELANG PEMBUANGAN AIR MESIN CUCI MULTI 1-2 TABUNG PANJANG SAMPAI 2M,2.23,28181.625,1.16,14659.499999999998,1.588,20068.350000000002,3.0,38700.0,2024-04
SELANG PEMBUANGAN MESIN CUCI MULTI 1.2 METER,1.18,10063.714285714286,1.66,14157.428571428572,1.468,12519.942857142858,0.0,0.0,2024-04
SINGER OIL MINYAK PELUMAS MESIN JAHIT RANTAI SEPEDA 80CC,8.39,61789.88235294118,10.43,76813.88235294117,9.614,70804.28235294118,15.0,115500.0,2024-04
SNAP RING S12 RETAINER CIRCLIP POMPA AIR EXTERNAL EKSTERNAL RETAINING,13.62,12558.441176470587,16.66,15361.5,15.444,14240.276470588235,0.0,0.0,2024-04
SPINER KIPAS ANGIN KUNCI MUR BALING MASPION FAN DINDING PLAFON DINAMO,3.93,10826.764705882353,4.06,11184.901960784313,4.007999999999999,11041.647058823528,0.0,0.0,2024-04
STIK MIXER PHILIPS GARPU STICK KOCOKAN PENGADUK ADONAN KUE SEPASANG,1.21,30846.478873239437,1.79,45632.394366197186,1.558,39718.02816901409,0.0,0.0,2024-04
SWITCH EXHAUST SAKLAR TARIKAN FAN DINAMO MASPION HEXOS DINDING,2.07,15409.079999999998,1.85,13771.400000000001,1.9380000000000002,14426.472000000002,4.0,30800.0,2024-04
SWITCH FAN KIPAS ANGIN MASPION LURUS 4 PIN SAKLAR ON OFF TIANG BERDIRI,1.83,14026.702702702703,1.17,8967.891891891892,1.4340000000000002,10991.416216216217,2.0,17400.0,2024-04
SYNCHRONOUS MOTOR ROTARY ROTARI SINKRONUS SWING DINAMO KIPAS ANGIN,20.09,253081.6822916667,3.84,48374.0,10.34,130257.07291666667,10.0,127000.0,2024-04
Siltip sealtape isolatip Hachi sealtape isolasi keranpipa air.,5.54,15980.769230769232,9.6,27692.30769230769,7.976,23007.69230769231,3.0,8700.0,2024-04
Swit tembok kipas angin wall fan saklar tarikan DinamoDindingPlafon,5.26,26203.780487804877,5.55,27648.475609756097,5.433999999999999,27070.597560975606,3.0,15600.0,2024-04
Switch Micro 3 Pin Saklar Mikro Otomatis Rice Cooker Majic Com Jer lim,7.95,47382.0,3.53,21038.8,5.298,31576.08,30.0,150000.0,2024-04
Switch Micro Limid Tombol Pin 3 Magicom Rice Cooker Majic Com Jer,6.13,36780.0,3.69,22140.0,4.666,27996.000000000004,2.0,12000.0,2024-04
"T Kuningan Tebal Tee Jet Pump 3 Way 1"" Sambungan Otomatis Pompa Air",2.04,65157.6,1.81,57811.4,1.9020000000000001,60749.880000000005,0.0,0.0,2024-04
TABUNG ANGIN 2 LITER TANGKI PRESSURE TANK SPART PART POMPA AIR,0.65,39377.8125,0.63,38166.1875,0.638,38650.8375,1.0,64900.0,2024-04
TABUNG POMPA AIR PVC FIBER TENGKI OTOMATIS 2 LITER,1.98,54491.25,1.16,31924.166666666664,1.488,40951.0,10.0,275000.0,2024-04
TALI PEMBUANGAN AIR DRAIN REM MESIN CUCI 2 TABUNG TARIKAN,3.62,16994.254545454547,1.21,5680.400000000001,2.1740000000000004,10205.94181818182,8.0,35900.0,2024-04
TERMOSTAT BIMETAL PENGATUR SUHU SAKLAR OTOMATIS DISPENSER MAGIC COM,11.55,49466.66666666667,7.29,31221.81818181818,8.994,38519.757575757576,0.0,0.0,2024-04
TIMAH SOLDER 0.8mm 10M 60/40 TIM TINOL TENOL KAWAT KWALITAS BAGUS,2.29,39839.01829268292,2.12,36881.53658536585,2.188,38064.52926829268,5.0,89500.0,2024-04
"TUSEN KLEP 1/2"" INCH TUSSEN TOSSEN PVC PLASTIK FOOT VALVE",1.55,9038.947368421053,1.32,7697.684210526316,1.4120000000000001,8234.189473684211,0.0,0.0,2024-04
"TUSEN KLEP 3/4"" INCH TUSSEN TOSSEN PVC PLASTIK FOOT VALVE",1.92,12891.428571428572,1.04,6982.857142857143,1.392,9346.285714285714,0.0,0.0,2024-04
Tarikan pinion baut gearbox kipas angin cabutan Cosmos Miyako Multifan,2.82,5520.269491525423,3.26,6381.58813559322,3.0839999999999996,6037.060677966101,24.0,44000.0,2024-04
Tarikan pinion socket gerbox cabutan kipas angin CosmosMiyakoMaspion,12.1,23622.751535836174,9.62,18781.063617747437,10.611999999999998,20717.738784982932,13.0,26000.0,2024-04
Tutup sendok Blender Nasional National tutup gelas juice blender NS.,1.33,10824.485777777778,1.38,11231.421333333332,1.3599999999999999,11068.64711111111,0.0,0.0,2024-04
"WATERMUR 1/2 "" INCH POLOS WATERMOER SAMBUNGAN PIPA UNION SOCKET PVC",2.54,20320.0,2.4,19200.0,2.456,19648.0,3.0,24000.0,2024-04
"WATERMUR 3/4 "" INCH POLOS WATERMOER SAMBUNGAN PIPA PVC UNION SOCKET",1.18,9440.0,2.27,18160.0,1.8339999999999999,14671.999999999998,4.0,32000.0,2024-04
"WATERMUR 3/4""INCH DRAT LUAR WATER MUR UNION SOCKET SANYO PVC 1 × 3/4""",11.45,91600.0,15.42,123360.0,13.831999999999999,110655.99999999999,0.0,0.0,2024-04
"WATERMUR1/2"" INCH DRAT LUAR WATERMOR UNION SOCKET SANYO PCV 1×1/2""",6.04,48320.0,3.23,25840.0,4.354,34832.0,0.0,0.0,2024-04
arang blender Philip,4.4,20097.846153846156,2.84,12972.246153846154,3.4640000000000004,15822.486153846156,0.0,0.0,2024-04
bearing nkn 608 2RS ball laher.,1.98,11558.959811320754,4.42,25803.334528301886,3.444,20105.58464150943,4.0,23600.0,2024-04
bos kipasangin dinamoNational boshing fanpanasonic KDK dindingportable,14.86,44642.307719298246,7.12,21389.85403508772,10.216000000000001,30690.835508771932,20.0,64000.0,2024-04
carbon arang blender Philips brush karbon kaleng bulet,46.09,198533.91397849465,37.49,161489.18279569896,40.93000000000001,176307.07526881725,61.0,221500.0,2024-04
drat besar kopel gear gigi karet pisau blender.,4.77,13033.413461538461,14.39,39318.83012820513,10.542,28804.66346153846,2.0,7000.0,2024-04
gear konektor Miyako baru blender/ gigi lower mesin dinamo Blender.,28.72,92387.50168350167,32.75,105351.3468013468,31.137999999999998,100165.80875420875,21.0,65500.0,2024-04
"kapasitas kipas angin 1,5uf mikro 450V capasitor kotak spareparts",4.46,15099.109009009007,3.13,10596.459909909909,3.662,12397.519549549548,10.0,32000.0,2024-04
"kapasitor 3 uf capasitor 3,0 mickro 450V kotak.spartparts kipas angin",8.26,48669.63636363637,3.8,22390.38961038961,5.584,32902.08831168831,3.0,18900.0,2024-04
"kapasitor 3,5uf mickro 450V kotak capasitor kipas angin spareparts",2.07,13515.096774193547,2.43,15865.548387096775,2.286,14925.367741935484,33.0,215400.0,2024-04
kapasitor 4 uf mickro capasitor kipas angin 450V kotak spareparts,4.67,41533.8125,9.94,88403.875,7.832,69655.85,1.0,9900.0,2024-04
kapasitor kipas angin 2 uf mickro 450V capasitor kotak spareparts,3.53,16259.587307692307,3.94,18148.094615384616,3.776,17392.691692307693,28.0,121200.0,2024-04
"kapasitor kipas angin 2,5uf mickro kotak 450V capasitor spareparts",15.41,74524.98795180723,20.76,100398.36144578314,18.62,90049.01204819277,22.0,96200.0,2024-04
konektor blender maspion conektor kecil gigi atas mesin gear ger lower,14.08,49018.83870967742,9.83,34222.66935483871,11.530000000000001,40141.1370967742,0.0,0.0,2024-04
kopel Miyako baru pisau baut flange gigi blender gear upper konektor.,17.33,54920.9262672811,20.55,65125.5069124424,19.262,61043.674654377886,12.0,42000.0,2024-04
kopel gigi karet blender drat lobang kecil gear RRT pisau blender,3.71,10864.20895522388,5.06,14817.49253731343,4.52,13236.179104477611,0.0,0.0,2024-04
oring seal AS kipas angin umum.,71.0,35157.98443579766,71.85,35578.88988326848,71.50999999999999,35410.52770428015,42.0,21000.0,2024-04
seal 2 ply mounting bumbu blender Philip karet 2061-2071-2115-2116mill,3.1,11972.41379310345,3.42,13208.275862068966,3.2920000000000003,12713.931034482759,2.0,8000.0,2024-04
seal pompa air Shimizu 100- 125/sil pompa air Shimizu simitsu 125.,34.57,201306.076954023,17.61,102545.5601724138,24.394,142049.76688505747,7.0,43400.0,2024-04
seal pompa air Toyomoto 125 sil TM 125 marcanical seal Ty mekanik,2.85,16448.57142857143,1.72,9926.857142857143,2.172,12535.542857142858,20.0,110000.0,2024-04
seal sil pompa air Panasonic National GP125 Nasional Spareparts pompa,23.93,133550.41170731708,28.04,156487.8204878049,26.396,147312.85697560976,6.0,35400.0,2024-04
spiner AS kipas angin Cosmos Miyako/kunci mur baling kipas angin,8.2,25671.466666666664,7.91,24763.573333333334,8.026,25126.730666666666,22.0,70400.0,2024-04
AS 6mm KIPAS ANGIN KECIL 7 IN 9 IN BATANG BESI,11.51,77110.49717514124,19.36,129701.06214689265,16.22,108664.83615819208,10.0,65000.0,2024-05
"AS DINAMO KIPAS ANGIN MODEL COSMOS,MIYAKO,UMUM-RRT.",13.71,88677.44680851065,12.89,83373.6170212766,13.218,85495.14893617021,0.0,0.0,2024-05
AS EXHAUST FAN MASPION EXOS EXSOS EXAUST KIPAS ANGIN,10.57,60831.42857142857,9.69,55766.9387755102,10.042,57792.73469387755,27.0,152000.0,2024-05
AS EXHAUST PANASONIC NATIONAL DINAMO MASPION EXOSOS FAN KIPAS ANGIN,2.2,13350.093457943925,3.1,18811.495327102803,2.74,16626.934579439254,2.0,12600.0,2024-05
AS Exhaust/Exaust/Exsos Maspion Panasonic National multi kipas angin.,4.51,26313.8,1.66,9685.345454545455,2.8,16336.727272727272,0.0,0.0,2024-05
AS FAN KIPAS ANGIN COSMOS MOYAKO DRAT KASAR DINAMO PLAFON DINDING PORT,18.03,114831.06666666667,26.1,166228.0,22.872,145669.22666666665,0.0,0.0,2024-05
AS KIPAS ANGIN MIYAKO COSMOS SEKAI FAN DINAMO DRAT HALUS,24.43,155741.25,21.6,137700.0,22.732,144916.5,108.0,665000.0,2024-05
AS KIPAS ANGIN MIYAKO COSMOS SEKAI FAN DINAMO DRAT HALUS - KASAR - as drat halus,13.8,85859.43396226416,9.14,56866.32075471698,11.004000000000001,68463.56603773586,10.0,63500.0,2024-05
AS KIPAS ANGIN MIYAKO COSMOS SEKAI FAN DINAMO DRAT HALUS - KASAR - as drat kasar,20.26,124599.00000000001,10.21,62791.50000000001,14.23,87514.5,25.0,156500.0,2024-05
AS KIPAS ANGIN REGENCY 10 CM DIAMETER 10 MM,8.51,71189.42307692308,17.34,145055.76923076922,13.808,115509.23076923077,5.0,42500.0,2024-05
"AS fan kipas angin Maspion16""panjang20,5cm plafonportabledindingdinamo",22.03,142390.98540145985,14.59,94302.51824817518,17.566000000000003,113537.90510948907,15.0,97500.0,2024-05
"AS fan kipas angindinding portable panasonic Nasional KDK pajang20,5cm",1.11,10141.363636363636,1.23,11237.727272727272,1.182,10799.181818181818,0.0,0.0,2024-05
"AS kipas angin model Maspion 18,5 cm.AS Maspion 12""/inci",25.29,161265.27089552238,15.14,96542.35671641791,19.2,122431.5223880597,4.0,26000.0,2024-05
"AS kipas angin model Maspion 20,5 cm.AS Maspion 16""/inci",33.6,217406.12636579573,39.13,253187.5513301663,36.918000000000006,238874.98134441808,15.0,97500.0,2024-05
Arang Mixer karbon carbon brush mixer blender umum,19.69,86157.05405405407,2.68,11726.810810810812,9.484000000000002,41498.90810810812,1.0,4500.0,2024-05
Arang blender carbon brush bostel arang sepul blender plat kotak.,14.77,66083.30337078651,4.08,18254.56179775281,8.356,37386.058426966294,0.0,0.0,2024-05
BEARING 629 NKN 2 RS BERING BUSHING BALL LAHER BANTALAN,1.89,12981.9375,3.92,26925.5,3.1079999999999997,21348.074999999997,0.0,0.0,2024-05
"BOS KIPAS ANGIN BOSHING BOSSING BOSING BREKET KUPING 7 "" 9 "" IN AS 6MM",3.54,21960.756756756757,2.74,16997.873873873876,3.0600000000000005,18983.02702702703,5.0,32500.0,2024-05
BOSHING BOSSING BOSING KIPAS ANGIN REGENCY 10MM BULET BOS MESIN CUCI,24.49,85000.70833333333,24.16,83855.33333333334,24.291999999999998,84313.48333333334,22.0,77000.0,2024-05
BOSHING BOSSING BOSING KIPAS ANGIN REGENCY 10MM GUCI BOS MESIN CUCI,10.77,37353.95,2.9,10058.166666666666,6.048,20976.48,6.0,21000.0,2024-05
"BOSHING BOSSING BOSING KIPAS ANGIN REGENCY BOS MESIN CUCI 12 "" GUCI",3.77,17692.07142857143,2.01,9432.642857142857,2.7139999999999995,12736.414285714283,0.0,0.0,2024-05
Bos kipas angin boshing Maspion Gentong guci Dinamofandindingportable,6.86,15604.213333333333,20.77,47244.82666666666,15.206,34588.58133333333,0.0,0.0,2024-05
Bos mesin cuci bulet 10mm boshing fan kipasangin dinamo regenci umum,5.57,17655.434210526317,7.22,22885.5,6.5600000000000005,20793.47368421053,0.0,0.0,2024-05
CASING COVER TUTUP IMPELLER CAP SHIMIZU GOLDSTAR 130 PS 128 130 135,2.09,48317.5,1.39,32134.605263157893,1.67,38607.76315789474,0.0,0.0,2024-05
ELEMEN BODY SAMPING MAGIC COM PEMANAS RICE COOKER KABEL SABUK HEATER,24.2,275955.625,24.58,280288.8125,24.427999999999997,278555.5375,0.0,0.0,2024-05
ELEMEN TUTUP ATAS MAGIC COM JAR PEMANAS TOP HEATER RICE COOKER KOTAK,34.37,313633.55240793194,24.73,225666.5042492918,28.586,260853.32351274785,0.0,0.0,2024-05
FUSE KIPAS ANGIN SEIRING THERMAL 2A THERMOFUSE KOTAK 250V,21.57,24370.315789473687,37.2,42029.473684210534,30.948,34965.81052631579,50.0,65000.0,2024-05
GEAR GIGI MIXER MASPION BARU MT 1150 ADONAN MESIN (SEPASANG),2.37,18565.0,1.63,12768.333333333332,1.926,15086.999999999998,0.0,0.0,2024-05
GEAR GIGI MIXER MASPION SEPASANG,2.6,20464.166666666668,1.6,12593.333333333334,2.0,15741.666666666666,0.0,0.0,2024-05
GEAR GIGI MIXER MIYAKO HM 620 625 650 GRIGI SESET SEPASANG,16.31,123500.98216560508,28.58,216410.67261146495,23.672,179246.79643312102,6.0,48900.0,2024-05
GEAR GIGI MIXER MIYAKO HM 625 HM 620 628 650 GRIGI,14.2,55161.53846153846,8.07,31348.846153846156,10.521999999999998,40873.92307692307,0.0,0.0,2024-05
GEAR GIGI MIXER PHILIP SESET SEPASANG.,4.43,34111.0,6.75,51975.0,5.822,44829.4,0.0,0.0,2024-05
GEAR KOPEL BLENDER PHILIP BARU 2061 2071 2115 2116 PLASTIK GIGI BAGUS,11.14,35143.547169811325,2.89,9117.132075471698,6.19,19527.69811320755,0.0,0.0,2024-05
GEAR KOPEL BLENDER PHILIP BARU 2061 2071 2115 2116 PLASTIK GIGI PISAU,5.71,16115.98275862069,3.29,9285.741379310346,4.258,12017.837931034483,1.0,3500.0,2024-05
GEAR KOPEL BLENDER PHILIP LAMA 2815 COPEL BAUT UPPER MOUNTING PISAU,3.74,10276.36923076923,5.42,14892.492307692308,4.748,13046.043076923077,2.0,7000.0,2024-05
GEARBOX KIPAS ANGIN COSMOS / SEKAI / MIYAKO / RRT KOTAK GEARBOK GIRBOK,4.2,34868.92156862745,27.11,225070.58660130718,17.945999999999998,148989.92058823528,11.0,78900.0,2024-05
GEARBOX WALLFAN MIYAKO TARIK WALL FAN GEAR BOX KIPAS ANGIN DINDING,3.2,47493.052631578954,2.05,30425.236842105263,2.51,37252.36315789474,0.0,0.0,2024-05
Gear Kopel Maspion Upper Blender Mounting Baut Pisau Flange gigi Spare,8.29,24147.45503448276,14.08,41012.806620689655,11.764,34266.6659862069,0.0,0.0,2024-05
Gear Kopel Maspion Upper Blender Mounting Baut Pisau Flange gigi putih,4.06,12728.85185185185,4.4,13794.814814814816,4.264,13368.42962962963,0.0,0.0,2024-05
Gear box kipas angin Maspion bintang girbok/gear bok kipas angin12 16,1.11,13943.521885714288,3.1,38941.36742857143,2.304,28942.22921142857,0.0,0.0,2024-05
"Gear box/girbox/gearbox/gear bok kipas angin Cosmos Miyako,umum.rrt",8.57,56803.93638170974,14.3,94783.69781312128,12.008000000000001,79591.79324055667,4.0,27600.0,2024-05
"Gigi konektor Miyako lama gear lower panasonic,nasional drat besar POM",24.23,83239.1156462585,24.35,83651.36054421769,24.302,83486.46258503401,9.0,32400.0,2024-05
Gigi konektor blender Miyako drat lubang kecil gear lower National,4.86,17204.4,1.48,5239.2,2.8320000000000003,10025.28,0.0,0.0,2024-05
Gigi konektor blender Miyako drat lubang kecil gear lower National RRT,17.94,61439.39542268042,59.52,203839.06441237117,42.888000000000005,146879.19681649486,9.0,31200.0,2024-05
IMPELLER JET DAB 370 KIPAS IMPELAR GADING MESIN POMPA AIR SPAREPARTS,2.86,67341.08333333333,1.29,30374.125,1.918,45160.90833333333,0.0,0.0,2024-05
IMPELLER KUNINGAN NATIONAL PANASONIC GP 125 129 POMPA AIR KIPAS SANEI,2.83,75611.47133757961,2.19,58512.05732484076,2.4459999999999997,65351.822929936294,0.0,0.0,2024-05
IMPELLER KUNINGAN POMPA AIR SHIMIZU PS 105 130 135 KIPAS GOLSTAR SANEI,5.83,161259.58015267176,3.09,85470.34351145037,4.186,115786.03816793892,0.0,0.0,2024-05
IMPELLER KUNINGAN PS 226 230 SHIMIZU POMPA AIR KIPAS BIT SPAREPARTS.,1.14,55312.799999999996,1.0,48520.0,1.056,51237.12,0.0,0.0,2024-05
IMPELLER KUNINGAN SANYO SY 136 PWH IMPELER KIPAS POMPA AIR,1.03,27704.057142857146,0.18,4841.4857142857145,0.52,13986.514285714287,0.0,0.0,2024-05
KABEL TIES 10CM CABLE TIES KABEL TIS CABLE TIE 2.5 × 100MM ISI 100PCS,2.29,11096.260162601628,1.34,6493.008130081302,1.7200000000000002,8334.308943089432,3.0,16500.0,2024-05
"KAPASITOR 1,5UF, 2UF, 2,5UF, 3UF, 3,5UF MIKRO CAPASITOR KIPAS ANGIN - 1,5UF",72.51,258669.0475030451,58.76,209617.8903775883,64.26,229238.35322777103,5.0,18000.0,2024-05
"KAPASITOR 1,5UF, 2UF, 2,5UF, 3UF, 3,5UF MIKRO CAPASITOR KIPAS ANGIN - 2,5UF",51.06,252772.23558484353,54.54,269999.95551894564,53.147999999999996,263108.86754530476,2.0,10400.0,2024-05
"KAPASITOR 1,5UF, 2UF, 2,5UF, 3UF, 3,5UF MIKRO CAPASITOR KIPAS ANGIN - 2UF",86.8,415997.5657894737,84.03,402722.06743421056,85.138,408032.26677631587,52.0,254800.0,2024-05
"KAPASITOR 1,5UF, 2UF, 2,5UF, 3UF, 3,5UF MIKRO CAPASITOR KIPAS ANGIN - 3,5UF",12.74,84441.61403508772,7.76,51433.824561403504,9.751999999999999,64636.94035087719,0.0,0.0,2024-05
"KAPASITOR 1,5UF, 2UF, 2,5UF, 3UF, 3,5UF MIKRO CAPASITOR KIPAS ANGIN - 3UF",22.11,126470.41483516483,22.23,127156.82142857143,22.182,126882.25879120879,1.0,5800.0,2024-05
"KAPASITOR 1.5UF 1,5UF 1.5 UF 1,5 UF 450V MIKRO CAPASITOR KIPAS ANGIN",95.4,335362.3357664234,69.43,244069.25547445257,79.81800000000001,280586.4875912409,62.0,209400.0,2024-05
KAPASITOR 10 UF 450V KOTAK KABEL SAN EI CAPACITOR PETAK POMPA AIR,3.8,53542.0,1.44,20289.6,2.384,33590.56,0.0,0.0,2024-05
KAPASITOR 100UF 100 MFD UF 250V 250 VAC CAPASITOR STARTING AC MOTOR,1.86,55656.92307692308,1.74,52066.153846153844,1.7880000000000003,53502.461538461546,31.0,961000.0,2024-05
KAPASITOR 12 UF 450V KOTAK KABEL SAN EI CAPACITOR PETAK POMPA AIR,1.83,28572.72972972973,1.03,16081.918918918918,1.35,21078.243243243243,0.0,0.0,2024-05
KAPASITOR 150UF 150 MFD UF 250V 250 VAC CAPASITOR STARTING AC MOTOR,3.49,125640.00000000001,1.46,52560.0,2.2720000000000002,81792.00000000001,30.0,1080000.0,2024-05
KAPASITOR 200UF 200 MFD UF 250V 250 VAC CAPASITOR STARTING AC MOTOR,2.03,88978.10526315788,1.18,51721.26315789473,1.52,66624.0,1.0,44000.0,2024-05
KAPASITOR 250UF 250 MFD UF 250V 250 VAC CAPASITOR STARTING AC MOTOR,1.6,88000.0,1.21,66550.0,1.366,75130.0,0.0,0.0,2024-05
KAPASITOR 2UF 2 UF 400V 400 V 450V 450 V VOLT CAPASITOR KIPAS ANGIN,9.49,44185.44,12.55,58432.8,11.326,52733.856,2.0,9800.0,2024-05
KAPASITOR 3 UF 450V 3UF 450 V 400 VOLT CAPASITOR 3 MICKO KIPAS ANGIN,4.86,28714.023529411767,1.84,10871.152941176471,3.048,18008.301176470588,6.0,37800.0,2024-05
KAPASITOR 300UF 300 MFD UF 250V 250 VAC CAPASITOR STARTING AC MOTOR,1.94,120280.0,1.49,92380.0,1.67,103540.0,4.0,248000.0,2024-05
KAPASITOR 30UF 450 VAC CAPASITOR BULET CONDENSATOR SPAREPARTS DINAMO,4.86,148749.86065573772,2.42,74068.8606557377,3.396,103941.2606557377,0.0,0.0,2024-05
KAPASITOR 35 UF 450VAC CAPASITOR BULET CONDENSATOR SPAREPARTS,3.46,126373.67320261437,2.61,95328.11764705881,2.95,107746.33986928104,0.0,0.0,2024-05
KAPASITOR 4 UF 450V 4UF 450 V POMPA AIR CAPASITOR,6.46,59837.21818181818,15.57,144220.66363636364,11.926,110467.28545454545,0.0,0.0,2024-05
KAPASITOR 40UF 450VAC CAPASITOR 40 UF 450 VAC BULET CONDENSATOR,5.86,233625.4022988506,1.57,62592.47126436782,3.2860000000000005,131005.64367816094,0.0,0.0,2024-05
KAPASITOR 5 UF 450 V KOTAK CAPACITOR PETAK POMPA AIR SAN EI,11.86,116003.50714285715,17.56,171755.61428571428,15.28,149454.77142857143,2.0,25000.0,2024-05
KAPASITOR 50 UF 50UF 450VAC 450 VAC CAPASITOR BULET CONDENSATOR,8.37,400637.1323076923,3.92,187634.11692307692,5.699999999999999,272835.323076923,1.0,49000.0,2024-05
KAPASITOR 500UF 500 MFD UF 250V 250 VAC CAPASITOR STARTING AC MOTOR,1.51,134390.0,0.16,14240.0,0.7000000000000001,62300.00000000001,0.0,0.0,2024-05
KAPASITOR 6 UF 450V KOTAK KABEL CAPACITOR PETAK SAN EI POMPA AIR.,7.43,90192.9512195122,1.12,13595.707317073173,3.644,44234.60487804878,0.0,0.0,2024-05
KAPASITOR 8 UF 450V KOTAK KABEL SAN EI CAPACITOR PETAK POMPA AIR,3.54,47473.48235294117,2.26,30307.9294117647,2.7720000000000002,37174.150588235294,0.0,0.0,2024-05
KAPASITOR POMPA AIR 10UF 450VAC CAPASITOR BULET CONDENSATOR SPAREPART,3.49,50212.74786324787,6.06,87188.89743589744,5.032,72398.43760683762,0.0,0.0,2024-05
KAPASITOR POMPA AIR 12UF 450VAC CAPASITOR BULET CONDENSATOR SPAREPARTS,9.23,144302.10994764397,5.56,86925.21465968585,7.0280000000000005,109875.97277486912,4.0,63600.0,2024-05
KAPASITOR POMPA AIR 14 UF 450VAC CAPASITOR BULET CONDENSATOR SPAREPART,6.54,109456.76190476191,5.62,94059.1746031746,5.9879999999999995,100218.20952380952,0.0,0.0,2024-05
KAPASITOR POMPA AIR 16UF 450VAC CAPASITOR BULET CONDENSATOR SPAREPARTS,4.57,83845.00302114805,6.64,121822.93655589124,5.811999999999999,106631.76314199394,0.0,0.0,2024-05
KAPASITOR POMPA AIR 20UF 450VAC CAPASITOR BULET CONDENSATOR SPAREPARTS,11.17,266217.52391304343,8.6,204966.04347826086,9.628,229466.6356521739,3.0,74700.0,2024-05
KAPASITOR POMPA AIR 20UF 450VAC CAPASITOR KOTAK 20 UF 450V CONDENSATOR,2.51,59695.45762711864,0.69,16410.30508474576,1.418,33724.36610169491,0.0,0.0,2024-05
KAPASITOR POMPA AIR 25UF 450VAC CAPASITOR BULET CONDENSATOR SPAREPARTS,3.74,101494.05106382979,3.92,106378.7914893617,3.848,104424.89531914893,1.0,30000.0,2024-05
KAPASITOR POMPA AIR 6 UF 450VAC CAPASITOR BULET CONDENSATOR SPAREPARTS,7.43,87004.68595041322,5.0,58549.586776859505,5.9719999999999995,69931.62644628099,0.0,0.0,2024-05
KAPASITOR POMPA AIR 8UF 450VAC CAPASITOR BULET CONDENSATOR SPAREPARTS,6.0,82413.6,14.44,198342.06399999998,11.064,151970.6784,1.0,15900.0,2024-05
KARET SEAL ORING BLENDER BUMBU CHOPPER GELAS NATIONAL MIYAKO PAKING,4.49,15924.751824817518,4.32,15321.810218978102,4.388,15562.986861313868,0.0,0.0,2024-05
KARET SEAL ORING BLENDER PHILIP 1741,2.2,8800.0,0.55,2200.0,1.2100000000000002,4840.000000000001,0.0,0.0,2024-05
KIPAS IMPELLER JET DAB 255 IMPELAR GADING MESIN POMPA AIR SPAREPARTS,2.57,57171.485714285714,1.24,27584.685714285715,1.772,39419.40571428571,0.0,0.0,2024-05
KIPAS PENDINGIN GP 125 NATIONAL NASIONAL PANASONIC FAN POMPA AIR,1.94,9775.09677419355,0.69,3476.7096774193546,1.19,5996.064516129032,0.0,0.0,2024-05
KLEP TABOK KARET SEDOT PLENES POMPA AIR PLENNES PLANES OVAL PACKING,5.14,14152.656488549617,2.33,6415.503816793893,3.4539999999999997,9510.364885496183,0.0,0.0,2024-05
KNOP KOMPOR GAS HITACHI TODACHI TOMBOL PUTARAN CETEKAN PEMANTIK,2.6,7088.823529411765,0.97,2644.676470588235,1.6219999999999999,4422.335294117647,0.0,0.0,2024-05
KNOP KOMPOR GAS RINNAI TOMBOL PUTARAN CETEKAN SWITCH PEMANTIK,3.51,10162.084337349397,2.71,7845.939759036145,3.03,8772.397590361445,72.0,184800.0,2024-05
"Kabel Buntung AC Power listrik Colokan Gepeng Oval SNI Serbaguna 1,2m",5.11,30553.54166666667,1.66,9925.416666666666,3.04,18176.666666666668,0.0,0.0,2024-05
Karet seal Oring sil blender Mounting gelas Nasional Miyako Gmc sanex,20.4,73102.3185031185,14.44,51744.97446985447,16.823999999999998,60287.912083160074,11.0,42900.0,2024-05
LAMPU GOSOKAN BAJU SETERIKA SETRIKA INDIKATOR RESISTOR 1 PCS,11.17,9155.634831460675,20.13,16499.814606741573,16.546,13562.142696629213,0.0,0.0,2024-05
"LEHER KIPAS ANGIN COSMOS DINDING WALL FAN PLAT 12"" 16""",6.86,42787.970149253735,2.72,16965.492537313436,4.376,27294.483582089553,0.0,0.0,2024-05
"LEHER KIPAS ANGINCOSMOS TIANG BERDIRI STAND FAN PLAT 12"" 16"" SPAREPART",4.43,27258.34375,1.74,10706.4375,2.816,17327.2,5.0,34000.0,2024-05
LEM KOREA HANDSOME SEBAGUNA MULTIFUNGSI EPOTEC BESI POWERGLUE ( 1pcs),17.77,45743.21090909091,11.16,28727.86909090909,13.804,35534.00581818182,12.0,33600.0,2024-05
LEM PIPA ISARPLAS TUBE 45GR FOX FITING PVC,1.0,9443.181818181818,1.2,11331.818181818182,1.12,10576.363636363638,1.0,9600.0,2024-05
LIS KIPAS ANGIN MULTI RING GAWANG PENGIKAT KIPAS ANGIN,5.43,50599.555555555555,4.14,38578.666666666664,4.656,43387.022222222215,2.0,18800.0,2024-05
"Leher kipas angin COSMOS Dinding wall fan kipas angin COSMOS 12"" 16""",3.86,23221.81361111111,3.97,23883.57513888889,3.926,23618.870527777777,5.0,33500.0,2024-05
"Leher kipas angin COSMOS tiang berdiri stand fan leher Cosmos 12"" 16"".",6.14,36909.24812030075,4.6,27651.879699248115,5.215999999999999,31354.827067669168,0.0,0.0,2024-05
MOUNTING PISAU BLENDER JUS PHILIP HR 2061 2115 2116 2071 MANGKOK GELAS,1.69,61685.0,0.72,26280.0,1.108,40442.0,0.0,0.0,2024-05
MOUNTING PISAU BLENDER NATIONAL MIYAKO LAMA MANGKOK JUS JUICE GELAS,1.37,38662.34482758621,1.39,39226.75862068965,1.3820000000000001,39000.99310344828,0.0,0.0,2024-05
NITTO ISOLASI LISTRIK 3/4 INCH 25 METER HITAM ISOLASI KABEL.,4.29,34020.64285714286,5.72,45360.857142857145,5.148,40824.77142857143,0.0,0.0,2024-05
ORING KARET TUTUP IMPELLE SHIMIZU 4 BAUT PS 128 130 135 SEMI JETPAM,2.89,5107.760869565217,4.03,7122.586956521739,3.5740000000000003,6316.656521739131,0.0,0.0,2024-05
OTOMATIS MAGIC COM RICE COOKER KAKI PIN 3 ELEMENT THERMOSTAT MTS PER.,5.09,41097.64516129032,2.42,19539.548387096773,3.488,28162.787096774195,2.0,17800.0,2024-05
OTOMATIS PER MAGIC COM RICE COOKER KAKI PIN 2 ELEMEN THERMOSTAT MTS,3.83,31254.483516483517,1.02,8323.648351648351,2.144,17495.982417582418,0.0,0.0,2024-05
OTOMATIS PM5 PRESSURE SWITCH JETPUMP POMPA AIR SAN-EI PM 5 SEMI,3.06,172992.0,1.52,85930.66666666667,2.136,120755.20000000001,0.0,0.0,2024-05
PINION KIPAS ANGIN MASPION / PEN STOP/ TARIKAN GEARBOX DINAMO,4.31,14334.015151515152,2.95,9810.98484848485,3.4939999999999998,11620.19696969697,0.0,0.0,2024-05
PINION PANASONIC NASIONAL PEN STOP TARIKAN GEARBOX KIPAS ANGIN GEAR,23.57,83983.00505050505,91.11,324636.8939393939,64.094,228375.33838383836,56.0,172800.0,2024-05
PISAU BLENDER MASPION JUS + SEAL PUTIH MOUNTING SPAREPART STAINLES,1.2,16045.714285714284,1.0,13371.42857142857,1.08,14441.142857142857,0.0,0.0,2024-05
RADAR PELAMPUNG AIR OTOMATIS TOREN ST 70 AB ORIGINAL SHINTUNG POMPA,0.63,35199.28125,0.92,51402.125,0.804,44920.9875,0.0,0.0,2024-05
SEAL BLENDER JUS PHILIP BARU 2061 2071 2115 2116 KARET PISAU MOUNTING,2.23,8432.1875,1.76,6655.0,1.948,7365.875,0.0,0.0,2024-05
SEAL KARET PENGAMAN TABUNG GAS LPG ELPIJI REGULATOR SILIKON,61.14,37964.11875,49.58,30786.08125,54.204,33657.29625,110.0,66000.0,2024-05
SEAL PDL 255 PEDROLO SIL POMPA AIR MS 14 PDR KARET SPAREPARTS MACHANIC,48.29,324130.3108108108,36.65,246000.74324324325,41.306,277252.5702702703,20.0,130000.0,2024-05
SEAL SANYO 100 101 PH 100 SIL POMPA AIR,1.34,9511.838709677419,1.61,11428.403225806453,1.502,10661.777419354838,0.0,0.0,2024-05
SEAL SHIMIZU SMZ 230 GOLSTAR GS 250 SIL POMPA AIR PS 226,8.34,65271.47368421053,3.26,25513.78947368421,5.292,41416.86315789473,0.0,0.0,2024-05
SEAL SIL POMPA AIR PANASONIC NATIONAL NASIONAL GP 200 MECHANICAL,5.34,34979.93406593407,3.95,25874.67032967033,4.506,29516.775824175827,1.0,7500.0,2024-05
SELANG PEMBUANGAN AIR MESIN CUCI MULTI 1-2 TABUNG PANJANG SAMPAI 2M,1.94,24516.75,1.39,17566.125,1.6099999999999999,20346.375,1.0,12900.0,2024-05
SELANG PEMBUANGAN MESIN CUCI MULTI 1.2 METER,1.09,9296.142857142859,1.53,13048.714285714286,1.354,11547.685714285715,1.0,8900.0,2024-05
SINGER OIL MINYAK PELUMAS MESIN JAHIT RANTAI SEPEDA 80CC,8.14,59948.705882352944,5.64,41536.94117647059,6.640000000000001,48901.64705882354,5.0,38500.0,2024-05
SNAP RING S12 RETAINER CIRCLIP POMPA AIR EXTERNAL EKSTERNAL RETAINING,12.57,11590.279411764706,15.37,14172.044117647058,14.25,13139.338235294117,0.0,0.0,2024-05
SPINER KIPAS ANGIN KUNCI MUR BALING MASPION FAN DINDING PLAFON DINAMO,3.63,10000.29411764706,3.75,10330.882352941177,3.702,10198.64705882353,0.0,0.0,2024-05
STIK MIXER PHILIPS GARPU STICK KOCOKAN PENGADUK ADONAN KUE SEPASANG,1.11,28297.183098591555,1.66,42318.30985915493,1.44,36709.859154929574,0.0,0.0,2024-05
SWITCH EXHAUST SAKLAR TARIKAN FAN DINAMO MASPION HEXOS DINDING,2.03,15111.319999999998,0.99,7369.5599999999995,1.406,10466.264,1.0,7700.0,2024-05
SWITCH FAN KIPAS ANGIN MASPION LURUS 4 PIN SAKLAR ON OFF TIANG BERDIRI,1.54,11803.891891891892,0.83,6361.8378378378375,1.114,8538.65945945946,0.0,0.0,2024-05
SYNCHRONOUS MOTOR ROTARY ROTARI SINKRONUS SWING DINAMO KIPAS ANGIN,16.06,202314.1770833333,2.14,26958.427083333336,7.707999999999999,97100.72708333333,8.0,101600.0,2024-05
Siltip sealtape isolatip Hachi sealtape isolasi keranpipa air.,4.06,11711.538461538461,5.28,15230.769230769232,4.792,13823.076923076924,0.0,0.0,2024-05
Swit tembok kipas angin wall fan saklar tarikan DinamoDindingPlafon,3.29,16389.817073170732,4.95,24659.451219512197,4.2860000000000005,21351.597560975613,0.0,0.0,2024-05
Switch Micro 3 Pin Saklar Mikro Otomatis Rice Cooker Majic Com Jer lim,10.63,63354.8,3.67,21873.2,6.454000000000001,38465.840000000004,0.0,0.0,2024-05
Switch Micro Limid Tombol Pin 3 Magicom Rice Cooker Majic Com Jer,4.6,27599.999999999996,3.18,19080.0,3.7479999999999998,22488.0,1.0,6000.0,2024-05
"T Kuningan Tebal Tee Jet Pump 3 Way 1"" Sambungan Otomatis Pompa Air",1.89,60366.6,1.67,53339.799999999996,1.758,56150.52,0.0,0.0,2024-05
TABUNG ANGIN 2 LITER TANGKI PRESSURE TANK SPART PART POMPA AIR,0.6,36348.75,0.57,34531.3125,0.582,35258.2875,0.0,0.0,2024-05
TABUNG POMPA AIR PVC FIBER TENGKI OTOMATIS 2 LITER,2.94,80911.25,0.94,25869.583333333332,1.7399999999999998,47886.24999999999,0.0,0.0,2024-05
TALI PEMBUANGAN AIR DRAIN REM MESIN CUCI 2 TABUNG TARIKAN,3.6,16900.36363636364,0.79,3708.6909090909094,1.9140000000000001,8985.36,0.0,0.0,2024-05
TERMOSTAT BIMETAL PENGATUR SUHU SAKLAR OTOMATIS DISPENSER MAGIC COM,10.66,45654.94949494949,6.73,28823.434343434343,8.302,35556.0404040404,0.0,0.0,2024-05
TIMAH SOLDER 0.8mm 10M 60/40 TIM TINOL TENOL KAWAT KWALITAS BAGUS,2.49,43318.40853658537,1.69,29400.847560975606,2.0100000000000002,34967.87195121951,1.0,17900.0,2024-05
"TUSEN KLEP 1/2"" INCH TUSSEN TOSSEN PVC PLASTIK FOOT VALVE",1.43,8339.157894736842,1.22,7114.526315789473,1.3039999999999998,7604.37894736842,0.0,0.0,2024-05
"TUSEN KLEP 3/4"" INCH TUSSEN TOSSEN PVC PLASTIK FOOT VALVE",1.77,11884.285714285716,0.96,6445.714285714286,1.284,8621.142857142859,0.0,0.0,2024-05
Tarikan pinion baut gearbox kipas angin cabutan Cosmos Miyako Multifan,5.71,11177.566949152542,1.57,3073.341525423729,3.226,6315.031694915254,0.0,0.0,2024-05
Tarikan pinion socket gerbox cabutan kipas angin CosmosMiyakoMaspion,10.26,20030.53146757679,12.27,23954.641433447097,11.466,22384.997447098973,4.0,8000.0,2024-05
Tutup sendok Blender Nasional National tutup gelas juice blender NS.,1.23,10010.614666666666,1.27,10336.163111111111,1.254,10205.943733333334,0.0,0.0,2024-05
"WATERMUR 1/2 "" INCH POLOS WATERMOER SAMBUNGAN PIPA UNION SOCKET PVC",2.09,16720.0,2.2,17600.0,2.156,17248.0,0.0,0.0,2024-05
"WATERMUR 3/4 "" INCH POLOS WATERMOER SAMBUNGAN PIPA PVC UNION SOCKET",1.34,10720.0,1.48,11840.0,1.424,11392.0,0.0,0.0,2024-05
"WATERMUR 3/4""INCH DRAT LUAR WATER MUR UNION SOCKET SANYO PVC 1 × 3/4""",10.57,84560.0,14.23,113840.0,12.766000000000002,102128.00000000001,0.0,0.0,2024-05
"WATERMUR1/2"" INCH DRAT LUAR WATERMOR UNION SOCKET SANYO PCV 1×1/2""",5.57,44560.0,2.99,23920.0,4.022,32176.000000000004,0.0,0.0,2024-05
arang blender Philip,4.06,18544.830769230768,2.62,11967.353846153846,3.1959999999999997,14598.344615384614,0.0,0.0,2024-05
bearing nkn 608 2RS ball laher.,1.89,11033.55254716981,3.88,22650.890943396225,3.0839999999999996,18003.955584905656,4.0,23600.0,2024-05
bos kipasangin dinamoNational boshing fanpanasonic KDK dindingportable,13.43,40346.31175438596,6.72,20188.176842105262,9.404,28251.430807017543,0.0,0.0,2024-05
carbon arang blender Philips brush karbon kaleng bulet,41.29,177857.78494623658,29.17,125650.55913978496,34.018,146533.44946236562,1.0,4500.0,2024-05
drat besar kopel gear gigi karet pisau blender.,3.23,8825.560897435898,12.12,33116.34615384615,8.564,23400.03205128205,10.0,33000.0,2024-05
gear konektor Miyako baru blender/ gigi lower mesin dinamo Blender.,23.06,74180.21548821549,26.23,84377.58249158249,24.962,80298.63569023568,0.0,0.0,2024-05
"kapasitas kipas angin 1,5uf mikro 450V capasitor kotak spareparts",4.77,16148.598648648647,2.62,8869.88018018018,3.48,11781.367567567568,5.0,18500.0,2024-05
"kapasitor 3 uf capasitor 3,0 mickro 450V kotak.spartparts kipas angin",6.34,37356.59740259741,3.87,22802.844155844155,4.8580000000000005,28624.34545454546,0.0,0.0,2024-05
"kapasitor 3,5uf mickro 450V kotak capasitor kipas angin spareparts",7.06,46094.96774193548,1.65,10772.90322580645,3.8139999999999996,24901.729032258063,1.0,6800.0,2024-05
kapasitor 4 uf mickro capasitor kipas angin 450V kotak spareparts,2.71,24102.0625,6.66,59232.375,5.08,45180.25,0.0,0.0,2024-05
kapasitor kipas angin 2 uf mickro 450V capasitor kotak spareparts,6.63,30538.545000000002,2.48,11423.166153846154,4.140000000000001,19069.317692307697,0.0,0.0,2024-05
"kapasitor kipas angin 2,5uf mickro kotak 450V capasitor spareparts",12.89,62337.903614457835,12.9,62386.26506024096,12.896,62366.920481927715,4.0,20400.0,2024-05
konektor blender maspion conektor kecil gigi atas mesin gear ger lower,13.0,45258.87096774194,9.07,31576.76612903226,10.642,37049.60806451613,0.0,0.0,2024-05
kopel Miyako baru pisau baut flange gigi blender gear upper konektor.,12.54,39740.820276497696,16.62,52670.847926267284,14.988,47498.836866359445,1.0,3500.0,2024-05
kopel gigi karet blender drat lobang kecil gear RRT pisau blender,3.43,10044.268656716418,4.67,13675.432835820895,4.174,12222.967164179105,2.0,7000.0,2024-05
oring seal AS kipas angin umum.,55.17,27319.23945525292,60.41,29913.99774319066,58.31399999999999,28876.09442801556,80.0,40000.0,2024-05
seal 2 ply mounting bumbu blender Philip karet 2061-2071-2115-2116mill,2.23,8612.413793103447,2.94,11354.48275862069,2.656,10257.655172413793,0.0,0.0,2024-05
seal pompa air Shimizu 100- 125/sil pompa air Shimizu simitsu 125.,23.43,136436.25637931036,16.69,97188.26798850576,19.386000000000003,112887.46334482761,0.0,0.0,2024-05
seal pompa air Toyomoto 125 sil TM 125 marcanical seal Ty mekanik,5.26,30357.714285714286,1.42,8195.42857142857,2.956,17060.342857142856,0.0,0.0,2024-05
seal sil pompa air Panasonic National GP125 Nasional Spareparts pompa,15.6,87061.6975609756,25.21,140693.9356097561,21.366,119241.0403902439,4.0,23600.0,2024-05
spiner AS kipas angin Cosmos Miyako/kunci mur baling kipas angin,8.74,27362.026666666665,6.7,20975.466666666667,7.516,23530.090666666667,6.0,19200.0,2024-05
AS 6mm KIPAS ANGIN KECIL 7 IN 9 IN BATANG BESI,1.73,11590.022598870057,2.59,17351.53672316384,2.246,15046.931073446327,2.0,13800.0,2024-06
"AS DINAMO KIPAS ANGIN MODEL COSMOS,MIYAKO,UMUM-RRT.",2.74,17722.55319148936,2.58,16687.659574468085,2.644,17101.617021276597,20.0,120000.0,2024-06
AS EXHAUST FAN MASPION EXOS EXSOS EXAUST KIPAS ANGIN,2.46,14157.551020408164,1.03,5927.755102040816,1.6019999999999999,9219.673469387755,0.0,0.0,2024-06
AS EXHAUST PANASONIC NATIONAL DINAMO MASPION EXOSOS FAN KIPAS ANGIN,0.39,2366.607476635514,0.77,4672.532710280374,0.618,3750.1626168224298,0.0,0.0,2024-06
AS Exhaust/Exaust/Exsos Maspion Panasonic National multi kipas angin.,0.9,5251.09090909091,0.33,1925.4000000000003,0.558,3255.6763636363644,0.0,0.0,2024-06
AS FAN KIPAS ANGIN COSMOS MOYAKO DRAT KASAR DINAMO PLAFON DINDING PORT,3.61,22991.688888888886,5.22,33245.6,4.576,29144.03555555555,0.0,0.0,2024-06
AS KIPAS ANGIN MIYAKO COSMOS SEKAI FAN DINAMO DRAT HALUS,7.13,45453.75,3.74,23842.5,5.096,32487.0,35.0,212500.0,2024-06
AS KIPAS ANGIN MIYAKO COSMOS SEKAI FAN DINAMO DRAT HALUS - KASAR - as drat halus,2.19,13625.518867924528,1.19,7403.82075471698,1.5899999999999999,9892.499999999998,20.0,120000.0,2024-06
AS KIPAS ANGIN MIYAKO COSMOS SEKAI FAN DINAMO DRAT HALUS - KASAR - as drat kasar,3.57,21955.5,0.83,5104.5,1.926,11844.9,0.0,0.0,2024-06
AS KIPAS ANGIN REGENCY 10 CM DIAMETER 10 MM,1.1,9201.923076923078,3.14,26267.30769230769,2.324,19441.153846153844,5.0,42500.0,2024-06
"AS fan kipas angin Maspion16""panjang20,5cm plafonportabledindingdinamo",3.69,23850.328467153286,1.51,9759.890510948906,2.3819999999999997,15396.065693430655,22.0,143000.0,2024-06
"AS fan kipas angindinding portable panasonic Nasional KDK pajang20,5cm",0.22,2010.0,0.25,2284.090909090909,0.238,2174.4545454545455,0.0,0.0,2024-06
"AS kipas angin model Maspion 18,5 cm.AS Maspion 12""/inci",3.84,24486.30447761194,1.43,9118.597761194029,2.394,15265.680447761195,22.0,143000.0,2024-06
"AS kipas angin model Maspion 20,5 cm.AS Maspion 16""/inci",4.67,30216.863396674584,6.64,42963.591638954866,5.851999999999999,37864.90034204275,0.0,0.0,2024-06
Arang Mixer karbon carbon brush mixer blender umum,3.03,13258.297297297297,0.86,3763.0810810810813,1.728,7561.167567567568,0.0,0.0,2024-06
Arang blender carbon brush bostel arang sepul blender plat kotak.,2.95,13198.76404494382,0.82,3668.8089887640444,1.6720000000000002,7480.791011235956,0.0,0.0,2024-06
BEARING 629 NKN 2 RS BERING BUSHING BALL LAHER BANTALAN,0.38,2610.125,0.78,5357.625,0.62,4258.625,0.0,0.0,2024-06
"BOS KIPAS ANGIN BOSHING BOSSING BOSING BREKET KUPING 7 "" 9 "" IN AS 6MM",0.65,4032.342342342343,0.61,3784.1981981981985,0.626,3883.455855855856,0.0,0.0,2024-06
BOSHING BOSSING BOSING KIPAS ANGIN REGENCY 10MM BULET BOS MESIN CUCI,4.08,14161.0,3.9,13536.25,3.972,13786.15,4.0,14000.0,2024-06
BOSHING BOSSING BOSING KIPAS ANGIN REGENCY 10MM GUCI BOS MESIN CUCI,1.71,5930.85,0.62,2150.366666666667,1.056,3662.5600000000004,0.0,0.0,2024-06
"BOSHING BOSSING BOSING KIPAS ANGIN REGENCY BOS MESIN CUCI 12 "" GUCI",0.75,3519.6428571428573,0.4,1877.1428571428573,0.54,2534.1428571428573,0.0,0.0,2024-06
Bos kipas angin boshing Maspion Gentong guci Dinamofandindingportable,1.37,3116.2933333333335,4.15,9439.866666666667,3.0380000000000003,6910.437333333333,0.0,0.0,2024-06
Bos mesin cuci bulet 10mm boshing fan kipasangin dinamo regenci umum,1.11,3518.4078947368425,1.44,4564.421052631579,1.308,4146.015789473685,0.0,0.0,2024-06
CASING COVER TUTUP IMPELLER CAP SHIMIZU GOLDSTAR 130 PS 128 130 135,0.42,9709.736842105263,0.28,6473.157894736843,0.336,7767.789473684212,0.0,0.0,2024-06
ELEMEN BODY SAMPING MAGIC COM PEMANAS RICE COOKER KABEL SABUK HEATER,4.84,55191.125,4.92,56103.375,4.888,55738.475,0.0,0.0,2024-06
ELEMEN TUTUP ATAS MAGIC COM JAR PEMANAS TOP HEATER RICE COOKER KOTAK,6.87,62690.209631728045,4.95,45169.801699716714,5.718,52177.96487252124,0.0,0.0,2024-06
FUSE KIPAS ANGIN SEIRING THERMAL 2A THERMOFUSE KOTAK 250V,4.91,5547.438596491228,4.93,5570.035087719298,4.922,5560.99649122807,10.0,13000.0,2024-06
GEAR GIGI MIXER MASPION BARU MT 1150 ADONAN MESIN (SEPASANG),0.47,3681.6666666666665,0.33,2585.0,0.386,3023.6666666666665,0.0,0.0,2024-06
GEAR GIGI MIXER MASPION SEPASANG,0.52,4092.8333333333335,0.32,2518.6666666666665,0.4,3148.3333333333335,0.0,0.0,2024-06
GEAR GIGI MIXER MIYAKO HM 620 625 650 GRIGI SESET SEPASANG,2.56,19384.580891719746,3.89,29455.47643312102,3.358,25427.11821656051,0.0,0.0,2024-06
GEAR GIGI MIXER MIYAKO HM 625 HM 620 628 650 GRIGI,2.84,11032.307692307691,1.61,6254.2307692307695,2.102,8165.461538461538,0.0,0.0,2024-06
GEAR GIGI MIXER PHILIP SESET SEPASANG.,0.89,6853.0,1.35,10395.0,1.1660000000000001,8978.2,0.0,0.0,2024-06
GEAR KOPEL BLENDER PHILIP BARU 2061 2071 2115 2116 PLASTIK GIGI BAGUS,2.23,7035.018867924528,0.58,1829.7358490566037,1.24,3911.8490566037735,0.0,0.0,2024-06
GEAR KOPEL BLENDER PHILIP BARU 2061 2071 2115 2116 PLASTIK GIGI PISAU,0.79,2229.706896551724,0.45,1270.0862068965519,0.5860000000000001,1653.934482758621,0.0,0.0,2024-06
GEAR KOPEL BLENDER PHILIP LAMA 2815 COPEL BAUT UPPER MOUNTING PISAU,0.63,1731.0461538461539,1.45,3984.1538461538457,1.1219999999999999,3082.910769230769,0.0,0.0,2024-06
GEARBOX KIPAS ANGIN COSMOS / SEKAI / MIYAKO / RRT KOTAK GEARBOK GIRBOK,0.65,5396.380718954249,4.11,34121.73039215687,2.726,22631.590522875817,0.0,0.0,2024-06
GEARBOX WALLFAN MIYAKO TARIK WALL FAN GEAR BOX KIPAS ANGIN DINDING,0.64,9498.61052631579,0.41,6085.047368421053,0.502,7450.472631578948,0.0,0.0,2024-06
Gear Kopel Maspion Upper Blender Mounting Baut Pisau Flange gigi Spare,1.66,4835.316689655173,2.82,8214.212689655173,2.356,6862.654289655173,0.0,0.0,2024-06
Gear Kopel Maspion Upper Blender Mounting Baut Pisau Flange gigi putih,0.81,2539.5,0.88,2758.962962962963,0.8520000000000001,2671.177777777778,0.0,0.0,2024-06
Gear box kipas angin Maspion bintang girbok/gear bok kipas angin12 16,0.22,2763.5809142857142,0.62,7788.273485714286,0.46,5778.396457142858,2.0,29400.0,2024-06
"Gear box/girbox/gearbox/gear bok kipas angin Cosmos Miyako,umum.rrt",1.42,9412.087475149105,0.46,3048.986083499006,0.844,5594.226640159045,0.0,0.0,2024-06
"Gigi konektor Miyako lama gear lower panasonic,nasional drat besar POM",3.75,12882.65306122449,4.19,14394.217687074832,4.014,13789.591836734695,0.0,0.0,2024-06
Gigi konektor blender Miyako drat lubang kecil gear lower National,0.97,3433.7999999999997,0.3,1062.0,0.5680000000000001,2010.7200000000003,0.0,0.0,2024-06
Gigi konektor blender Miyako drat lubang kecil gear lower National RRT,3.1,10616.61793814433,8.16,27945.678185567012,6.136,21014.05408659794,0.0,0.0,2024-06
IMPELLER JET DAB 370 KIPAS IMPELAR GADING MESIN POMPA AIR SPAREPARTS,0.57,13421.124999999998,0.26,6121.916666666667,0.384,9041.6,0.0,0.0,2024-06
IMPELLER KUNINGAN NATIONAL PANASONIC GP 125 129 POMPA AIR KIPAS SANEI,0.57,15229.165605095539,0.44,11755.847133757961,0.492,13145.174522292993,0.0,0.0,2024-06
IMPELLER KUNINGAN POMPA AIR SHIMIZU PS 105 130 135 KIPAS GOLSTAR SANEI,1.17,32362.557251908394,0.62,17149.3893129771,0.84,23234.656488549615,0.0,0.0,2024-06
IMPELLER KUNINGAN PS 226 230 SHIMIZU POMPA AIR KIPAS BIT SPAREPARTS.,0.23,11159.6,0.2,9704.0,0.21200000000000002,10286.240000000002,10.0,450000.0,2024-06
IMPELLER KUNINGAN SANYO SY 136 PWH IMPELER KIPAS POMPA AIR,0.21,5648.400000000001,0.04,1075.8857142857144,0.10800000000000001,2904.891428571429,0.0,0.0,2024-06
KABEL TIES 10CM CABLE TIES KABEL TIS CABLE TIE 2.5 × 100MM ISI 100PCS,0.41,1986.6666666666667,0.32,1550.569105691057,0.356,1725.0081300813008,0.0,0.0,2024-06
"KAPASITOR 1,5UF, 2UF, 2,5UF, 3UF, 3,5UF MIKRO CAPASITOR KIPAS ANGIN - 1,5UF",9.9,35316.83313032887,6.24,22260.30694275274,7.704000000000001,27482.917417783196,2.0,7200.0,2024-06
"KAPASITOR 1,5UF, 2UF, 2,5UF, 3UF, 3,5UF MIKRO CAPASITOR KIPAS ANGIN - 2,5UF",6.54,32376.232289950578,5.54,27425.738056013182,5.9399999999999995,29405.935749588138,2.0,10400.0,2024-06
"KAPASITOR 1,5UF, 2UF, 2,5UF, 3UF, 3,5UF MIKRO CAPASITOR KIPAS ANGIN - 2UF",13.57,65035.56414473685,8.5,40737.08881578948,10.528,50456.47894736843,0.0,0.0,2024-06
"KAPASITOR 1,5UF, 2UF, 2,5UF, 3UF, 3,5UF MIKRO CAPASITOR KIPAS ANGIN - 3,5UF",2.55,16901.57894736842,1.55,10273.508771929824,1.95,12924.736842105263,0.0,0.0,2024-06
"KAPASITOR 1,5UF, 2UF, 2,5UF, 3UF, 3,5UF MIKRO CAPASITOR KIPAS ANGIN - 3UF",3.09,17674.96978021978,2.32,13270.527472527472,2.628,15032.304395604397,0.0,0.0,2024-06
"KAPASITOR 1.5UF 1,5UF 1.5 UF 1,5 UF 450V MIKRO CAPASITOR KIPAS ANGIN",16.49,57967.76642335766,9.86,34661.13868613139,12.512,43983.7897810219,0.0,0.0,2024-06
KAPASITOR 10 UF 450V KOTAK KABEL SAN EI CAPACITOR PETAK POMPA AIR,0.76,10708.4,0.29,4086.1,0.47800000000000004,6735.02,0.0,0.0,2024-06
KAPASITOR 100UF 100 MFD UF 250V 250 VAC CAPASITOR STARTING AC MOTOR,1.29,38600.76923076923,0.26,7780.0,0.672,20108.30769230769,0.0,0.0,2024-06
KAPASITOR 12 UF 450V KOTAK KABEL SAN EI CAPACITOR PETAK POMPA AIR,0.37,5777.0,0.21,3278.8378378378375,0.274,4278.102702702703,0.0,0.0,2024-06
KAPASITOR 150UF 150 MFD UF 250V 250 VAC CAPASITOR STARTING AC MOTOR,1.49,53640.0,0.33,11880.0,0.794,28584.0,0.0,0.0,2024-06
KAPASITOR 200UF 200 MFD UF 250V 250 VAC CAPASITOR STARTING AC MOTOR,0.3,13149.473684210525,0.39,17094.315789473683,0.354,15516.37894736842,1.0,44000.0,2024-06
KAPASITOR 250UF 250 MFD UF 250V 250 VAC CAPASITOR STARTING AC MOTOR,0.32,17600.0,0.24,13200.0,0.272,14960.000000000002,0.0,0.0,2024-06
KAPASITOR 2UF 2 UF 400V 400 V 450V 450 V VOLT CAPASITOR KIPAS ANGIN,1.39,6471.839999999999,1.09,5075.04,1.21,5633.76,0.0,0.0,2024-06
KAPASITOR 3 UF 450V 3UF 450 V 400 VOLT CAPASITOR 3 MICKO KIPAS ANGIN,0.91,5376.494117647058,0.32,1890.635294117647,0.556,3284.978823529412,0.0,0.0,2024-06
KAPASITOR 300UF 300 MFD UF 250V 250 VAC CAPASITOR STARTING AC MOTOR,0.41,25420.0,0.26,16120.0,0.32,19840.0,0.0,0.0,2024-06
KAPASITOR 30UF 450 VAC CAPASITOR BULET CONDENSATOR SPAREPARTS DINAMO,0.97,29688.75819672131,0.48,14691.34426229508,0.6759999999999999,20690.30983606557,0.0,0.0,2024-06
KAPASITOR 35 UF 450VAC CAPASITOR BULET CONDENSATOR SPAREPARTS,0.69,25201.6862745098,0.52,18992.57516339869,0.588,21476.219607843137,1.0,38000.0,2024-06
KAPASITOR 4 UF 450V 4UF 450 V POMPA AIR CAPASITOR,1.29,11948.91818181818,3.11,28807.081818181814,2.3819999999999997,22063.81636363636,0.0,0.0,2024-06
KAPASITOR 40UF 450VAC CAPASITOR 40 UF 450 VAC BULET CONDENSATOR,1.17,46645.3448275862,0.31,12359.022988505747,0.6539999999999999,26073.551724137928,0.0,0.0,2024-06
KAPASITOR 5 UF 450 V KOTAK CAPACITOR PETAK POMPA AIR SAN EI,1.79,17508.117857142857,2.33,22789.896428571432,2.114,20677.185,0.0,0.0,2024-06
KAPASITOR 50 UF 50UF 450VAC 450 VAC CAPASITOR BULET CONDENSATOR,1.21,57917.67384615385,0.89,42600.60307692308,1.018,48727.43138461539,0.0,0.0,2024-06
KAPASITOR 500UF 500 MFD UF 250V 250 VAC CAPASITOR STARTING AC MOTOR,0.3,26700.0,0.03,2670.0,0.13799999999999998,12281.999999999998,0.0,0.0,2024-06
KAPASITOR 6 UF 450V KOTAK KABEL CAPACITOR PETAK SAN EI POMPA AIR.,1.49,18087.146341463416,0.22,2670.585365853659,0.728,8837.209756097562,0.0,0.0,2024-06
KAPASITOR 8 UF 450V KOTAK KABEL SAN EI CAPACITOR PETAK POMPA AIR,0.71,9521.517647058823,0.45,6034.764705882353,0.554,7429.465882352942,0.0,0.0,2024-06
KAPASITOR POMPA AIR 10UF 450VAC CAPASITOR BULET CONDENSATOR SPAREPART,0.7,10071.324786324785,1.21,17409.004273504273,1.006,14473.93247863248,0.0,0.0,2024-06
KAPASITOR POMPA AIR 12UF 450VAC CAPASITOR BULET CONDENSATOR SPAREPARTS,1.52,23763.7277486911,0.34,5315.570680628272,0.812,12694.833507853404,0.0,0.0,2024-06
KAPASITOR POMPA AIR 14 UF 450VAC CAPASITOR BULET CONDENSATOR SPAREPART,1.31,21924.8253968254,1.12,18744.88888888889,1.1960000000000002,20016.863492063494,0.0,0.0,2024-06
KAPASITOR POMPA AIR 16UF 450VAC CAPASITOR BULET CONDENSATOR SPAREPARTS,0.91,16695.61329305136,1.33,24401.280966767372,1.1620000000000001,21319.01389728097,0.0,0.0,2024-06
KAPASITOR POMPA AIR 20UF 450VAC CAPASITOR BULET CONDENSATOR SPAREPARTS,1.69,40278.21086956521,1.15,27408.249999999996,1.366,32556.23434782609,0.0,0.0,2024-06
KAPASITOR POMPA AIR 20UF 450VAC CAPASITOR KOTAK 20 UF 450V CONDENSATOR,0.5,11891.525423728814,0.14,3329.627118644068,0.28400000000000003,6754.386440677967,0.0,0.0,2024-06
KAPASITOR POMPA AIR 25UF 450VAC CAPASITOR BULET CONDENSATOR SPAREPARTS,0.56,15196.970212765958,0.75,20353.08510638298,0.6739999999999999,18290.639148936167,0.0,0.0,2024-06
KAPASITOR POMPA AIR 6 UF 450VAC CAPASITOR BULET CONDENSATOR SPAREPARTS,1.49,17447.77685950413,1.0,11709.917355371901,1.196,14005.061157024793,0.0,0.0,2024-06
KAPASITOR POMPA AIR 8UF 450VAC CAPASITOR BULET CONDENSATOR SPAREPARTS,0.9,12362.04,0.77,10576.412,0.8220000000000001,11290.6632,0.0,0.0,2024-06
KARET SEAL ORING BLENDER BUMBU CHOPPER GELAS NATIONAL MIYAKO PAKING,0.9,3192.043795620438,0.86,3050.1751824817516,0.8760000000000001,3106.9226277372263,0.0,0.0,2024-06
KARET SEAL ORING BLENDER PHILIP 1741,0.44,1760.0,0.11,440.0,0.24200000000000002,968.0000000000001,0.0,0.0,2024-06
KIPAS IMPELLER JET DAB 255 IMPELAR GADING MESIN POMPA AIR SPAREPARTS,0.51,11345.314285714287,0.25,5561.428571428572,0.354,7874.982857142857,0.0,0.0,2024-06
KIPAS PENDINGIN GP 125 NATIONAL NASIONAL PANASONIC FAN POMPA AIR,0.39,1965.0967741935485,0.14,705.4193548387098,0.24000000000000005,1209.2903225806454,1.0,5000.0,2024-06
KLEP TABOK KARET SEDOT PLENES POMPA AIR PLENNES PLANES OVAL PACKING,1.03,2836.038167938931,0.47,1294.1145038167938,0.694,1910.8839694656488,0.0,0.0,2024-06
KNOP KOMPOR GAS HITACHI TODACHI TOMBOL PUTARAN CETEKAN PEMANTIK,0.52,1417.764705882353,0.19,518.0294117647059,0.322,877.9235294117648,0.0,0.0,2024-06
KNOP KOMPOR GAS RINNAI TOMBOL PUTARAN CETEKAN SWITCH PEMANTIK,2.97,8598.686746987953,0.43,1244.9277108433735,1.4460000000000002,4186.431325301205,0.0,0.0,2024-06
"Kabel Buntung AC Power listrik Colokan Gepeng Oval SNI Serbaguna 1,2m",1.02,6098.75,0.33,1973.1250000000002,0.6060000000000001,3623.375000000001,0.0,0.0,2024-06
Karet seal Oring sil blender Mounting gelas Nasional Miyako Gmc sanex,3.26,11682.037172557171,3.61,12936.243617463617,3.4699999999999998,12434.561039501039,9.0,30900.0,2024-06
LAMPU GOSOKAN BAJU SETERIKA SETRIKA INDIKATOR RESISTOR 1 PCS,2.23,1827.8483146067415,4.03,3303.241573033708,3.31,2713.0842696629215,0.0,0.0,2024-06
"LEHER KIPAS ANGIN COSMOS DINDING WALL FAN PLAT 12"" 16""",1.37,8545.119402985076,0.54,3368.1492537313434,0.8720000000000001,5438.937313432836,0.0,0.0,2024-06
"LEHER KIPAS ANGINCOSMOS TIANG BERDIRI STAND FAN PLAT 12"" 16"" SPAREPART",0.83,5107.09375,0.22,1353.6875,0.464,2855.05,0.0,0.0,2024-06
LEM KOREA HANDSOME SEBAGUNA MULTIFUNGSI EPOTEC BESI POWERGLUE ( 1pcs),2.98,7671.061818181817,2.97,7645.32,2.974,7655.616727272727,0.0,0.0,2024-06
LEM PIPA ISARPLAS TUBE 45GR FOX FITING PVC,0.17,1605.3409090909092,0.29,2738.522727272727,0.242,2285.25,0.0,0.0,2024-06
LIS KIPAS ANGIN MULTI RING GAWANG PENGIKAT KIPAS ANGIN,0.83,7734.3703703703695,0.33,3075.1111111111113,0.53,4938.814814814815,0.0,0.0,2024-06
"Leher kipas angin COSMOS Dinding wall fan kipas angin COSMOS 12"" 16""",0.71,4271.36986111111,0.9,5414.4125,0.8240000000000001,4957.195444444445,0.0,0.0,2024-06
"Leher kipas angin COSMOS tiang berdiri stand fan leher Cosmos 12"" 16"".",1.23,7393.872180451127,0.92,5530.375939849624,1.044,6275.774436090225,0.0,0.0,2024-06
MOUNTING PISAU BLENDER JUS PHILIP HR 2061 2115 2116 2071 MANGKOK GELAS,0.34,12410.0,0.14,5110.000000000001,0.22000000000000003,8030.000000000001,0.0,0.0,2024-06
MOUNTING PISAU BLENDER NATIONAL MIYAKO LAMA MANGKOK JUS JUICE GELAS,0.27,7619.586206896552,0.28,7901.793103448276,0.276,7788.910344827586,0.0,0.0,2024-06
NITTO ISOLASI LISTRIK 3/4 INCH 25 METER HITAM ISOLASI KABEL.,0.86,6819.989010989011,1.14,9040.450549450548,1.028,8152.265934065935,0.0,0.0,2024-06
ORING KARET TUTUP IMPELLE SHIMIZU 4 BAUT PS 128 130 135 SEMI JETPAM,0.58,1025.086956521739,0.81,1431.5869565217392,0.718,1268.986956521739,0.0,0.0,2024-06
OTOMATIS MAGIC COM RICE COOKER KAKI PIN 3 ELEMENT THERMOSTAT MTS PER.,0.79,6378.612903225807,0.48,3875.6129032258063,0.6040000000000001,4876.8129032258075,0.0,0.0,2024-06
OTOMATIS PER MAGIC COM RICE COOKER KAKI PIN 2 ELEMEN THERMOSTAT MTS,0.77,6283.538461538462,0.2,1632.0879120879122,0.42800000000000005,3492.668131868132,0.0,0.0,2024-06
OTOMATIS PM5 PRESSURE SWITCH JETPUMP POMPA AIR SAN-EI PM 5 SEMI,0.61,34485.333333333336,0.3,16960.0,0.424,23970.133333333335,0.0,0.0,2024-06
PINION KIPAS ANGIN MASPION / PEN STOP/ TARIKAN GEARBOX DINAMO,0.86,2860.1515151515155,0.59,1962.1969696969697,0.698,2321.378787878788,30.0,105000.0,2024-06
PINION PANASONIC NASIONAL PEN STOP TARIKAN GEARBOX KIPAS ANGIN GEAR,5.14,18314.494949494947,16.1,57366.41414141415,11.716000000000001,41745.64646464647,12.0,47000.0,2024-06
PISAU BLENDER MASPION JUS + SEAL PUTIH MOUNTING SPAREPART STAINLES,0.24,3209.142857142857,0.2,2674.285714285714,0.216,2888.2285714285713,0.0,0.0,2024-06
RADAR PELAMPUNG AIR OTOMATIS TOREN ST 70 AB ORIGINAL SHINTUNG POMPA,0.13,7263.34375,0.18,10056.9375,0.16,8939.5,0.0,0.0,2024-06
SEAL BLENDER JUS PHILIP BARU 2061 2071 2115 2116 KARET PISAU MOUNTING,0.45,1701.5625,0.35,1323.4375,0.39,1474.6875,0.0,0.0,2024-06
SEAL KARET PENGAMAN TABUNG GAS LPG ELPIJI REGULATOR SILIKON,12.17,7556.809375,10.21,6339.771875,10.994,6826.586875,20.0,12000.0,2024-06
SEAL PDL 255 PEDROLO SIL POMPA AIR MS 14 PDR KARET SPAREPARTS MACHANIC,7.57,50811.067567567574,8.89,59671.12162162163,8.362000000000002,56127.10000000001,0.0,0.0,2024-06
SEAL SANYO 100 101 PH 100 SIL POMPA AIR,0.27,1916.5645161290322,0.32,2271.483870967742,0.30000000000000004,2129.516129032258,0.0,0.0,2024-06
SEAL SHIMIZU SMZ 230 GOLSTAR GS 250 SIL POMPA AIR PS 226,1.67,13069.947368421052,0.65,5087.105263157895,1.058,8280.242105263158,0.0,0.0,2024-06
SEAL SIL POMPA AIR PANASONIC NATIONAL NASIONAL GP 200 MECHANICAL,0.79,5174.934065934066,0.33,2161.6813186813188,0.514,3366.982417582418,0.0,0.0,2024-06
SELANG PEMBUANGAN AIR MESIN CUCI MULTI 1-2 TABUNG PANJANG SAMPAI 2M,0.3,3791.25,0.37,4675.875,0.34199999999999997,4322.025,0.0,0.0,2024-06
SELANG PEMBUANGAN MESIN CUCI MULTI 1.2 METER,0.18,1535.1428571428573,0.32,2729.1428571428573,0.264,2251.5428571428574,0.0,0.0,2024-06
SINGER OIL MINYAK PELUMAS MESIN JAHIT RANTAI SEPEDA 80CC,1.32,9721.411764705883,0.92,6775.529411764706,1.08,7953.8823529411775,1.0,7700.0,2024-06
SNAP RING S12 RETAINER CIRCLIP POMPA AIR EXTERNAL EKSTERNAL RETAINING,2.51,2314.3676470588234,3.07,2830.7205882352937,2.846,2624.179411764706,0.0,0.0,2024-06
SPINER KIPAS ANGIN KUNCI MUR BALING MASPION FAN DINDING PLAFON DINAMO,0.73,2011.078431372549,0.75,2066.176470588235,0.742,2044.137254901961,0.0,0.0,2024-06
STIK MIXER PHILIPS GARPU STICK KOCOKAN PENGADUK ADONAN KUE SEPASANG,0.22,5608.450704225353,0.33,8412.676056338029,0.28600000000000003,7290.985915492959,0.0,0.0,2024-06
SWITCH EXHAUST SAKLAR TARIKAN FAN DINAMO MASPION HEXOS DINDING,0.33,2456.52,0.06,446.64,0.168,1250.592,7.0,53900.0,2024-06
SWITCH FAN KIPAS ANGIN MASPION LURUS 4 PIN SAKLAR ON OFF TIANG BERDIRI,0.31,2376.1081081081084,0.17,1303.027027027027,0.226,1732.2594594594595,0.0,0.0,2024-06
SYNCHRONOUS MOTOR ROTARY ROTARI SINKRONUS SWING DINAMO KIPAS ANGIN,2.68,33761.020833333336,0.28,3527.270833333334,1.24,15620.770833333334,0.0,0.0,2024-06
Siltip sealtape isolatip Hachi sealtape isolasi keranpipa air.,0.81,2336.538461538462,1.06,3057.692307692308,0.9600000000000001,2769.2307692307695,0.0,0.0,2024-06
Swit tembok kipas angin wall fan saklar tarikan DinamoDindingPlafon,0.66,3287.926829268293,0.99,4931.89024390244,0.858,4274.304878048781,3.0,15600.0,2024-06
Switch Micro 3 Pin Saklar Mikro Otomatis Rice Cooker Majic Com Jer lim,2.13,12694.8,0.73,4350.8,1.29,7688.400000000001,0.0,0.0,2024-06
Switch Micro Limid Tombol Pin 3 Magicom Rice Cooker Majic Com Jer,0.67,4020.0000000000005,0.68,4080.0000000000005,0.676,4056.0000000000005,0.0,0.0,2024-06
"T Kuningan Tebal Tee Jet Pump 3 Way 1"" Sambungan Otomatis Pompa Air",0.38,12137.2,0.33,10540.2,0.35000000000000003,11179.000000000002,0.0,0.0,2024-06
TABUNG ANGIN 2 LITER TANGKI PRESSURE TANK SPART PART POMPA AIR,0.12,7269.75,0.11,6663.9375,0.114,6906.2625,0.0,0.0,2024-06
TABUNG POMPA AIR PVC FIBER TENGKI OTOMATIS 2 LITER,0.59,16237.291666666664,0.19,5228.958333333333,0.35,9632.291666666666,0.0,0.0,2024-06
TALI PEMBUANGAN AIR DRAIN REM MESIN CUCI 2 TABUNG TARIKAN,0.72,3380.0727272727277,0.16,751.1272727272728,0.384,1802.7054545454548,0.0,0.0,2024-06
TERMOSTAT BIMETAL PENGATUR SUHU SAKLAR OTOMATIS DISPENSER MAGIC COM,2.13,9122.424242424242,1.35,5781.818181818182,1.662,7118.060606060605,0.0,0.0,2024-06
TIMAH SOLDER 0.8mm 10M 60/40 TIM TINOL TENOL KAWAT KWALITAS BAGUS,0.41,7132.749999999999,0.31,5393.05487804878,0.35,6088.932926829268,0.0,0.0,2024-06
"TUSEN KLEP 1/2"" INCH TUSSEN TOSSEN PVC PLASTIK FOOT VALVE",0.29,1691.1578947368419,0.24,1399.578947368421,0.26,1516.2105263157894,0.0,0.0,2024-06
"TUSEN KLEP 3/4"" INCH TUSSEN TOSSEN PVC PLASTIK FOOT VALVE",0.35,2350.0,0.19,1275.7142857142858,0.254,1705.4285714285716,0.0,0.0,2024-06
Tarikan pinion baut gearbox kipas angin cabutan Cosmos Miyako Multifan,1.14,2231.598305084746,0.31,606.8381355932204,0.6419999999999999,1256.7422033898304,0.0,0.0,2024-06
Tarikan pinion socket gerbox cabutan kipas angin CosmosMiyakoMaspion,1.63,3182.238430034129,3.08,6013.064027303754,2.5,4880.733788395904,4.0,8000.0,2024-06
Tutup sendok Blender Nasional National tutup gelas juice blender NS.,0.25,2034.6777777777777,0.25,2034.6777777777777,0.25,2034.6777777777777,0.0,0.0,2024-06
"WATERMUR 1/2 "" INCH POLOS WATERMOER SAMBUNGAN PIPA UNION SOCKET PVC",0.42,3360.0,0.44,3520.0,0.43200000000000005,3456.0000000000005,1.0,8000.0,2024-06
"WATERMUR 3/4 "" INCH POLOS WATERMOER SAMBUNGAN PIPA PVC UNION SOCKET",0.27,2160.0,0.3,2400.0,0.28800000000000003,2304.0000000000005,1.0,8000.0,2024-06
"WATERMUR 3/4""INCH DRAT LUAR WATER MUR UNION SOCKET SANYO PVC 1 × 3/4""",2.11,16880.0,2.85,22800.0,2.554,20432.0,0.0,0.0,2024-06
"WATERMUR1/2"" INCH DRAT LUAR WATERMOR UNION SOCKET SANYO PCV 1×1/2""",1.11,8880.0,0.6,4800.0,0.804,6432.0,0.0,0.0,2024-06
arang blender Philip,0.81,3699.8307692307694,0.52,2375.2,0.6360000000000001,2905.052307692308,2.0,9000.0,2024-06
bearing nkn 608 2RS ball laher.,0.42,2451.9005660377356,0.59,3444.336509433962,0.522,3047.3621320754714,0.0,0.0,2024-06
bos kipasangin dinamoNational boshing fanpanasonic KDK dindingportable,2.69,8081.279122807017,1.34,4025.6185964912283,1.8800000000000001,5647.882807017544,0.0,0.0,2024-06
carbon arang blender Philips brush karbon kaleng bulet,5.97,25715.93548387097,7.39,31832.62365591398,6.821999999999999,29385.948387096774,0.0,0.0,2024-06
drat besar kopel gear gigi karet pisau blender.,0.81,2213.221153846154,2.9,7923.878205128205,2.064,5639.615384615385,0.0,0.0,2024-06
gear konektor Miyako baru blender/ gigi lower mesin dinamo Blender.,4.61,14829.609427609428,5.25,16888.383838383837,4.994,16064.874074074072,0.0,0.0,2024-06
"kapasitas kipas angin 1,5uf mikro 450V capasitor kotak spareparts",0.86,2911.487387387387,0.42,1421.889189189189,0.5960000000000001,2017.7284684684687,2.0,7400.0,2024-06
"kapasitor 3 uf capasitor 3,0 mickro 450V kotak.spartparts kipas angin",1.27,7483.103896103897,0.77,4537.0,0.97,5715.441558441558,0.0,0.0,2024-06
"kapasitor 3,5uf mickro 450V kotak capasitor kipas angin spareparts",1.16,7573.677419354838,0.31,2024.0,0.6499999999999999,4243.870967741935,0.0,0.0,2024-06
kapasitor 4 uf mickro capasitor kipas angin 450V kotak spareparts,0.54,4802.625,1.33,11828.6875,1.014,9018.2625,0.0,0.0,2024-06
kapasitor kipas angin 2 uf mickro 450V capasitor kotak spareparts,1.33,6126.133461538462,0.5,2303.0576923076924,0.8320000000000001,3832.2880000000005,1.0,4900.0,2024-06
"kapasitor kipas angin 2,5uf mickro kotak 450V capasitor spareparts",1.67,8076.361445783133,1.11,5368.120481927712,1.334,6451.41686746988,1.0,5100.0,2024-06
konektor blender maspion conektor kecil gigi atas mesin gear ger lower,2.6,9051.774193548388,1.81,6301.427419354839,2.1260000000000003,7401.56612903226,0.0,0.0,2024-06
kopel Miyako baru pisau baut flange gigi blender gear upper konektor.,1.98,6274.8663594470045,3.74,11852.525345622122,3.0360000000000005,9621.461751152076,5.0,17500.0,2024-06
kopel gigi karet blender drat lobang kecil gear RRT pisau blender,0.59,1727.731343283582,1.02,2986.9253731343283,0.848,2483.24776119403,0.0,0.0,2024-06
oring seal AS kipas angin umum.,10.42,5159.805603112841,13.68,6774.101789883268,12.376000000000001,6128.383315175098,0.0,0.0,2024-06
seal 2 ply mounting bumbu blender Philip karet 2061-2071-2115-2116mill,0.45,1737.9310344827586,0.59,2278.620689655172,0.534,2062.344827586207,0.0,0.0,2024-06
seal pompa air Shimizu 100- 125/sil pompa air Shimizu simitsu 125.,4.69,27310.54385057472,3.34,19449.299885057473,3.8800000000000003,22593.79747126437,0.0,0.0,2024-06
seal pompa air Toyomoto 125 sil TM 125 marcanical seal Ty mekanik,1.05,6060.0,0.28,1616.0000000000002,0.5880000000000001,3393.6000000000004,0.0,0.0,2024-06
seal sil pompa air Panasonic National GP125 Nasional Spareparts pompa,1.83,10213.006829268294,5.82,32480.710243902442,4.224,23573.62887804878,0.0,0.0,2024-06
spiner AS kipas angin Cosmos Miyako/kunci mur baling kipas angin,1.33,4163.786666666667,1.28,4007.253333333333,1.3,4069.866666666667,0.0,0.0,2024-06
AS 6mm KIPAS ANGIN KECIL 7 IN 9 IN BATANG BESI,4.03,26998.72316384181,6.05,40531.581920903955,5.019825626864613,33629.99564031671,4.0,27600.0,2024-07
"AS DINAMO KIPAS ANGIN MODEL COSMOS,MIYAKO,UMUM-RRT.",6.4,41395.744680851065,6.01,38873.1914893617,6.2088950522390105,40159.66161448211,0.0,0.0,2024-07
AS EXHAUST FAN MASPION EXOS EXSOS EXAUST KIPAS ANGIN,5.73,32976.73469387755,2.4,13812.244897959185,4.09825775373309,23585.891562300643,6.0,36000.0,2024-07
AS EXHAUST PANASONIC NATIONAL DINAMO MASPION EXOSOS FAN KIPAS ANGIN,0.92,5582.766355140187,1.79,10862.121495327103,1.3463110373129763,8169.717350722574,2.0,12600.0,2024-07
AS Exhaust/Exaust/Exsos Maspion Panasonic National multi kipas angin.,2.11,12310.89090909091,0.78,4550.945454545455,1.4582831268663694,8508.419189298509,0.0,0.0,2024-07
AS FAN KIPAS ANGIN COSMOS MOYAKO DRAT KASAR DINAMO PLAFON DINDING PORT,8.41,53562.35555555556,12.18,77573.06666666667,10.257347828356231,65327.90861348657,0.0,0.0,2024-07
AS KIPAS ANGIN MIYAKO COSMOS SEKAI FAN DINAMO DRAT HALUS,16.64,106080.0,8.72,55590.00000000001,12.759099522392216,81339.25945525037,10.0,65000.0,2024-07
AS KIPAS ANGIN MIYAKO COSMOS SEKAI FAN DINAMO DRAT HALUS - KASAR - as drat halus,5.12,31855.094339622643,2.77,17234.103773584906,3.968470186568397,24690.623472092997,11.0,71500.0,2024-07
AS KIPAS ANGIN MIYAKO COSMOS SEKAI FAN DINAMO DRAT HALUS - KASAR - as drat kasar,8.32,51168.0,1.93,11869.5,5.188818932839173,31911.236436960917,15.0,97500.0,2024-07
AS KIPAS ANGIN REGENCY 10 CM DIAMETER 10 MM,2.57,21499.03846153846,7.33,61318.26923076923,4.902460388057204,41010.966707786225,0.0,0.0,2024-07
"AS fan kipas angin Maspion16""panjang20,5cm plafonportabledindingdinamo",8.61,55650.766423357665,3.51,22686.897810218976,6.110935298510137,39498.05260460384,0.0,0.0,2024-07
"AS fan kipas angindinding portable panasonic Nasional KDK pajang20,5cm",0.52,4750.909090909091,0.57,5207.727272727272,0.544500634328332,4974.755795454305,0.0,0.0,2024-07
"AS kipas angin model Maspion 18,5 cm.AS Maspion 12""/inci",8.96,57134.7104477612,3.34,21297.983582089553,6.206128701495485,39574.259638558564,5.0,32500.0,2024-07
"AS kipas angin model Maspion 20,5 cm.AS Maspion 16""/inci",10.91,70592.28686460808,15.48,100162.10821852731,13.149357977609544,85081.87446753764,53.0,344500.0,2024-07
Arang Mixer karbon carbon brush mixer blender umum,7.08,30979.783783783787,2.01,8795.108108108108,4.595635679107137,20109.011255336365,0.0,0.0,2024-07
Arang blender carbon brush bostel arang sepul blender plat kotak.,6.89,30826.94382022472,1.91,8545.640449438202,4.449736820898135,19908.822495299297,7.0,31500.0,2024-07
BEARING 629 NKN 2 RS BERING BUSHING BALL LAHER BANTALAN,0.88,6044.5,1.83,12569.8125,1.3455120522383077,9241.985908811876,2.0,13800.0,2024-07
"BOS KIPAS ANGIN BOSHING BOSSING BOSING BREKET KUPING 7 "" 9 "" IN AS 6MM",1.52,9429.477477477478,1.43,8871.153153153153,1.4758988582090025,9155.891475339811,8.0,52000.0,2024-07
BOSHING BOSSING BOSING KIPAS ANGIN REGENCY 10MM BULET BOS MESIN CUCI,9.52,33042.333333333336,9.09,31549.875,9.309294544776346,32311.009815827903,18.0,63000.0,2024-07
BOSHING BOSSING BOSING KIPAS ANGIN REGENCY 10MM GUCI BOS MESIN CUCI,3.99,13838.650000000001,1.45,5029.083333333333,2.7453677761207356,9521.85057017875,0.0,0.0,2024-07
"BOSHING BOSSING BOSING KIPAS ANGIN REGENCY BOS MESIN CUCI 12 "" GUCI",1.76,8259.428571428572,0.94,4411.285714285715,1.3581895970153555,6373.789751707775,0.0,0.0,2024-07
Bos kipas angin boshing Maspion Gentong guci Dinamofandindingportable,3.2,7278.933333333333,9.69,22041.519999999997,6.380182335817491,14512.788086539518,20.0,46000.0,2024-07
Bos mesin cuci bulet 10mm boshing fan kipasangin dinamo regenci umum,2.6,8241.315789473685,3.37,10682.013157894738,2.977309768656313,9437.288464069814,0.0,0.0,2024-07
CASING COVER TUTUP IMPELLER CAP SHIMIZU GOLDSTAR 130 PS 128 130 135,0.97,22424.868421052633,0.65,15026.973684210527,0.8131959402986753,18799.80614611543,1.0,23500.0,2024-07
ELEMEN BODY SAMPING MAGIC COM PEMANAS RICE COOKER KABEL SABUK HEATER,11.29,128741.28124999999,11.47,130793.84375000001,11.378202283581995,129747.06291497094,0.0,0.0,2024-07
ELEMEN TUTUP ATAS MAGIC COM JAR PEMANAS TOP HEATER RICE COOKER KOTAK,16.04,146368.40793201132,11.54,105304.95184135975,13.834942910450122,126246.79349331991,0.0,0.0,2024-07
FUSE KIPAS ANGIN SEIRING THERMAL 2A THERMOFUSE KOTAK 250V,11.47,12959.087719298246,11.5,12992.982456140351,11.484700380597,12975.696570358716,10.0,13000.0,2024-07
GEAR GIGI MIXER MASPION BARU MT 1150 ADONAN MESIN (SEPASANG),1.11,8695.0,0.76,5953.333333333333,0.9384955597016762,7351.548550996463,0.0,0.0,2024-07
GEAR GIGI MIXER MASPION SEPASANG,1.21,9523.708333333332,0.74,5824.416666666666,0.9796940373136793,7711.008485356418,2.0,15800.0,2024-07
GEAR GIGI MIXER MIYAKO HM 620 625 650 GRIGI SESET SEPASANG,5.97,45205.44840764331,9.08,68754.68535031847,7.4939394552222485,56744.87326851792,3.0,23400.0,2024-07
GEAR GIGI MIXER MIYAKO HM 625 HM 620 628 650 GRIGI,6.63,25755.0,3.77,14645.0,5.228563716419411,20310.959052244638,8.0,32000.0,2024-07
GEAR GIGI MIXER PHILIP SESET SEPASANG.,2.07,15938.999999999998,3.15,24255.0,2.5992137014919705,20013.94550148817,0.0,0.0,2024-07
GEAR KOPEL BLENDER PHILIP BARU 2061 2071 2115 2116 PLASTIK GIGI BAGUS,5.2,16404.528301886792,1.35,4258.867924528302,3.313451156718438,10453.000630251374,0.0,0.0,2024-07
GEAR KOPEL BLENDER PHILIP BARU 2061 2071 2115 2116 PLASTIK GIGI PISAU,1.85,5221.4655172413795,1.05,2963.534482758621,1.4579898507466886,4115.050664952292,0.0,0.0,2024-07
GEAR KOPEL BLENDER PHILIP LAMA 2815 COPEL BAUT UPPER MOUNTING PISAU,1.48,4066.584615384615,3.37,9259.723076923077,2.4061239776109486,6611.288344635622,0.0,0.0,2024-07
GEARBOX KIPAS ANGIN COSMOS / SEKAI / MIYAKO / RRT KOTAK GEARBOK GIRBOK,1.51,12536.20751633987,9.59,79617.37091503268,5.469302507458447,45406.828611349054,3.0,26700.0,2024-07
GEARBOX WALLFAN MIYAKO TARIK WALL FAN GEAR BOX KIPAS ANGIN DINDING,1.49,22113.952631578948,0.96,14247.915789473684,1.230293276119681,18259.494785946783,0.0,0.0,2024-07
Gear Kopel Maspion Upper Blender Mounting Baut Pisau Flange gigi Spare,3.87,11272.696137931036,6.57,19137.367862068968,5.193034253729927,15126.485058440549,0.0,0.0,2024-07
Gear Kopel Maspion Upper Blender Mounting Baut Pisau Flange gigi putih,1.89,5925.5,2.05,6427.12962962963,1.9684020298506621,6171.304882476243,0.0,0.0,2024-07
Gear box kipas angin Maspion bintang girbok/gear bok kipas angin12 16,0.52,6532.100342857143,1.44,18088.893257142856,0.9708116716413083,12195.075486880589,0.0,0.0,2024-07
"Gear box/girbox/gearbox/gear bok kipas angin Cosmos Miyako,umum.rrt",3.31,21939.44333996024,1.06,7025.924453280319,2.207471455225061,14631.629884135893,6.0,41400.0,2024-07
"Gigi konektor Miyako lama gear lower panasonic,nasional drat besar POM",8.75,30059.52380952381,9.77,33563.60544217687,9.249812940297971,31776.56826428895,3.0,10800.0,2024-07
Gigi konektor blender Miyako drat lubang kecil gear lower National,2.27,8035.8,0.69,2442.6,1.4957799552247095,5295.061041495472,3.0,10800.0,2024-07
Gigi konektor blender Miyako drat lubang kecil gear lower National RRT,7.24,24794.93995876289,19.04,65206.58243298969,13.022149701486345,44597.15745612928,0.0,0.0,2024-07
IMPELLER JET DAB 370 KIPAS IMPELAR GADING MESIN POMPA AIR SPAREPARTS,1.33,31315.958333333332,0.6,14127.499999999998,0.9722907388063532,22893.395687477925,0.0,0.0,2024-07
IMPELLER KUNINGAN NATIONAL PANASONIC GP 125 129 POMPA AIR KIPAS SANEI,1.32,35267.541401273884,1.02,27252.191082802547,1.1729961940300082,31339.918057946976,0.0,0.0,2024-07
IMPELLER KUNINGAN POMPA AIR SHIMIZU PS 105 130 135 KIPAS GOLSTAR SANEI,2.72,75236.03053435114,1.44,39830.83969465648,2.0927837611947013,57887.03785258778,2.0,59600.0,2024-07
IMPELLER KUNINGAN PS 226 230 SHIMIZU POMPA AIR KIPAS BIT SPAREPARTS.,0.53,25715.600000000002,0.47,22804.399999999998,0.5005992388060017,24289.0750668672,0.0,0.0,2024-07
IMPELLER KUNINGAN SANYO SY 136 PWH IMPELER KIPAS POMPA AIR,0.48,12910.628571428571,0.09,2420.7428571428572,0.2888950522390106,7770.451490794417,0.0,0.0,2024-07
KABEL TIES 10CM CABLE TIES KABEL TIS CABLE TIE 2.5 × 100MM ISI 100PCS,0.95,4603.252032520325,0.75,3634.146341463415,0.851997462686672,4128.377949278509,0.0,0.0,2024-07
"KAPASITOR 1,5UF, 2UF, 2,5UF, 3UF, 3,5UF MIKRO CAPASITOR KIPAS ANGIN - 1,5UF",23.11,82441.61753958587,14.57,51976.38976857491,18.925291656720898,67513.2694326482,0.0,0.0,2024-07
"KAPASITOR 1,5UF, 2UF, 2,5UF, 3UF, 3,5UF MIKRO CAPASITOR KIPAS ANGIN - 2,5UF",15.27,75594.04695222406,12.92,63960.385502471174,14.118470186568397,69893.4052506239,32.0,166400.0,2024-07
"KAPASITOR 1,5UF, 2UF, 2,5UF, 3UF, 3,5UF MIKRO CAPASITOR KIPAS ANGIN - 2UF",31.67,151781.6003289474,19.84,95085.15789473685,25.873149917916656,123999.62425298906,38.0,186200.0,2024-07
"KAPASITOR 1,5UF, 2UF, 2,5UF, 3UF, 3,5UF MIKRO CAPASITOR KIPAS ANGIN - 3,5UF",5.95,39437.01754385965,3.62,23993.61403508772,4.80827044029973,31869.55390079365,2.0,13600.0,2024-07
"KAPASITOR 1,5UF, 2UF, 2,5UF, 3UF, 3,5UF MIKRO CAPASITOR KIPAS ANGIN - 3UF",7.21,41241.596153846156,5.41,30945.497252747253,6.327977164180049,36196.37707016286,2.0,11600.0,2024-07
"KAPASITOR 1.5UF 1,5UF 1.5 UF 1,5 UF 450V MIKRO CAPASITOR KIPAS ANGIN",38.48,135269.83941605838,23.01,80887.70802919709,30.899503738814083,108621.9051139625,0.0,0.0,2024-07
KAPASITOR 10 UF 450V KOTAK KABEL SAN EI CAPACITOR PETAK POMPA AIR,1.77,24939.3,0.67,9440.300000000001,1.2309860447766965,17344.593370903654,0.0,0.0,2024-07
KAPASITOR 100UF 100 MFD UF 250V 250 VAC CAPASITOR STARTING AC MOTOR,3.0,89769.23076923077,0.6,17953.846153846152,1.8239695522400652,54578.78121702964,3.0,93000.0,2024-07
KAPASITOR 12 UF 450V KOTAK KABEL SAN EI CAPACITOR PETAK POMPA AIR,0.85,13271.486486486487,0.48,7494.486486486486,0.6686953059703433,10440.683196191008,0.0,0.0,2024-07
KAPASITOR 150UF 150 MFD UF 250V 250 VAC CAPASITOR STARTING AC MOTOR,3.48,125280.0,0.76,27360.0,2.1471654925387402,77297.95773139465,0.0,0.0,2024-07
KAPASITOR 200UF 200 MFD UF 250V 250 VAC CAPASITOR STARTING AC MOTOR,0.69,30243.789473684206,0.91,39886.73684210527,0.7978027910446607,34968.95602010492,3.0,132000.0,2024-07
KAPASITOR 250UF 250 MFD UF 250V 250 VAC CAPASITOR STARTING AC MOTOR,0.75,41250.0,0.56,30800.000000000004,0.6568975895523386,36129.36742537862,0.0,0.0,2024-07
KAPASITOR 2UF 2 UF 400V 400 V 450V 450 V VOLT CAPASITOR KIPAS ANGIN,3.24,15085.44,2.54,11826.24,2.8969911194033524,13488.390651942009,4.0,19600.0,2024-07
KAPASITOR 3 UF 450V 3UF 450 V 400 VOLT CAPASITOR 3 MICKO KIPAS ANGIN,2.13,12584.541176470588,0.74,4372.094117647059,1.448882365672371,8560.337929890173,0.0,0.0,2024-07
KAPASITOR 300UF 300 MFD UF 250V 250 VAC CAPASITOR STARTING AC MOTOR,0.95,58900.0,0.61,37820.0,0.7833956865673426,48570.53256717524,0.0,0.0,2024-07
KAPASITOR 30UF 450 VAC CAPASITOR BULET CONDENSATOR SPAREPARTS DINAMO,2.27,69477.8155737705,1.13,34585.87295081967,1.711385537314031,52380.32102956932,2.0,66000.0,2024-07
KAPASITOR 35 UF 450VAC CAPASITOR BULET CONDENSATOR SPAREPARTS,1.61,58803.93464052288,1.22,44559.50326797385,1.4188950522390107,51823.98255504601,4.0,152000.0,2024-07
KAPASITOR 4 UF 450V 4UF 450 V POMPA AIR CAPASITOR,3.01,27880.809090909086,7.27,67340.02727272727,5.097454044773884,47216.326602001,2.0,19800.0,2024-07
KAPASITOR 40UF 450VAC CAPASITOR 40 UF 450 VAC BULET CONDENSATOR,2.73,108839.13793103448,0.73,29103.505747126437,1.7499746268667211,69767.6665895083,2.0,80000.0,2024-07
KAPASITOR 5 UF 450 V KOTAK CAPACITOR PETAK POMPA AIR SAN EI,4.17,40787.06785714286,5.43,53111.21785714286,4.787415985073966,46826.05770829311,0.0,0.0,2024-07
KAPASITOR 50 UF 50UF 450VAC 450 VAC CAPASITOR BULET CONDENSATOR,2.83,135460.34461538462,2.07,99082.30153846153,2.457590358209354,117634.64199522459,7.0,338000.0,2024-07
KAPASITOR 500UF 500 MFD UF 250V 250 VAC CAPASITOR STARTING AC MOTOR,0.71,63190.0,0.07,6230.000000000001,0.39639188059735064,35278.87737316421,0.0,0.0,2024-07
KAPASITOR 6 UF 450V KOTAK KABEL CAPACITOR PETAK SAN EI POMPA AIR.,3.47,42122.41463414635,0.52,6312.29268292683,2.0244625746284135,24575.00057055028,10.0,139000.0,2024-07
KAPASITOR 8 UF 450V KOTAK KABEL SAN EI CAPACITOR PETAK POMPA AIR,1.65,22127.470588235294,1.05,14081.117647058823,1.3559923880600162,18184.65556646603,0.0,0.0,2024-07
KAPASITOR POMPA AIR 10UF 450VAC CAPASITOR BULET CONDENSATOR SPAREPART,1.63,23451.799145299145,2.83,40716.92735042735,2.2180152238799673,31911.93100101148,3.0,49200.0,2024-07
KAPASITOR POMPA AIR 12UF 450VAC CAPASITOR BULET CONDENSATOR SPAREPARTS,3.55,55500.811518324605,0.8,12507.225130890052,2.2024651119417413,34433.4087474829,2.0,33800.0,2024-07
KAPASITOR POMPA AIR 14 UF 450VAC CAPASITOR BULET CONDENSATOR SPAREPART,3.05,51046.3492063492,2.62,43849.6507936508,2.8392945447763447,47519.87568273298,0.0,0.0,2024-07
KAPASITOR POMPA AIR 16UF 450VAC CAPASITOR BULET CONDENSATOR SPAREPARTS,2.13,39078.74320241692,3.1,56875.166163142,2.6053123059696404,47799.216228678044,0.0,0.0,2024-07
KAPASITOR POMPA AIR 20UF 450VAC CAPASITOR BULET CONDENSATOR SPAREPARTS,3.95,94141.38043478261,2.68,63873.139130434785,3.327683888060368,79309.5581955918,3.0,74700.0,2024-07
KAPASITOR POMPA AIR 20UF 450VAC CAPASITOR KOTAK 20 UF 450V CONDENSATOR,1.17,27826.169491525423,0.32,7610.576271186441,0.7534892164183564,17920.272347088776,0.0,0.0,2024-07
KAPASITOR POMPA AIR 25UF 450VAC CAPASITOR BULET CONDENSATOR SPAREPARTS,1.31,35550.05531914894,1.75,47490.53191489362,1.5256055820893213,41401.040334715864,4.0,120000.0,2024-07
KAPASITOR POMPA AIR 6 UF 450VAC CAPASITOR BULET CONDENSATOR SPAREPARTS,3.47,40633.4132231405,2.33,27284.10743801653,2.9113855373140307,34092.08403157232,1.0,13900.0,2024-07
KAPASITOR POMPA AIR 8UF 450VAC CAPASITOR BULET CONDENSATOR SPAREPARTS,2.09,28707.404,1.79,24586.724000000002,1.942996194030008,26688.21852271858,3.0,47700.0,2024-07
KARET SEAL ORING BLENDER BUMBU CHOPPER GELAS NATIONAL MIYAKO PAKING,2.09,7412.635036496349,2.02,7164.364963503649,2.055699111940335,7290.9795510351,0.0,0.0,2024-07
KARET SEAL ORING BLENDER PHILIP 1741,1.03,4120.0,0.26,1040.0,0.6526902313436875,2610.76092537475,0.0,0.0,2024-07
KIPAS IMPELLER JET DAB 255 IMPELAR GADING MESIN POMPA AIR SPAREPARTS,1.2,26694.85714285714,0.58,12902.514285714286,0.8961921343286834,19936.434165380368,0.0,0.0,2024-07
KIPAS PENDINGIN GP 125 NATIONAL NASIONAL PANASONIC FAN POMPA AIR,0.91,4585.225806451614,0.32,1612.3870967741937,0.6208925149256828,3128.497123593279,0.0,0.0,2024-07
KLEP TABOK KARET SEDOT PLENES POMPA AIR PLENNES PLANES OVAL PACKING,2.4,6608.24427480916,1.09,3001.2442748091603,1.7580833805977023,4840.768514363292,0.0,0.0,2024-07
KNOP KOMPOR GAS HITACHI TODACHI TOMBOL PUTARAN CETEKAN PEMANTIK,1.21,3299.029411764706,0.45,1226.9117647058824,0.8375903582093539,2283.665476647268,0.0,0.0,2024-07
KNOP KOMPOR GAS RINNAI TOMBOL PUTARAN CETEKAN SWITCH PEMANTIK,6.93,20063.602409638555,1.0,2895.1807228915663,4.024224768659828,11650.857974806706,1.0,2900.0,2024-07
"Kabel Buntung AC Power listrik Colokan Gepeng Oval SNI Serbaguna 1,2m",2.39,14290.208333333334,0.78,4663.75,1.6010795746277104,9573.121623294852,0.0,0.0,2024-07
Karet seal Oring sil blender Mounting gelas Nasional Miyako Gmc sanex,7.6,27234.197089397087,8.42,30172.623617463618,8.001810402984644,28674.06336669365,2.0,7800.0,2024-07
LAMPU GOSOKAN BAJU SETERIKA SETRIKA INDIKATOR RESISTOR 1 PCS,5.21,4270.443820224719,9.4,7704.831460674158,7.263153156714219,5953.337334632611,0.0,0.0,2024-07
"LEHER KIPAS ANGIN COSMOS DINDING WALL FAN PLAT 12"" 16""",3.2,19959.40298507463,1.27,7921.388059701493,2.254275514926386,14060.622950563233,0.0,0.0,2024-07
"LEHER KIPAS ANGINCOSMOS TIANG BERDIRI STAND FAN PLAT 12"" 16"" SPAREPART",1.93,11875.53125,0.51,3138.09375,1.234181985075372,7594.076026916898,0.0,0.0,2024-07
LEM KOREA HANDSOME SEBAGUNA MULTIFUNGSI EPOTEC BESI POWERGLUE ( 1pcs),6.95,17890.563636363637,6.93,17839.079999999998,6.940199746268667,17865.33600139487,1.0,2800.0,2024-07
LEM PIPA ISARPLAS TUBE 45GR FOX FITING PVC,0.4,3777.2727272727275,0.69,6515.795454545454,0.5421036791043254,5119.183606087437,0.0,0.0,2024-07
LIS KIPAS ANGIN MULTI RING GAWANG PENGIKAT KIPAS ANGIN,1.95,18171.11111111111,0.78,7268.444444444444,1.3766851567170317,12828.666127037228,13.0,122200.0,2024-07
"Leher kipas angin COSMOS Dinding wall fan kipas angin COSMOS 12"" 16""",1.67,10046.743194444443,2.09,12573.469027777777,1.8758053283579885,11284.87090825344,10.0,67000.0,2024-07
"Leher kipas angin COSMOS tiang berdiri stand fan leher Cosmos 12"" 16"".",2.87,17252.36842105263,2.15,12924.24812030075,2.5171908656720197,15131.534564697591,0.0,0.0,2024-07
MOUNTING PISAU BLENDER JUS PHILIP HR 2061 2115 2116 2071 MANGKOK GELAS,0.79,28835.0,0.34,12410.0,0.5694942910450123,20786.541623142948,0.0,0.0,2024-07
MOUNTING PISAU BLENDER NATIONAL MIYAKO LAMA MANGKOK JUS JUICE GELAS,0.64,18061.241379310344,0.65,18343.44827586207,0.6449001268656664,18199.52633885729,0.0,0.0,2024-07
NITTO ISOLASI LISTRIK 3/4 INCH 25 METER HITAM ISOLASI KABEL.,2.0,15860.439560439561,2.67,21173.686813186814,2.3283084999996486,18463.99812115106,0.0,0.0,2024-07
ORING KARET TUTUP IMPELLE SHIMIZU 4 BAUT PS 128 130 135 SEMI JETPAM,1.35,2385.9782608695655,1.88,3322.6956521739125,1.6097067238803189,2844.9816663363026,1.0,1800.0,2024-07
OTOMATIS MAGIC COM RICE COOKER KAKI PIN 3 ELEMENT THERMOSTAT MTS PER.,1.85,14937.258064516129,1.13,9123.838709677419,1.4971908656720196,12088.608828313114,3.0,23700.0,2024-07
OTOMATIS PER MAGIC COM RICE COOKER KAKI PIN 2 ELEMEN THERMOSTAT MTS,1.79,14607.186813186814,0.48,3917.010989010989,1.1480833805977022,9368.865037712678,0.0,0.0,2024-07
OTOMATIS PM5 PRESSURE SWITCH JETPUMP POMPA AIR SAN-EI PM 5 SEMI,1.43,80842.66666666667,0.71,40138.666666666664,1.0771908656720195,60897.19027265817,0.0,0.0,2024-07
PINION KIPAS ANGIN MASPION / PEN STOP/ TARIKAN GEARBOX DINAMO,2.01,6684.772727272727,1.38,4589.545454545454,1.701292007463017,5658.084782395943,0.0,0.0,2024-07
PINION PANASONIC NASIONAL PEN STOP TARIKAN GEARBOX KIPAS ANGIN GEAR,12.0,42757.57575757576,37.58,133902.47474747474,24.53452452237464,87419.73257846115,0.0,0.0,2024-07
PISAU BLENDER MASPION JUS + SEAL PUTIH MOUNTING SPAREPART STAINLES,0.56,7488.0,0.47,6284.5714285714275,0.5158988582090024,6898.304732623232,0.0,0.0,2024-07
RADAR PELAMPUNG AIR OTOMATIS TOREN ST 70 AB ORIGINAL SHINTUNG POMPA,0.29,16202.843749999998,0.43,24024.90625,0.35860177611932953,20035.753610117164,0.0,0.0,2024-07
SEAL BLENDER JUS PHILIP BARU 2061 2071 2115 2116 KARET PISAU MOUNTING,1.04,3932.5,0.82,3100.625,0.9321972089553392,3524.8706963623763,0.0,0.0,2024-07
SEAL KARET PENGAMAN TABUNG GAS LPG ELPIJI REGULATOR SILIKON,28.4,17634.625,23.81,14784.521874999999,26.15084176865912,16238.038310726772,30.0,18000.0,2024-07
SEAL PDL 255 PEDROLO SIL POMPA AIR MS 14 PDR KARET SPAREPARTS MACHANIC,17.65,118469.66216216216,20.74,139210.24324324325,19.164139201490915,128632.81001865592,0.0,0.0,2024-07
SEAL SANYO 100 101 PH 100 SIL POMPA AIR,0.63,4471.9838709677415,0.75,5323.790322580645,0.6888015223879967,4889.379838757377,0.0,0.0,2024-07
SEAL SHIMIZU SMZ 230 GOLSTAR GS 250 SIL POMPA AIR PS 226,3.89,30444.368421052633,1.52,11896.0,2.7286699328370645,21355.432579624816,0.0,0.0,2024-07
SEAL SIL POMPA AIR PANASONIC NATIONAL NASIONAL GP 200 MECHANICAL,1.85,12118.516483516485,0.78,5109.428571428572,1.3256864253736957,8683.974485332528,1.0,7500.0,2024-07
SELANG PEMBUANGAN AIR MESIN CUCI MULTI 1-2 TABUNG PANJANG SAMPAI 2M,0.69,8719.875,0.87,10994.625,0.7782022835819951,9834.531358767463,0.0,0.0,2024-07
SELANG PEMBUANGAN MESIN CUCI MULTI 1.2 METER,0.43,3667.2857142857147,0.75,6396.4285714285725,0.5868040597013247,5004.60033773844,0.0,0.0,2024-07
SINGER OIL MINYAK PELUMAS MESIN JAHIT RANTAI SEPEDA 80CC,3.08,22683.29411764706,2.16,15907.764705882355,2.629188328358692,19363.198747676954,2.0,15400.0,2024-07
SNAP RING S12 RETAINER CIRCLIP POMPA AIR EXTERNAL EKSTERNAL RETAINING,5.87,5412.485294117647,7.17,6611.161764705882,6.507016492536632,5999.851971794806,0.0,0.0,2024-07
SPINER KIPAS ANGIN KUNCI MUR BALING MASPION FAN DINDING PLAFON DINAMO,1.69,4655.78431372549,1.75,4821.078431372549,1.7194007611939983,4736.780528387388,0.0,0.0,2024-07
STIK MIXER PHILIPS GARPU STICK KOCOKAN PENGADUK ADONAN KUE SEPASANG,0.52,13256.338028169015,0.77,19629.577464788734,0.6425031716416598,16379.306206639498,0.0,0.0,2024-07
SWITCH EXHAUST SAKLAR TARIKAN FAN DINAMO MASPION HEXOS DINDING,0.77,5731.88,0.13,967.72,0.4563918805973507,3397.3811591666786,0.0,0.0,2024-07
SWITCH FAN KIPAS ANGIN MASPION LURUS 4 PIN SAKLAR ON OFF TIANG BERDIRI,0.72,5518.7027027027025,0.39,2989.2972972972975,0.5582958134330089,4279.26196458382,5.0,43500.0,2024-07
SYNCHRONOUS MOTOR ROTARY ROTARI SINKRONUS SWING DINAMO KIPAS ANGIN,6.25,78733.72395833334,0.66,8314.28125,3.510829082092485,44227.30365029736,0.0,0.0,2024-07
Siltip sealtape isolatip Hachi sealtape isolasi keranpipa air.,1.89,5451.923076923077,2.47,7125.000000000001,2.174207358208651,6271.751994832648,4.0,11600.0,2024-07
Swit tembok kipas angin wall fan saklar tarikan DinamoDindingPlafon,1.53,7622.012195121952,2.31,11507.743902439026,1.912209895521979,9526.070028301567,0.0,0.0,2024-07
Switch Micro 3 Pin Saklar Mikro Otomatis Rice Cooker Majic Com Jer lim,4.96,29561.6,1.71,10191.6,3.3674587686584214,20070.05426120419,0.0,0.0,2024-07
Switch Micro Limid Tombol Pin 3 Magicom Rice Cooker Majic Com Jer,1.57,9420.0,1.59,9540.0,1.579800253731333,9478.801522387997,0.0,0.0,2024-07
"T Kuningan Tebal Tee Jet Pump 3 Way 1"" Sambungan Otomatis Pompa Air",0.88,28107.2,0.78,24913.2,0.830998731343336,26542.099479106153,0.0,0.0,2024-07
TABUNG ANGIN 2 LITER TANGKI PRESSURE TANK SPART PART POMPA AIR,0.28,16962.75,0.27,16356.937500000002,0.2750998731343336,16665.894189319348,0.0,0.0,2024-07
TABUNG POMPA AIR PVC FIBER TENGKI OTOMATIS 2 LITER,1.37,37703.54166666667,0.44,12109.166666666666,0.9142882014930254,25161.973211922636,0.0,0.0,2024-07
TALI PEMBUANGAN AIR DRAIN REM MESIN CUCI 2 TABUNG TARIKAN,1.68,7886.836363636364,0.37,1736.9818181818184,1.038083380597702,4873.329615824122,0.0,0.0,2024-07
TERMOSTAT BIMETAL PENGATUR SUHU SAKLAR OTOMATIS DISPENSER MAGIC COM,4.97,21285.656565656565,3.14,13448.080808080807,4.07327678358305,17445.145012517303,0.0,0.0,2024-07
TIMAH SOLDER 0.8mm 10M 60/40 TIM TINOL TENOL KAWAT KWALITAS BAGUS,0.96,16701.073170731706,0.72,12525.804878048779,0.8423969552240065,14655.138737497638,0.0,0.0,2024-07
"TUSEN KLEP 1/2"" INCH TUSSEN TOSSEN PVC PLASTIK FOOT VALVE",0.67,3907.157894736842,0.57,3323.9999999999995,0.620998731343336,3621.4031280442964,0.0,0.0,2024-07
"TUSEN KLEP 3/4"" INCH TUSSEN TOSSEN PVC PLASTIK FOOT VALVE",0.83,5572.857142857143,0.45,3021.4285714285716,0.643795179104677,4322.624773988546,0.0,0.0,2024-07
Tarikan pinion baut gearbox kipas angin cabutan Cosmos Miyako Multifan,2.67,5226.63813559322,0.73,1429.0059322033899,1.7193753880607194,3365.750177018183,0.0,0.0,2024-07
Tarikan pinion socket gerbox cabutan kipas angin CosmosMiyakoMaspion,3.81,7438.238293515358,7.19,14036.990375426622,5.466242880595241,10671.710529159902,0.0,0.0,2024-07
Tutup sendok Blender Nasional National tutup gelas juice blender NS.,0.57,4639.065333333333,0.59,4801.839555555555,0.5798002537313327,4718.826767268239,0.0,0.0,2024-07
"WATERMUR 1/2 "" INCH POLOS WATERMOER SAMBUNGAN PIPA UNION SOCKET PVC",0.97,7760.0,1.02,8160.0,0.994500634328332,7956.005074626656,0.0,0.0,2024-07
"WATERMUR 3/4 "" INCH POLOS WATERMOER SAMBUNGAN PIPA PVC UNION SOCKET",0.63,5040.0,0.69,5520.0,0.6594007611939984,5275.206089551987,0.0,0.0,2024-07
"WATERMUR 3/4""INCH DRAT LUAR WATER MUR UNION SOCKET SANYO PVC 1 × 3/4""",4.93,39440.0,6.64,53120.0,5.767921694028953,46143.37355223162,0.0,0.0,2024-07
"WATERMUR1/2"" INCH DRAT LUAR WATERMOR UNION SOCKET SANYO PCV 1×1/2""",2.6,20800.0,1.39,11120.0,2.007084649254366,16056.67719403493,0.0,0.0,2024-07
arang blender Philip,1.89,8632.93846153846,1.22,5572.584615384615,1.5616915000003515,7133.326251540067,0.0,0.0,2024-07
bearing nkn 608 2RS ball laher.,0.97,5662.722735849056,1.38,8056.244716981131,1.1709052014923222,6835.57887217989,0.0,0.0,2024-07
bos kipasangin dinamoNational boshing fanpanasonic KDK dindingportable,6.27,18836.289999999997,3.14,9433.165964912281,4.736260291046418,14228.639929447325,0.0,0.0,2024-07
carbon arang blender Philips brush karbon kaleng bulet,13.93,60003.84946236559,17.24,74261.76344086022,15.551941992535575,66990.40819580379,7.0,31500.0,2024-07
drat besar kopel gear gigi karet pisau blender.,1.89,5164.182692307692,6.77,18498.15705128205,4.281261910445201,11697.999290559403,3.0,10500.0,2024-07
gear konektor Miyako baru blender/ gigi lower mesin dinamo Blender.,10.76,34613.14478114478,12.24,39374.06060606061,11.485218776118627,36946.05393502941,0.0,0.0,2024-07
"kapasitas kipas angin 1,5uf mikro 450V capasitor kotak spareparts",2.01,6804.755405405404,0.98,3317.741441441441,1.5052869328363612,5096.074324828036,30.0,101000.0,2024-07
"kapasitor 3 uf capasitor 3,0 mickro 450V kotak.spartparts kipas angin",2.96,17440.935064935064,1.81,10664.896103896104,2.3964854104483644,14120.590009356143,0.0,0.0,2024-07
"kapasitor 3,5uf mickro 450V kotak capasitor kipas angin spareparts",2.71,17693.677419354837,0.73,4766.193548387097,1.7397748805980537,11359.046317195034,0.0,0.0,2024-07
kapasitor 4 uf mickro capasitor kipas angin 450V kotak spareparts,1.27,11295.0625,3.11,27659.5625,2.171623343282617,19313.875109319775,0.0,0.0,2024-07
kapasitor kipas angin 2 uf mickro 450V capasitor kotak spareparts,3.09,14232.896538461539,1.16,5343.093846153846,2.1442755149263855,9876.7804381565,0.0,0.0,2024-07
"kapasitor kipas angin 2,5uf mickro kotak 450V capasitor spareparts",3.91,18909.32530120482,2.59,12525.614457831325,3.263183253732036,15781.226000578787,5.0,25500.0,2024-07
konektor blender maspion conektor kecil gigi atas mesin gear ger lower,6.07,21132.411290322583,4.23,14726.540322580648,5.168376656717384,17993.453247620117,0.0,0.0,2024-07
kopel Miyako baru pisau baut flange gigi blender gear upper konektor.,4.63,14673.04608294931,8.73,27666.456221198157,6.639052014923222,21039.981892454838,3.0,10500.0,2024-07
kopel gigi karet blender drat lobang kecil gear RRT pisau blender,1.37,4011.8507462686566,2.39,6998.776119402985,1.8698129402979724,5475.482072932271,0.0,0.0,2024-07
oring seal AS kipas angin umum.,24.32,12042.847626459145,31.91,15801.285680933852,28.039196291040795,13884.52995482659,20.0,10000.0,2024-07
seal 2 ply mounting bumbu blender Philip karet 2061-2071-2115-2116mill,1.04,4016.551724137931,1.37,5291.034482758621,1.201704186566991,4641.064444672517,0.0,0.0,2024-07
seal pompa air Shimizu 100- 125/sil pompa air Shimizu simitsu 125.,10.93,63646.96040229886,7.79,45362.28925287357,9.391360164180751,54687.23956938144,0.0,0.0,2024-07
seal pompa air Toyomoto 125 sil TM 125 marcanical seal Ty mekanik,2.45,14140.000000000002,0.66,3809.1428571428573,1.5728772910457154,9077.748936892414,0.0,0.0,2024-07
seal sil pompa air Panasonic National GP125 Nasional Spareparts pompa,4.27,23830.34926829268,13.58,75788.32390243902,8.832018111935414,49290.41600733204,0.0,0.0,2024-07
spiner AS kipas angin Cosmos Miyako/kunci mur baling kipas angin,3.11,9736.373333333333,2.99,9360.693333333333,3.0511984776120036,9552.28536724398,0.0,0.0,2024-07
AS 6mm KIPAS ANGIN KECIL 7 IN 9 IN BATANG BESI,7.91,52992.53107344633,11.89,79656.28248587571,9.868147117080046,66111.01046007637,103.0,544700.0,2024-08
"AS DINAMO KIPAS ANGIN MODEL COSMOS,MIYAKO,UMUM-RRT.",12.57,81303.82978723405,11.81,76388.08510638298,12.196082460055068,78885.29931610086,0.0,0.0,2024-08
AS EXHAUST FAN MASPION EXOS EXSOS EXAUST KIPAS ANGIN,11.26,64802.448979591834,4.71,27106.5306122449,8.037421201790382,46256.17916132424,30.0,150000.0,2024-08
AS EXHAUST PANASONIC NATIONAL DINAMO MASPION EXOSOS FAN KIPAS ANGIN,1.81,10983.485981308411,3.52,21360.14953271028,2.6513144648760996,16088.770860224779,0.0,0.0,2024-08
AS Exhaust/Exaust/Exsos Maspion Panasonic National multi kipas angin.,4.14,24155.01818181818,1.52,8868.509090909092,2.850968480716153,16634.105190214792,0.0,0.0,2024-08
AS FAN KIPAS ANGIN COSMOS MOYAKO DRAT KASAR DINAMO PLAFON DINDING PORT,16.53,105277.73333333334,23.92,152343.82222222222,20.16585607920139,128434.09671775818,0.0,0.0,2024-08
AS KIPAS ANGIN MIYAKO COSMOS SEKAI FAN DINAMO DRAT HALUS,32.69,208398.75,17.12,109140.0,25.029610398759733,159563.7662920933,40.0,260000.0,2024-08
AS KIPAS ANGIN MIYAKO COSMOS SEKAI FAN DINAMO DRAT HALUS - KASAR - as drat halus,10.06,62590.28301886793,5.44,33846.03773584906,7.786974954545277,48448.207382288776,10.0,55000.0,2024-08
AS KIPAS ANGIN MIYAKO COSMOS SEKAI FAN DINAMO DRAT HALUS - KASAR - as drat kasar,16.34,100491.0,3.79,23308.5,10.165440623277755,62517.459833158195,20.0,110000.0,2024-08
AS KIPAS ANGIN REGENCY 10 CM DIAMETER 10 MM,5.05,42245.192307692305,14.4,120461.53846153847,9.650169734848847,80727.38143575477,32.0,272000.0,2024-08
"AS fan kipas angin Maspion16""panjang20,5cm plafonportabledindingdinamo",16.92,109362.48175182483,6.9,44598.175182481755,11.990192433883914,77498.65255623509,40.0,260000.0,2024-08
"AS fan kipas angindinding portable panasonic Nasional KDK pajang20,5cm",1.02,9319.090909090908,1.12,10232.727272727274,1.069199676308544,9768.597042637151,0.0,0.0,2024-08
"AS kipas angin model Maspion 18,5 cm.AS Maspion 12""/inci",17.6,112228.89552238808,6.56,41830.77014925373,12.168355735536768,77593.24571152315,0.0,0.0,2024-08
"AS kipas angin model Maspion 20,5 cm.AS Maspion 16""/inci",21.42,138596.4055581948,30.41,196765.48520190024,25.843050900138092,167215.40445455693,49.0,318500.0,2024-08
Arang Mixer karbon carbon brush mixer blender umum,13.91,60865.648648648654,3.95,17283.91891891892,9.009712239669039,39423.57869195723,12.0,54000.0,2024-08
Arang blender carbon brush bostel arang sepul blender plat kotak.,13.54,60580.089887640446,3.74,16733.34831460674,8.718431721762709,39007.63496186416,0.0,0.0,2024-08
BEARING 629 NKN 2 RS BERING BUSHING BALL LAHER BANTALAN,1.73,11882.9375,3.6,24727.5,2.6500339469697693,18202.4206732486,0.0,0.0,2024-08
"BOS KIPAS ANGIN BOSHING BOSSING BOSING BREKET KUPING 7 "" 9 "" IN AS 6MM",2.99,18548.774774774778,2.81,17432.126126126128,2.9014405826446215,17999.387254135912,14.0,91000.0,2024-08
BOSHING BOSSING BOSING KIPAS ANGIN REGENCY 10MM BULET BOS MESIN CUCI,18.7,64904.583333333336,17.86,61989.083333333336,18.28672271900823,63470.16677055774,17.0,59500.0,2024-08
BOSHING BOSSING BOSING KIPAS ANGIN REGENCY 10MM GUCI BOS MESIN CUCI,7.83,27157.050000000003,2.84,9850.066666666666,5.374936152203665,18642.07022122638,5.0,17500.0,2024-08
"BOSHING BOSSING BOSING KIPAS ANGIN REGENCY BOS MESIN CUCI 12 "" GUCI",3.46,16237.285714285716,1.84,8634.857142857143,2.6629652438015907,12496.915465554608,0.0,0.0,2024-08
Bos kipas angin boshing Maspion Gentong guci Dinamofandindingportable,6.29,14307.653333333332,19.04,43309.65333333333,12.562958729339336,28576.543456337207,0.0,0.0,2024-08
Bos mesin cuci bulet 10mm boshing fan kipasangin dinamo regenci umum,5.11,16197.355263157897,6.62,20983.657894736843,5.852915112259012,18552.200665042055,0.0,0.0,2024-08
CASING COVER TUTUP IMPELLER CAP SHIMIZU GOLDSTAR 130 PS 128 130 135,1.91,44156.18421052631,1.28,29591.578947368424,1.6000420392561743,36990.445565435504,0.0,0.0,2024-08
ELEMEN BODY SAMPING MAGIC COM PEMANAS RICE COOKER KABEL SABUK HEATER,22.18,252921.3125,22.53,256912.40625,22.352198867079906,254884.91770617056,4.0,47200.0,2024-08
ELEMEN TUTUP ATAS MAGIC COM JAR PEMANAS TOP HEATER RICE COOKER KOTAK,31.51,287535.4447592068,22.67,206868.56657223796,27.16074861432473,247847.60180301082,3.0,24000.0,2024-08
FUSE KIPAS ANGIN SEIRING THERMAL 2A THERMOFUSE KOTAK 250V,22.52,25443.64912280702,22.6,25534.0350877193,22.559359741046837,25488.118724972217,0.0,0.0,2024-08
GEAR GIGI MIXER MASPION BARU MT 1150 ADONAN MESIN (SEPASANG),2.17,16998.333333333332,1.5,11750.0,1.840362168732757,14416.170321739928,0.0,0.0,2024-08
GEAR GIGI MIXER MASPION SEPASANG,2.38,18732.583333333332,1.46,11491.416666666666,1.9273629779613972,15169.952772371164,0.0,0.0,2024-08
GEAR GIGI MIXER MIYAKO HM 620 625 650 GRIGI SESET SEPASANG,11.73,88820.75541401273,17.83,135010.57707006368,14.731180254821172,111545.99815628347,105.0,426800.0,2024-08
GEAR GIGI MIXER MIYAKO HM 625 HM 620 628 650 GRIGI,13.02,50577.692307692305,7.4,28746.153846153848,10.25497819145984,39836.64605144015,10.0,25000.0,2024-08
GEAR GIGI MIXER PHILIP SESET SEPASANG.,4.06,31261.999999999996,6.19,47663.0,5.107953105371983,39331.23891136427,0.0,0.0,2024-08
GEAR KOPEL BLENDER PHILIP BARU 2061 2071 2115 2116 PLASTIK GIGI BAGUS,10.21,32209.660377358494,2.65,8360.0,6.49050447107409,20475.70467101109,0.0,0.0,2024-08
GEAR KOPEL BLENDER PHILIP BARU 2061 2071 2115 2116 PLASTIK GIGI PISAU,3.64,10273.586206896553,2.06,5814.172413793104,2.8626451143250082,8079.569055431101,0.0,0.0,2024-08
GEAR KOPEL BLENDER PHILIP LAMA 2815 COPEL BAUT UPPER MOUNTING PISAU,2.91,7995.784615384616,6.62,18189.723076923077,4.735307991046976,13011.16934155369,0.0,0.0,2024-08
GEARBOX KIPAS ANGIN COSMOS / SEKAI / MIYAKO / RRT KOTAK GEARBOK GIRBOK,2.96,24574.287581699344,18.83,156328.99836601305,10.7679886301659,89397.17880883974,5.0,29000.0,2024-08
GEARBOX WALLFAN MIYAKO TARIK WALL FAN GEAR BOX KIPAS ANGIN DINDING,2.93,43485.826315789476,1.88,27902.168421052633,2.4134033987602903,35818.71707454812,0.0,0.0,2024-08
Gear Kopel Maspion Upper Blender Mounting Baut Pisau Flange gigi Spare,7.6,22137.59448275862,12.91,37604.782206896554,10.212502811983676,29747.400777069306,5.0,17500.0,2024-08
Gear Kopel Maspion Upper Blender Mounting Baut Pisau Flange gigi putih,3.72,11662.88888888889,4.03,12634.796296296297,3.8725189965564866,12141.064187352096,0.0,0.0,2024-08
Gear box kipas angin Maspion bintang girbok/gear bok kipas angin12 16,1.02,12812.966057142858,2.84,35675.31725714286,1.9154341088154974,24061.16884406534,0.0,0.0,2024-08
"Gear box/girbox/gearbox/gear bok kipas angin Cosmos Miyako,umum.rrt",6.5,43083.499005964215,2.09,13853.00198807157,4.330294274793219,28702.189089782485,0.0,0.0,2024-08
"Gigi konektor Miyako lama gear lower panasonic,nasional drat besar POM",17.18,59019.727891156464,19.19,65924.8299319728,18.168913493801732,62417.01574401275,2.0,7200.0,2024-08
Gigi konektor blender Miyako drat lubang kecil gear lower National,4.45,15753.0,1.36,4814.400000000001,2.929730002065997,10371.244207313628,3.0,10800.0,2024-08
Gigi konektor blender Miyako drat lubang kecil gear lower National RRT,14.22,48699.453896907224,37.41,128118.60550515464,25.629404935951307,87773.4194151566,6.0,21600.0,2024-08
IMPELLER JET DAB 370 KIPAS IMPELAR GADING MESIN POMPA AIR SPAREPARTS,2.62,61690.083333333336,1.18,27784.083333333332,1.9115246611569696,45008.441084158476,0.0,0.0,2024-08
IMPELLER KUNINGAN NATIONAL PANASONIC GP 125 129 POMPA AIR KIPAS SANEI,2.59,69199.19108280254,2.01,53702.847133757954,2.304641877410446,61575.04002021399,0.0,0.0,2024-08
IMPELLER KUNINGAN POMPA AIR SHIMIZU PS 105 130 135 KIPAS GOLSTAR SANEI,5.34,147706.03053435113,2.83,78278.6641221374,4.105088124655551,113547.99098999533,0.0,0.0,2024-08
IMPELLER KUNINGAN PS 226 230 SHIMIZU POMPA AIR KIPAS BIT SPAREPARTS.,1.05,50946.0,0.91,44153.200000000004,0.9811204531680389,47603.96438771325,0.0,0.0,2024-08
IMPELLER KUNINGAN SANYO SY 136 PWH IMPELER KIPAS POMPA AIR,0.94,25283.314285714285,0.17,4572.514285714286,0.5611624924242128,15093.667724804398,0.0,0.0,2024-08
KABEL TIES 10CM CABLE TIES KABEL TIS CABLE TIE 2.5 × 100MM ISI 100PCS,1.86,9012.68292682927,1.47,7122.926829268293,1.6681212623966795,8082.929043808301,2.0,11000.0,2024-08
"KAPASITOR 1,5UF, 2UF, 2,5UF, 3UF, 3,5UF MIKRO CAPASITOR KIPAS ANGIN - 1,5UF",45.39,161922.32886723508,28.62,102097.7539585871,37.139214283057214,132488.831659218,3.0,10800.0,2024-08
"KAPASITOR 1,5UF, 2UF, 2,5UF, 3UF, 3,5UF MIKRO CAPASITOR KIPAS ANGIN - 2,5UF",29.99,148465.32207578255,25.37,125594.03871499178,27.71697495454528,137212.72469466366,32.0,166150.0,2024-08
"KAPASITOR 1,5UF, 2UF, 2,5UF, 3UF, 3,5UF MIKRO CAPASITOR KIPAS ANGIN - 2UF",62.2,298099.6381578948,38.97,186767.5707236842,50.77091519352528,243324.6213526535,54.0,263000.0,2024-08
"KAPASITOR 1,5UF, 2UF, 2,5UF, 3UF, 3,5UF MIKRO CAPASITOR KIPAS ANGIN - 3,5UF",11.68,77415.85964912281,7.11,47125.57894736842,9.43157479269955,62513.13959091035,12.0,74400.0,2024-08
"KAPASITOR 1,5UF, 2UF, 2,5UF, 3UF, 3,5UF MIKRO CAPASITOR KIPAS ANGIN - 3UF",14.17,81053.17857142858,10.63,60804.184065934074,12.428331458677551,71090.73881899046,17.0,97400.0,2024-08
"KAPASITOR 1.5UF 1,5UF 1.5 UF 1,5 UF 450V MIKRO CAPASITOR KIPAS ANGIN",75.59,265723.6788321168,45.2,158892.8467153285,60.638218369833545,213163.2552329331,40.0,136000.0,2024-08
KAPASITOR 10 UF 450V KOTAK KABEL SAN EI CAPACITOR PETAK POMPA AIR,3.48,49033.2,1.32,18598.8,2.4172869917354545,34059.573713552556,0.0,0.0,2024-08
KAPASITOR 100UF 100 MFD UF 250V 250 VAC CAPASITOR STARTING AC MOTOR,5.89,176246.92307692306,1.18,35309.230769230766,3.5726952458675876,106906.03466480704,1.0,23000.0,2024-08
KAPASITOR 12 UF 450V KOTAK KABEL SAN EI CAPACITOR PETAK POMPA AIR,1.68,26230.7027027027,0.94,14676.702702702702,1.315922395316776,20546.172102013556,10.0,155000.0,2024-08
KAPASITOR 150UF 150 MFD UF 250V 250 VAC CAPASITOR STARTING AC MOTOR,6.84,246240.0,1.49,53640.0,4.207817317492907,151481.42342974464,0.0,0.0,2024-08
KAPASITOR 200UF 200 MFD UF 250V 250 VAC CAPASITOR STARTING AC MOTOR,1.36,59610.94736842105,1.78,78020.21052631579,1.566638640495884,68668.24525289328,0.0,0.0,2024-08
KAPASITOR 250UF 250 MFD UF 250V 250 VAC CAPASITOR STARTING AC MOTOR,1.47,80850.0,1.1,60500.00000000001,1.287961197658388,70837.86587121134,0.0,0.0,2024-08
KAPASITOR 2UF 2 UF 400V 400 V 450V 450 V VOLT CAPASITOR KIPAS ANGIN,6.36,29612.16,4.99,23233.440000000002,5.68596443457295,26473.850407371658,0.0,0.0,2024-08
KAPASITOR 3 UF 450V 3UF 450 V 400 VOLT CAPASITOR 3 MICKO KIPAS ANGIN,4.19,24755.505882352943,1.45,8566.941176470587,2.8419288691459004,16790.78444805966,1.0,6300.0,2024-08
KAPASITOR 300UF 300 MFD UF 250V 250 VAC CAPASITOR STARTING AC MOTOR,1.86,115320.0,1.21,75020.0,1.5402021039944656,95492.53044765687,0.0,0.0,2024-08
KAPASITOR 30UF 450 VAC CAPASITOR BULET CONDENSATOR SPAREPARTS DINAMO,4.45,136201.00409836066,2.21,67641.3975409836,3.347927250688619,102469.89959371998,0.0,0.0,2024-08
KAPASITOR 35 UF 450VAC CAPASITOR BULET CONDENSATOR SPAREPARTS,3.17,115781.66013071894,2.39,87292.79738562091,2.7862425247933587,101765.2318761454,1.0,34500.0,2024-08
KAPASITOR 4 UF 450V 4UF 450 V POMPA AIR CAPASITOR,5.92,54835.34545454545,14.27,132179.11818181816,10.028172971763407,92888.23128117941,9.0,76500.0,2024-08
KAPASITOR 40UF 450VAC CAPASITOR 40 UF 450 VAC BULET CONDENSATOR,5.37,214090.1724137931,1.44,57409.65517241379,3.436452721074229,137003.86509248233,1.0,40000.0,2024-08
KAPASITOR 5 UF 450 V KOTAK CAPACITOR PETAK POMPA AIR SAN EI,8.2,80204.78571428571,10.67,104364.03214285715,9.415232004821032,92091.0567557263,22.0,198000.0,2024-08
KAPASITOR 50 UF 50UF 450VAC 450 VAC CAPASITOR BULET CONDENSATOR,5.55,265655.44615384616,4.07,194813.99384615387,4.821844790633552,230801.68092619014,4.0,196000.0,2024-08
KAPASITOR 500UF 500 MFD UF 250V 250 VAC CAPASITOR STARTING AC MOTOR,1.39,123709.99999999999,0.14,12460.000000000002,0.7750040461432025,68975.36010674502,0.0,0.0,2024-08
KAPASITOR 6 UF 450V KOTAK KABEL CAPACITOR PETAK SAN EI POMPA AIR.,6.81,82666.75609756098,1.02,12381.804878048782,3.961338741735314,48086.78760394307,0.0,0.0,2024-08
KAPASITOR 8 UF 450V KOTAK KABEL SAN EI CAPACITOR PETAK POMPA AIR,3.25,43584.41176470588,2.07,27759.91764705882,2.6694438195591834,35798.811881358975,11.0,140800.0,2024-08
KAPASITOR POMPA AIR 10UF 450VAC CAPASITOR BULET CONDENSATOR SPAREPART,3.2,46040.34188034188,5.55,79851.21794871795,4.35619239325078,62675.18346306581,0.0,0.0,2024-08
KAPASITOR POMPA AIR 12UF 450VAC CAPASITOR BULET CONDENSATOR SPAREPARTS,6.97,108969.19895287958,1.58,24701.769633507854,4.31813744696949,67509.89649421777,11.0,170500.0,2024-08
KAPASITOR POMPA AIR 14 UF 450VAC CAPASITOR BULET CONDENSATOR SPAREPART,6.0,100419.04761904762,5.15,86193.01587301587,5.581802751377378,93419.88604844932,2.0,35800.0,2024-08
KAPASITOR POMPA AIR 16UF 450VAC CAPASITOR BULET CONDENSATOR SPAREPARTS,4.19,76873.20845921451,6.08,111548.71299093656,5.119873882231479,93933.44444717621,4.0,78600.0,2024-08
KAPASITOR POMPA AIR 20UF 450VAC CAPASITOR BULET CONDENSATOR SPAREPARTS,7.75,184707.77173913043,5.27,125601.28478260868,6.529848027548114,155627.5714791701,1.0,21800.0,2024-08
KAPASITOR POMPA AIR 20UF 450VAC CAPASITOR KOTAK 20 UF 450V CONDENSATOR,2.3,54701.01694915254,0.63,14983.322033898305,1.4783654056473186,35160.0396136325,0.0,0.0,2024-08
KAPASITOR POMPA AIR 25UF 450VAC CAPASITOR BULET CONDENSATOR SPAREPARTS,2.57,69743.23829787233,3.44,93352.8170212766,2.998037183884331,81359.07460759806,1.0,30000.0,2024-08
KAPASITOR POMPA AIR 6 UF 450VAC CAPASITOR BULET CONDENSATOR SPAREPARTS,6.81,79744.53719008264,4.58,53631.42148760331,5.712847218319474,66896.9687903873,4.0,52500.0,2024-08
KAPASITOR POMPA AIR 8UF 450VAC CAPASITOR BULET CONDENSATOR SPAREPARTS,4.11,56453.316000000006,3.52,48349.312,3.8197219097795925,52466.17226396857,0.0,0.0,2024-08
KARET SEAL ORING BLENDER BUMBU CHOPPER GELAS NATIONAL MIYAKO PAKING,4.11,14577.0,3.96,14044.992700729927,4.036200485537185,14315.254130821299,2.0,7800.0,2024-08
KARET SEAL ORING BLENDER PHILIP 1741,2.02,8080.0,0.51,2040.0,1.2770848877409888,5108.339550963955,6.0,24000.0,2024-08
KIPAS IMPELLER JET DAB 255 IMPELAR GADING MESIN POMPA AIR SPAREPARTS,2.36,52499.885714285716,1.14,25360.114285714284,1.759763949035766,39147.20602054992,0.0,0.0,2024-08
KIPAS PENDINGIN GP 125 NATIONAL NASIONAL PANASONIC FAN POMPA AIR,1.78,8968.903225806453,0.63,3174.3870967741937,1.2142037224517463,6118.020046676219,0.0,0.0,2024-08
KLEP TABOK KARET SEDOT PLENES POMPA AIR PLENNES PLANES OVAL PACKING,4.71,12968.679389312976,2.13,5864.816793893129,3.4406483512395702,9473.601986962694,5.0,14500.0,2024-08
KNOP KOMPOR GAS HITACHI TODACHI TOMBOL PUTARAN CETEKAN PEMANTIK,2.38,6489.0,0.89,2426.5588235294117,1.6469248230026974,4490.292090951472,0.0,0.0,2024-08
KNOP KOMPOR GAS RINNAI TOMBOL PUTARAN CETEKAN SWITCH PEMANTIK,13.62,39432.36144578313,1.97,5703.506024096386,7.888237710054648,22837.87375573653,0.0,0.0,2024-08
"Kabel Buntung AC Power listrik Colokan Gepeng Oval SNI Serbaguna 1,2m",4.69,28042.29166666667,1.53,9148.125,3.1352902286500166,18746.422825469894,0.0,0.0,2024-08
Karet seal Oring sil blender Mounting gelas Nasional Miyako Gmc sanex,14.93,53500.86349272349,16.54,59270.21313929313,15.722114788567556,56339.36484394388,10.0,39000.0,2024-08
LAMPU GOSOKAN BAJU SETERIKA SETRIKA INDIKATOR RESISTOR 1 PCS,10.24,8393.348314606741,18.46,15130.977528089888,14.284213392562304,11708.240078510338,35.0,28875.0,2024-08
"LEHER KIPAS ANGIN COSMOS DINDING WALL FAN PLAT 12"" 16""",6.29,39232.701492537315,2.49,15530.910447761196,4.420412300275336,27571.497019180042,0.0,0.0,2024-08
"LEHER KIPAS ANGINCOSMOS TIANG BERDIRI STAND FAN PLAT 12"" 16"" SPAREPART",3.8,23381.875,1.01,6214.65625,2.4273290309916282,14935.658943820363,0.0,0.0,2024-08
LEM KOREA HANDSOME SEBAGUNA MULTIFUNGSI EPOTEC BESI POWERGLUE ( 1pcs),13.65,35137.58181818182,13.61,35034.61454545454,13.630320129476583,35086.92225329627,3.0,8400.0,2024-08
LEM PIPA ISARPLAS TUBE 45GR FOX FITING PVC,0.79,7460.113636363637,1.35,12748.295454545456,1.0655181873278454,10061.881973516358,0.0,0.0,2024-08
LIS KIPAS ANGIN MULTI RING GAWANG PENGIKAT KIPAS ANGIN,3.82,35596.74074074074,1.52,14164.148148148148,2.688407444903493,25051.97456065625,5.0,47000.0,2024-08
"Leher kipas angin COSMOS Dinding wall fan kipas angin COSMOS 12"" 16""",3.27,19672.365416666667,4.11,24725.817083333335,3.6832772809917684,22158.64727907538,0.0,0.0,2024-08
"Leher kipas angin COSMOS tiang berdiri stand fan leher Cosmos 12"" 16"".",5.63,33843.496240601504,4.22,25367.5939849624,4.936284564049533,29673.379766598508,0.0,0.0,2024-08
MOUNTING PISAU BLENDER JUS PHILIP HR 2061 2115 2116 2071 MANGKOK GELAS,1.55,56575.0,0.66,24090.0,1.1121228808539603,40592.48515116955,0.0,0.0,2024-08
MOUNTING PISAU BLENDER NATIONAL MIYAKO LAMA MANGKOK JUS JUICE GELAS,1.26,35558.06896551724,1.27,35840.275862068964,1.2649199676308545,35696.913845141076,0.0,0.0,2024-08
NITTO ISOLASI LISTRIK 3/4 INCH 25 METER HITAM ISOLASI KABEL.,3.93,31165.76373626374,5.24,41554.35164835165,4.574515759641924,36276.9153620395,0.0,0.0,2024-08
ORING KARET TUTUP IMPELLE SHIMIZU 4 BAUT PS 128 130 135 SEMI JETPAM,2.65,4683.586956521739,3.69,6521.673913043478,3.161676633608856,5587.9197894,0.0,0.0,2024-08
OTOMATIS MAGIC COM RICE COOKER KAKI PIN 3 ELEMENT THERMOSTAT MTS PER.,3.64,29390.064516129034,2.22,17924.709677419356,2.9413645964186785,23749.14704785791,0.0,0.0,2024-08
OTOMATIS PER MAGIC COM RICE COOKER KAKI PIN 2 ELEMEN THERMOSTAT MTS,3.51,28643.142857142855,0.94,7670.813186813187,2.2455683188704243,18324.82454497997,0.0,0.0,2024-08
OTOMATIS PM5 PRESSURE SWITCH JETPUMP POMPA AIR SAN-EI PM 5 SEMI,2.8,158293.33333333334,1.39,78581.33333333333,2.1062845640495325,119075.28735426691,0.0,0.0,2024-08
PINION KIPAS ANGIN MASPION / PEN STOP/ TARIKAN GEARBOX DINAMO,3.95,13136.742424242426,2.7,8979.545454545456,3.3350040461432036,11091.414971642927,15.0,52500.0,2024-08
PINION PANASONIC NASIONAL PEN STOP TARIKAN GEARBOX KIPAS ANGIN GEAR,23.57,83983.00505050505,73.81,262994.72222222225,48.28791737741241,172056.19045335584,5.0,22500.0,2024-08
PISAU BLENDER MASPION JUS + SEAL PUTIH MOUNTING SPAREPART STAINLES,1.1,14708.57142857143,0.92,12301.714285714286,1.0114405826446213,13524.405505076651,0.0,0.0,2024-08
RADAR PELAMPUNG AIR OTOMATIS TOREN ST 70 AB ORIGINAL SHINTUNG POMPA,0.58,32405.687499999996,0.84,46932.375,0.707919158402214,39552.7707283537,0.0,0.0,2024-08
SEAL BLENDER JUS PHILIP BARU 2061 2071 2115 2116 KARET PISAU MOUNTING,2.04,7713.75,1.62,6125.625,1.8333613595041163,6932.397640624939,0.0,0.0,2024-08
SEAL KARET PENGAMAN TABUNG GAS LPG ELPIJI REGULATOR SILIKON,55.79,34642.103125,46.78,29047.45625,51.35710916460021,31889.554971893944,34.0,20400.0,2024-08
SEAL PDL 255 PEDROLO SIL POMPA AIR MS 14 PDR KARET SPAREPARTS MACHANIC,34.68,232777.7837837838,40.73,273386.36486486485,37.6565804166669,252757.07422916824,50.0,300000.0,2024-08
SEAL SANYO 100 101 PH 100 SIL POMPA AIR,1.23,8731.016129032258,1.47,10434.629032258064,1.3480792231405054,9569.188162969942,0.0,0.0,2024-08
SEAL SHIMIZU SMZ 230 GOLSTAR GS 250 SIL POMPA AIR PS 226,7.65,59871.31578947369,2.99,23400.684210526317,5.35729508402186,41927.88310495003,0.0,0.0,2024-08
SEAL SIL POMPA AIR PANASONIC NATIONAL NASIONAL GP 200 MECHANICAL,3.64,23844.0,1.53,10022.34065934066,2.601886829889726,17043.788343925997,25.0,112500.0,2024-08
SELANG PEMBUANGAN AIR MESIN CUCI MULTI 1-2 TABUNG PANJANG SAMPAI 2M,1.36,17187.0,1.71,21610.125,1.5321988670799036,19363.16318272228,0.0,0.0,2024-08
SELANG PEMBUANGAN MESIN CUCI MULTI 1.2 METER,0.84,7164.0,1.47,12537.000000000002,1.149957960743826,9807.49860805806,0.0,0.0,2024-08
SINGER OIL MINYAK PELUMAS MESIN JAHIT RANTAI SEPEDA 80CC,6.05,44556.470588235294,4.24,31226.352941176472,5.1594858588153585,37998.095854334286,1.0,7700.0,2024-08
SNAP RING S12 RETAINER CIRCLIP POMPA AIR EXTERNAL EKSTERNAL RETAINING,11.52,10622.117647058823,14.09,12991.80882352941,12.784431681129576,11787.998035394476,0.0,0.0,2024-08
SPINER KIPAS ANGIN KUNCI MUR BALING MASPION FAN DINDING PLAFON DINAMO,3.33,9173.823529411766,3.44,9476.86274509804,3.384119643939399,9322.917842617364,0.0,0.0,2024-08
STIK MIXER PHILIPS GARPU STICK KOCOKAN PENGADUK ADONAN KUE SEPASANG,1.02,26002.816901408452,1.52,38749.29577464789,1.2659983815427192,32274.04324777918,0.0,0.0,2024-08
SWITCH EXHAUST SAKLAR TARIKAN FAN DINAMO MASPION HEXOS DINDING,1.52,11314.880000000001,0.26,1935.44,0.9000840785123483,6700.225880445921,0.0,0.0,2024-08
SWITCH FAN KIPAS ANGIN MASPION LURUS 4 PIN SAKLAR ON OFF TIANG BERDIRI,1.41,10807.459459459458,0.76,5825.2972972972975,1.0902021039944654,8356.25180250893,0.0,0.0,2024-08
SYNCHRONOUS MOTOR ROTARY ROTARI SINKRONUS SWING DINAMO KIPAS ANGIN,12.28,154696.02083333334,1.3,16376.614583333334,6.877875541321892,86643.32068643365,0.0,0.0,2024-08
Siltip sealtape isolatip Hachi sealtape isolasi keranpipa air.,3.72,10730.769230769232,4.84,13961.538461538461,4.271036374655691,12320.297234583724,0.0,0.0,2024-08
Swit tembok kipas angin wall fan saklar tarikan DinamoDindingPlafon,3.01,14994.939024390244,4.54,22616.951219512197,3.7627550475207205,18744.94435258798,1.0,5200.0,2024-08
Switch Micro 3 Pin Saklar Mikro Otomatis Rice Cooker Majic Com Jer lim,9.74,58050.4,3.36,20025.6,6.601060651514906,39342.32148302884,0.0,0.0,2024-08
Switch Micro Limid Tombol Pin 3 Magicom Rice Cooker Majic Com Jer,3.09,18540.0,3.12,18720.0,3.104759902892564,18628.559417355384,0.0,0.0,2024-08
"T Kuningan Tebal Tee Jet Pump 3 Way 1"" Sambungan Otomatis Pompa Air",1.73,55256.2,1.53,48868.200000000004,1.6316006473829126,52113.32467741023,0.0,0.0,2024-08
TABUNG ANGIN 2 LITER TANGKI PRESSURE TANK SPART PART POMPA AIR,0.55,33319.6875,0.52,31502.25,0.5352400971074369,32425.51413288991,0.0,0.0,2024-08
TABUNG POMPA AIR PVC FIBER TENGKI OTOMATIS 2 LITER,2.7,74306.25,0.87,23943.125,1.7996459235536488,49527.755521132705,0.0,0.0,2024-08
TALI PEMBUANGAN AIR DRAIN REM MESIN CUCI 2 TABUNG TARIKAN,3.3,15492.0,0.73,3427.0181818181823,2.0355683188704243,9556.067998769884,0.0,0.0,2024-08
TERMOSTAT BIMETAL PENGATUR SUHU SAKLAR OTOMATIS DISPENSER MAGIC COM,9.77,41843.23232323232,6.17,26425.050505050505,7.998811652892424,34257.53677602411,0.0,0.0,2024-08
TIMAH SOLDER 0.8mm 10M 60/40 TIM TINOL TENOL KAWAT KWALITAS BAGUS,1.89,32880.237804878045,1.41,24529.70121951219,1.6538415537189899,28771.80083485152,1.0,17900.0,2024-08
"TUSEN KLEP 1/2"" INCH TUSSEN TOSSEN PVC PLASTIK FOOT VALVE",1.31,7639.368421052632,1.12,6531.368421052632,1.216520615013767,7094.236007553967,0.0,0.0,2024-08
"TUSEN KLEP 3/4"" INCH TUSSEN TOSSEN PVC PLASTIK FOOT VALVE",1.62,10877.142857142859,0.88,5908.571428571429,1.2559223953167762,8432.621797126927,0.0,0.0,2024-08
Tarikan pinion baut gearbox kipas angin cabutan Cosmos Miyako Multifan,5.24,10257.522033898305,1.44,2818.8610169491526,3.370412300275336,6597.72489186949,7.0,14000.0,2024-08
Tarikan pinion socket gerbox cabutan kipas angin CosmosMiyakoMaspion,7.49,14622.67843003413,14.12,27566.384436860066,10.751938539256454,20990.93988772203,5.0,10000.0,2024-08
Tutup sendok Blender Nasional National tutup gelas juice blender NS.,1.13,9196.743555555555,1.16,9440.904888888888,1.1447599028925632,9316.87014122618,2.0,19000.0,2024-08
"WATERMUR 1/2 "" INCH POLOS WATERMOER SAMBUNGAN PIPA UNION SOCKET PVC",1.91,15280.0,2.01,16079.999999999998,1.9591996763085437,15673.59741046835,0.0,0.0,2024-08
"WATERMUR 3/4 "" INCH POLOS WATERMOER SAMBUNGAN PIPA PVC UNION SOCKET",1.23,9840.0,1.35,10800.0,1.289039611570253,10312.316892562023,0.0,0.0,2024-08
"WATERMUR 3/4""INCH DRAT LUAR WATER MUR UNION SOCKET SANYO PVC 1 × 3/4""",9.69,77520.0,13.04,104320.0,11.338189156336217,90705.51325068974,0.0,0.0,2024-08
"WATERMUR1/2"" INCH DRAT LUAR WATERMOR UNION SOCKET SANYO PCV 1×1/2""",5.11,40880.0,2.74,21920.0,3.943967671487513,31551.741371900105,0.0,0.0,2024-08
arang blender Philip,3.72,16991.815384615384,2.4,10962.461538461537,3.070564272727222,14025.392808810959,0.0,0.0,2024-08
bearing nkn 608 2RS ball laher.,1.91,11150.30971698113,2.71,15820.59650943396,2.3035974104683508,13448.075701548598,0.0,0.0,2024-08
bos kipasangin dinamoNational boshing fanpanasonic KDK dindingportable,12.31,36981.61561403509,6.16,18505.828771929824,9.284219907024557,27891.58829226277,10.0,32000.0,2024-08
carbon arang blender Philips brush karbon kaleng bulet,27.37,117897.01075268819,33.87,145895.93548387097,30.56797896005535,131672.39109030296,0.0,0.0,2024-08
drat besar kopel gear gigi karet pisau blender.,3.72,10164.423076923078,13.29,36313.22115384615,8.428409022727642,23029.54708934396,0.0,0.0,2024-08
gear konektor Miyako baru blender/ gigi lower mesin dinamo Blender.,21.14,68003.89225589225,24.04,77332.7138047138,22.56679061294777,72593.64226131413,2.0,7000.0,2024-08
"kapasitas kipas angin 1,5uf mikro 450V capasitor kotak spareparts",3.95,13372.529279279279,1.93,6533.919369369369,2.956166538567416,10007.955339599606,15.0,55500.0,2024-08
"kapasitor 3 uf capasitor 3,0 mickro 450V kotak.spartparts kipas angin",5.81,34233.72727272727,3.55,20917.33766233766,4.6980873154269105,27682.10668843103,0.0,0.0,2024-08
"kapasitor 3,5uf mickro 450V kotak capasitor kipas angin spareparts",5.32,34734.45161290323,1.44,9401.806451612903,3.4110525592285006,22270.872193156403,0.0,0.0,2024-08
kapasitor 4 uf mickro capasitor kipas angin 450V kotak spareparts,2.49,22145.437500000004,6.1,54251.875,4.266108314738432,37941.70082420493,1.0,9900.0,2024-08
kapasitor kipas angin 2 uf mickro 450V capasitor kotak spareparts,6.08,28005.18153846154,2.27,10455.881923076924,4.205492332644482,19370.98293327579,0.0,0.0,2024-08
"kapasitor kipas angin 2,5uf mickro kotak 450V capasitor spareparts",7.67,37093.22891566265,5.08,24567.614457831325,6.395728383608716,30930.66714675348,12.0,61200.0,2024-08
konektor blender maspion conektor kecil gigi atas mesin gear ger lower,11.92,41498.903225806454,8.32,28965.67741935484,10.148811652892425,35332.59669801339,0.0,0.0,2024-08
kopel Miyako baru pisau baut flange gigi blender gear upper konektor.,9.09,28807.341013824884,17.15,54350.48387096774,13.05549391046863,41374.4846185681,0.0,0.0,2024-08
kopel gigi karet blender drat lobang kecil gear RRT pisau blender,2.7,7906.567164179105,4.69,13734.0,3.679073558540022,10773.64525650078,11.0,38500.0,2024-08
oring seal AS kipas angin umum.,47.77,23654.886147859925,62.68,31038.06287937743,55.105671737603885,27287.38520105426,0.0,0.0,2024-08
seal 2 ply mounting bumbu blender Philip karet 2061-2071-2115-2116mill,2.04,7878.620689655173,2.69,10388.965517241379,2.359797896005535,9113.70221905586,0.0,0.0,2024-08
seal pompa air Shimizu 100- 125/sil pompa air Shimizu simitsu 125.,21.48,125081.12620689656,15.3,89094.09827586208,18.439460004131995,107375.62495176235,22.0,116000.0,2024-08
seal pompa air Toyomoto 125 sil TM 125 marcanical seal Ty mekanik,4.82,27818.285714285717,1.31,7560.571428571429,3.093091361570113,17851.555858204654,0.0,0.0,2024-08
seal sil pompa air Panasonic National GP125 Nasional Spareparts pompa,8.38,46767.758048780495,26.67,148842.01756097563,17.378620796832664,96987.96332312348,1.0,4500.0,2024-08
spiner AS kipas angin Cosmos Miyako/kunci mur baling kipas angin,6.1,19097.066666666666,5.87,18377.013333333332,5.986840744490349,18742.802757417787,0.0,0.0,2024-08
AS 6mm KIPAS ANGIN KECIL 7 IN 9 IN BATANG BESI,38.95,260942.9943502825,16.21,108597.84180790962,28.165297027743097,188691.57748868794,6.0,30000.0,2024-09
"AS DINAMO KIPAS ANGIN MODEL COSMOS,MIYAKO,UMUM-RRT.",22.86,147860.4255319149,21.48,138934.46808510637,22.20551934469153,143627.1889528984,0.0,0.0,2024-09
AS EXHAUST FAN MASPION EXOS EXSOS EXAUST KIPAS ANGIN,23.1,132942.85714285716,6.6,37983.67346938775,15.274687816963988,87907.38702824173,16.0,72000.0,2024-09
AS EXHAUST PANASONIC NATIONAL DINAMO MASPION EXOSOS FAN KIPAS ANGIN,3.29,19964.457943925234,6.4,38836.63551401869,4.764952781166182,28914.80225057198,4.0,18000.0,2024-09
AS Exhaust/Exaust/Exsos Maspion Panasonic National multi kipas angin.,7.52,43875.78181818182,2.77,16161.69090909091,5.267258613974481,30732.0598040802,0.0,0.0,2024-09
AS FAN KIPAS ANGIN COSMOS MOYAKO DRAT KASAR DINAMO PLAFON DINDING PORT,30.05,191385.11111111112,43.5,277046.6666666667,36.428815082535415,232011.07561454776,0.0,0.0,2024-09
AS KIPAS ANGIN MIYAKO COSMOS SEKAI FAN DINAMO DRAT HALUS,56.81,362163.75,22.2,141525.0,40.395814869401434,257523.31979243414,52.0,286000.0,2024-09
AS KIPAS ANGIN MIYAKO COSMOS SEKAI FAN DINAMO DRAT HALUS - KASAR - as drat halus,13.9,86481.60377358491,6.48,40316.60377358491,10.380980824355927,64587.328808139,38.0,209000.0,2024-09
AS KIPAS ANGIN MIYAKO COSMOS SEKAI FAN DINAMO DRAT HALUS - KASAR - as drat kasar,24.86,152889.0,13.76,84624.0,19.59569907686668,120513.54932273008,10.0,50000.0,2024-09
AS KIPAS ANGIN REGENCY 10 CM DIAMETER 10 MM,14.62,122301.92307692306,13.24,110757.69230769231,13.965519344691533,116826.94067193878,12.0,102000.0,2024-09
"AS fan kipas angin Maspion16""panjang20,5cm plafonportabledindingdinamo",32.1,207478.4671532847,6.26,40461.53284671533,19.84508686002118,128268.79134707121,0.0,0.0,2024-09
"AS fan kipas angindinding portable panasonic Nasional KDK pajang20,5cm",1.86,16993.636363636364,2.04,18638.181818181816,1.9453670419967564,17773.580701879455,1.0,13000.0,2024-09
"AS kipas angin model Maspion 18,5 cm.AS Maspion 12""/inci",32.0,204052.53731343284,11.93,76073.33656716418,22.48157481736165,143356.94950888812,19.0,104500.0,2024-09
"AS kipas angin model Maspion 20,5 cm.AS Maspion 16""/inci",40.19,260046.1969833729,39.93,258363.887672209,40.06669205044913,259248.34270771922,111.0,721500.0,2024-09
Arang Mixer karbon carbon brush mixer blender umum,21.1,92326.75675675676,11.92,52158.05405405405,16.74628085816542,73276.2938091076,3.0,13500.0,2024-09
Arang blender carbon brush bostel arang sepul blender plat kotak.,24.62,110153.75280898876,6.81,30469.011235955055,16.17340545576537,72362.36014028954,8.0,36000.0,2024-09
BEARING 629 NKN 2 RS BERING BUSHING BALL LAHER BANTALAN,3.14,21567.875,6.54,44921.625,4.752488571049844,32643.65587239862,2.0,15000.0,2024-09
"BOS KIPAS ANGIN BOSHING BOSSING BOSING BREKET KUPING 7 "" 9 "" IN AS 6MM",7.67,47581.639639639645,7.79,48326.07207207208,7.726911361331171,47934.69516587968,4.0,26000.0,2024-09
BOSHING BOSSING BOSING KIPAS ANGIN REGENCY 10MM BULET BOS MESIN CUCI,26.05,90415.20833333334,23.74,82397.58333333333,24.954456294374957,86612.75872172642,12.0,42000.0,2024-09
BOSHING BOSSING BOSING KIPAS ANGIN REGENCY 10MM GUCI BOS MESIN CUCI,10.19,35342.316666666666,4.71,16335.85,7.5910478325431905,26328.2842325373,0.0,0.0,2024-09
"BOSHING BOSSING BOSING KIPAS ANGIN REGENCY BOS MESIN CUCI 12 "" GUCI",6.29,29518.07142857143,3.35,15721.07142857143,4.895671647386311,22974.687659520045,0.0,0.0,2024-09
Bos kipas angin boshing Maspion Gentong guci Dinamofandindingportable,11.43,25999.44,34.62,78748.95999999999,22.42812057724879,51016.49827304858,0.0,0.0,2024-09
Bos mesin cuci bulet 10mm boshing fan kipasangin dinamo regenci umum,9.29,29446.855263157893,12.03,38131.93421052631,10.589476083728403,33565.85248118648,0.0,0.0,2024-09
CASING COVER TUTUP IMPELLER CAP SHIMIZU GOLDSTAR 130 PS 128 130 135,3.48,80452.1052631579,2.32,53634.73684210526,2.929856840465347,67733.66406181072,1.0,23500.0,2024-09
ELEMEN BODY SAMPING MAGIC COM PEMANAS RICE COOKER KABEL SABUK HEATER,31.24,356233.625,24.59,280402.84375,28.08616205956427,320270.0167354688,17.0,183000.0,2024-09
ELEMEN TUTUP ATAS MAGIC COM JAR PEMANAS TOP HEATER RICE COOKER KOTAK,43.29,395030.44759206794,30.98,282699.0821529745,37.45184285011071,341756.02319766744,54.0,432000.0,2024-09
FUSE KIPAS ANGIN SEIRING THERMAL 2A THERMOFUSE KOTAK 250V,40.95,46266.31578947369,41.09,46424.49122807018,41.016396588219706,46341.332285637705,30.0,39000.0,2024-09
GEAR GIGI MIXER MASPION BARU MT 1150 ADONAN MESIN (SEPASANG),3.95,30941.666666666668,2.72,21306.666666666668,3.3666585463554974,26372.158613118063,0.0,0.0,2024-09
GEAR GIGI MIXER MASPION SEPASANG,4.33,34080.708333333336,2.66,20936.416666666668,3.5379835548078704,27846.878895966947,0.0,0.0,2024-09
GEAR GIGI MIXER MIYAKO HM 620 625 650 GRIGI SESET SEPASANG,44.43,336428.48789808917,16.83,127438.47515923565,31.34038689383067,237312.6034848648,105.0,513200.0,2024-09
GEAR GIGI MIXER MIYAKO HM 625 HM 620 628 650 GRIGI,21.48,83441.53846153847,7.17,27852.69230769231,14.693320161257859,57077.897549501686,3.0,7500.0,2024-09
GEAR GIGI MIXER PHILIP SESET SEPASANG.,7.38,56826.0,11.26,86702.0,9.220134016374528,70995.03192608387,3.0,23700.0,2024-09
GEAR KOPEL BLENDER PHILIP BARU 2061 2071 2115 2116 PLASTIK GIGI BAGUS,18.57,58583.09433962264,4.82,15205.735849056604,12.048906514136657,38010.88998421979,3.0,10500.0,2024-09
GEAR KOPEL BLENDER PHILIP BARU 2061 2071 2115 2116 PLASTIK GIGI PISAU,6.62,18684.37931034483,3.75,10584.051724137931,5.25886994149616,14842.707059015886,3.0,10500.0,2024-09
GEAR KOPEL BLENDER PHILIP LAMA 2815 COPEL BAUT UPPER MOUNTING PISAU,5.29,14535.292307692307,12.05,33109.69230769231,8.496006688322632,23344.412223606494,3.0,10500.0,2024-09
GEARBOX KIPAS ANGIN COSMOS / SEKAI / MIYAKO / RRT KOTAK GEARBOK GIRBOK,4.9,40680.40849673203,14.68,121875.18300653594,9.538275948490435,79187.95141615203,15.0,87000.0,2024-09
GEARBOX WALLFAN MIYAKO TARIK WALL FAN GEAR BOX KIPAS ANGIN DINDING,5.33,79105.61578947368,3.42,50758.200000000004,4.424160832145528,65661.53226614303,7.0,105000.0,2024-09
Gear Kopel Maspion Upper Blender Mounting Baut Pisau Flange gigi Spare,11.81,34400.656689655174,17.62,51324.265103448284,14.565458411117529,42426.86996852705,3.0,10500.0,2024-09
Gear Kopel Maspion Upper Blender Mounting Baut Pisau Flange gigi putih,6.76,21193.85185185185,7.33,22980.90740740741,7.0303289663230615,22041.383222194338,3.0,10500.0,2024-09
Gear box kipas angin Maspion bintang girbok/gear bok kipas angin12 16,1.86,23364.820457142858,5.16,64818.534171428575,3.4250624366072024,43024.71445474814,2.0,29400.0,2024-09
"Gear box/girbox/gearbox/gear bok kipas angin Cosmos Miyako,umum.rrt",11.81,78279.40357852883,3.79,25120.994035785287,8.006424017700072,53068.42480121677,3.0,20700.0,2024-09
"Gigi konektor Miyako lama gear lower panasonic,nasional drat besar POM",20.19,69360.20408163266,13.39,45999.659863945584,16.965022857900312,58281.200974419444,5.0,14000.0,2024-09
Gigi konektor blender Miyako drat lubang kecil gear lower National,6.0,21240.0,2.44,8637.6,4.311629613841927,15263.16883300042,3.0,8400.0,2024-09
Gigi konektor blender Miyako drat lubang kecil gear lower National RRT,20.67,70788.86863917527,22.57,77295.82802061856,21.571096554410207,73874.8679435467,15.0,42000.0,2024-09
IMPELLER JET DAB 370 KIPAS IMPELAR GADING MESIN POMPA AIR SPAREPARTS,4.76,112078.16666666666,2.15,50623.541666666664,3.522177891047031,82932.61359294488,0.0,0.0,2024-09
IMPELLER KUNINGAN NATIONAL PANASONIC GP 125 129 POMPA AIR KIPAS SANEI,4.71,125841.0,3.65,97520.09554140127,4.207282974907989,112409.48977609263,0.0,0.0,2024-09
IMPELLER KUNINGAN POMPA AIR SHIMIZU PS 105 130 135 KIPAS GOLSTAR SANEI,9.71,268581.5648854962,5.15,142450.57251908397,7.547368269415503,208762.51087196238,3.0,89400.0,2024-09
IMPELLER KUNINGAN PS 226 230 SHIMIZU POMPA AIR KIPAS BIT SPAREPARTS.,1.9,92188.0,1.66,80543.2,1.7861772773376579,86665.32149642316,0.0,0.0,2024-09
IMPELLER KUNINGAN SANYO SY 136 PWH IMPELER KIPAS POMPA AIR,1.71,45994.114285714284,0.31,8338.114285714286,1.046034117803005,28135.32909999283,3.0,87000.0,2024-09
KABEL TIES 10CM CABLE TIES KABEL TIS CABLE TIE 2.5 × 100MM ISI 100PCS,2.81,13615.934959349595,2.53,12259.18699186992,2.677206823560601,12972.481844244865,1.0,5500.0,2024-09
"KAPASITOR 1,5UF, 2UF, 2,5UF, 3UF, 3,5UF MIKRO CAPASITOR KIPAS ANGIN - 1,5UF",52.43,187036.52131546894,25.04,89326.61632155908,39.43998177616022,140696.49040927898,53.0,180200.0,2024-09
"KAPASITOR 1,5UF, 2UF, 2,5UF, 3UF, 3,5UF MIKRO CAPASITOR KIPAS ANGIN - 2,5UF",41.76,206732.63920922572,19.37,95891.07331136739,31.141288498292344,154164.76914817723,29.0,143550.0,2024-09
"KAPASITOR 1,5UF, 2UF, 2,5UF, 3UF, 3,5UF MIKRO CAPASITOR KIPAS ANGIN - 2UF",93.0,445711.677631579,28.12,134767.87500000003,62.22992397361355,298243.0517544614,42.0,189000.0,2024-09
"KAPASITOR 1,5UF, 2UF, 2,5UF, 3UF, 3,5UF MIKRO CAPASITOR KIPAS ANGIN - 3,5UF",17.9,118642.45614035087,12.6,83513.6842105263,15.386414874539945,101982.237536863,17.0,100300.0,2024-09
"KAPASITOR 1,5UF, 2UF, 2,5UF, 3UF, 3,5UF MIKRO CAPASITOR KIPAS ANGIN - 3UF",21.43,122580.77747252748,11.77,67325.0467032967,16.848635412840736,96375.12031064751,10.0,55000.0,2024-09
"KAPASITOR 1.5UF 1,5UF 1.5 UF 1,5 UF 450V MIKRO CAPASITOR KIPAS ANGIN",112.86,396739.9708029197,51.33,180441.8102189781,83.67869947744207,294158.11436741677,46.0,156400.0,2024-09
KAPASITOR 10 UF 450V KOTAK KABEL SAN EI CAPACITOR PETAK POMPA AIR,6.33,89189.7,2.39,33675.1,4.4614103029598855,62861.271168704785,0.0,0.0,2024-09
KAPASITOR 100UF 100 MFD UF 250V 250 VAC CAPASITOR STARTING AC MOTOR,8.71,260630.00000000003,0.21,6283.846153846153,4.678778572375388,140003.45112723278,5.0,115000.0,2024-09
KAPASITOR 12 UF 450V KOTAK KABEL SAN EI CAPACITOR PETAK POMPA AIR,5.05,78848.24324324324,1.95,30446.35135135135,3.5797898322780823,55893.09692181211,1.0,15500.0,2024-09
KAPASITOR 150UF 150 MFD UF 250V 250 VAC CAPASITOR STARTING AC MOTOR,12.43,447480.0,2.71,97560.0,7.8201797321751485,281526.4703583053,1.0,36000.0,2024-09
KAPASITOR 200UF 200 MFD UF 250V 250 VAC CAPASITOR STARTING AC MOTOR,2.48,108702.31578947368,3.24,142014.31578947368,2.8404386217640827,124500.90969500673,2.0,88000.0,2024-09
KAPASITOR 250UF 250 MFD UF 250V 250 VAC CAPASITOR STARTING AC MOTOR,2.67,146850.0,2.01,110549.99999999999,2.3569875126785593,129634.31319732076,0.0,0.0,2024-09
KAPASITOR 2UF 2 UF 400V 400 V 450V 450 V VOLT CAPASITOR KIPAS ANGIN,11.57,53869.92,9.08,42276.48,10.389089252378202,48371.59955907291,0.0,0.0,2024-09
KAPASITOR 3 UF 450V 3UF 450 V 400 VOLT CAPASITOR 3 MICKO KIPAS ANGIN,5.71,33736.02352941177,1.94,11461.976470588235,3.9220347315123774,23172.304025476657,0.0,0.0,2024-09
KAPASITOR 300UF 300 MFD UF 250V 250 VAC CAPASITOR STARTING AC MOTOR,3.38,209560.0,2.19,135780.0,2.815629000132554,174568.99800821833,4.0,248000.0,2024-09
KAPASITOR 30UF 450 VAC CAPASITOR BULET CONDENSATOR SPAREPARTS DINAMO,8.1,247916.43442622948,4.03,123346.07786885246,6.16975632818445,188837.52964964873,11.0,324500.0,2024-09
KAPASITOR 35 UF 450VAC CAPASITOR BULET CONDENSATOR SPAREPARTS,4.05,147922.94117647057,5.99,218779.85620915034,4.970067008187264,181527.63696177825,16.0,552000.0,2024-09
KAPASITOR 4 UF 450V 4UF 450 V POMPA AIR CAPASITOR,9.62,89107.43636363636,14.4,133383.27272727274,11.88696922635831,110105.75404305893,12.0,102000.0,2024-09
KAPASITOR 40UF 450VAC CAPASITOR 40 UF 450 VAC BULET CONDENSATOR,7.48,298211.2643678161,2.22,88506.55172413794,4.985385328317005,198756.42541686818,8.0,320000.0,2024-09
KAPASITOR 5 UF 450 V KOTAK CAPACITOR PETAK POMPA AIR SAN EI,16.14,157866.49285714288,19.13,187111.89642857143,17.558041419835007,171736.45727322192,41.0,373000.0,2024-09
KAPASITOR 50 UF 50UF 450VAC 450 VAC CAPASITOR BULET CONDENSATOR,8.05,385320.0615384616,16.44,786914.5107692309,12.029052679737706,575780.7849448359,18.0,882000.0,2024-09
KAPASITOR 500UF 500 MFD UF 250V 250 VAC CAPASITOR STARTING AC MOTOR,2.52,224280.0,0.26,23140.0,1.4481693615962794,128887.07318206887,0.0,0.0,2024-09
KAPASITOR 6 UF 450V KOTAK KABEL CAPACITOR PETAK SAN EI POMPA AIR.,12.38,150281.12195121954,1.86,22578.58536585366,7.390770656634009,89716.74526357919,0.0,0.0,2024-09
KAPASITOR 8 UF 450V KOTAK KABEL SAN EI CAPACITOR PETAK POMPA AIR,7.38,98970.14117647058,4.17,55922.152941176464,5.857621084391175,78554.14440114706,10.0,128000.0,2024-09
KAPASITOR POMPA AIR 10UF 450VAC CAPASITOR BULET CONDENSATOR SPAREPART,5.81,83591.99572649572,10.1,145314.82905982906,7.844581167589363,112864.74964497055,7.0,94500.0,2024-09
KAPASITOR POMPA AIR 12UF 450VAC CAPASITOR BULET CONDENSATOR SPAREPARTS,11.81,184637.91099476442,10.49,164000.98952879582,11.18397502535712,174850.6168754916,8.0,124000.0,2024-09
KAPASITOR POMPA AIR 14 UF 450VAC CAPASITOR BULET CONDENSATOR SPAREPART,8.1,135565.7142857143,7.63,127699.55555555555,7.87709716811958,131835.09927087754,3.0,53700.0,2024-09
KAPASITOR POMPA AIR 16UF 450VAC CAPASITOR BULET CONDENSATOR SPAREPARTS,6.48,118887.44410876134,6.49,119070.91238670696,6.484742613444265,118974.45602091943,6.0,113400.0,2024-09
KAPASITOR POMPA AIR 20UF 450VAC CAPASITOR BULET CONDENSATOR SPAREPARTS,9.86,234995.952173913,21.94,522901.7434782609,15.589077040671214,371538.53982606676,27.0,588900.0,2024-09
KAPASITOR POMPA AIR 20UF 450VAC CAPASITOR KOTAK 20 UF 450V CONDENSATOR,4.19,99650.98305084747,1.15,27350.50847457627,2.748245512943668,65361.66277563652,10.0,218000.0,2024-09
KAPASITOR POMPA AIR 25UF 450VAC CAPASITOR BULET CONDENSATOR SPAREPARTS,3.19,86568.45531914894,10.36,281143.9489361702,6.590453839537466,178848.0905143927,4.0,103600.0,2024-09
KAPASITOR POMPA AIR 6 UF 450VAC CAPASITOR BULET CONDENSATOR SPAREPARTS,10.14,118738.56198347108,5.73,67097.826446281,8.048507471079466,94247.35732043385,16.0,172800.0,2024-09
KAPASITOR POMPA AIR 8UF 450VAC CAPASITOR BULET CONDENSATOR SPAREPARTS,7.48,102742.28800000002,6.39,87770.484,6.963055134575196,95641.74010647107,7.0,89600.0,2024-09
KARET SEAL ORING BLENDER BUMBU CHOPPER GELAS NATIONAL MIYAKO PAKING,5.95,21102.956204379563,3.85,13654.854014598539,4.954051176704508,17570.609246428616,0.0,0.0,2024-09
KARET SEAL ORING BLENDER PHILIP 1741,4.19,16760.0,1.12,4480.0,2.7340176726108756,10936.070690443503,0.0,0.0,2024-09
KIPAS IMPELLER JET DAB 255 IMPELAR GADING MESIN POMPA AIR SPAREPARTS,4.29,95434.11428571428,2.07,46048.62857142857,3.2371398153733364,72012.48743570513,0.0,0.0,2024-09
KIPAS PENDINGIN GP 125 NATIONAL NASIONAL PANASONIC FAN POMPA AIR,3.24,16325.419354838712,1.14,5744.129032258064,2.2440511767045077,11307.122380685294,0.0,0.0,2024-09
KLEP TABOK KARET SEDOT PLENES POMPA AIR PLENNES PLANES OVAL PACKING,8.19,22550.63358778626,3.21,8838.526717557252,5.828178504756403,16047.51134859263,2.0,5800.0,2024-09
KNOP KOMPOR GAS HITACHI TODACHI TOMBOL PUTARAN CETEKAN PEMANTIK,4.33,11805.617647058823,1.62,4416.882352941177,3.0447517566043882,8301.426112859612,0.0,0.0,2024-09
KNOP KOMPOR GAS RINNAI TOMBOL PUTARAN CETEKAN SWITCH PEMANTIK,24.76,71684.67469879519,3.59,10393.698795180722,14.719887338492583,42616.73406553937,6.0,17400.0,2024-09
"Kabel Buntung AC Power listrik Colokan Gepeng Oval SNI Serbaguna 1,2m",8.52,50942.5,2.77,16562.291666666668,5.792997269548056,34637.29617417275,0.0,0.0,2024-09
Karet seal Oring sil blender Mounting gelas Nasional Miyako Gmc sanex,22.62,81057.57081081081,28.24,101196.54286902286,25.28534875567651,90608.70677450467,2.0,7800.0,2024-09
LAMPU GOSOKAN BAJU SETERIKA SETRIKA INDIKATOR RESISTOR 1 PCS,21.33,17483.41011235955,27.88,22852.20224719101,24.43641180599308,20029.620688170733,2.0,1650.0,2024-09
"LEHER KIPAS ANGIN COSMOS DINDING WALL FAN PLAT 12"" 16""",11.43,71292.49253731343,4.53,28255.029850746272,8.157596723457667,50881.487622879984,15.0,87000.0,2024-09
"LEHER KIPAS ANGINCOSMOS TIANG BERDIRI STAND FAN PLAT 12"" 16"" SPAREPART",6.9,42456.5625,1.83,11260.21875,4.495494983758026,27661.342571936104,11.0,64900.0,2024-09
LEM KOREA HANDSOME SEBAGUNA MULTIFUNGSI EPOTEC BESI POWERGLUE ( 1pcs),18.67,48059.97454545455,23.42,60287.33818181818,20.92274138602552,53858.94046242715,15.0,42000.0,2024-09
LEM PIPA ISARPLAS TUBE 45GR FOX FITING PVC,1.43,13503.75,2.45,23135.795454545456,1.9137465713149533,18071.85682684916,3.0,28800.0,2024-09
LIS KIPAS ANGIN MULTI RING GAWANG PENGIKAT KIPAS ANGIN,6.76,62993.18518518518,3.17,29539.7037037037,5.057401773509135,47127.49208203327,0.0,0.0,2024-09
"Leher kipas angin COSMOS Dinding wall fan kipas angin COSMOS 12"" 16""",5.95,35795.282638888886,7.48,44999.78388888889,6.67561985697243,40160.621776488595,0.0,0.0,2024-09
"Leher kipas angin COSMOS tiang berdiri stand fan leher Cosmos 12"" 16"".",10.24,61555.48872180451,7.67,46106.503759398496,9.021148344824088,54228.63234351021,20.0,116500.0,2024-09
MOUNTING PISAU BLENDER JUS PHILIP HR 2061 2115 2116 2071 MANGKOK GELAS,2.81,102565.0,1.2,43800.0,2.0464392354734557,74695.03209478114,2.0,56000.0,2024-09
MOUNTING PISAU BLENDER NATIONAL MIYAKO LAMA MANGKOK JUS JUICE GELAS,2.29,64625.379310344826,2.31,65189.793103448275,2.299485226888528,64893.058954674874,0.0,0.0,2024-09
NITTO ISOLASI LISTRIK 3/4 INCH 25 METER HITAM ISOLASI KABEL.,7.14,56621.769230769234,9.53,75574.9945054945,8.273484613179154,65610.55133077732,0.0,0.0,2024-09
ORING KARET TUTUP IMPELLE SHIMIZU 4 BAUT PS 128 130 135 SEMI JETPAM,4.81,8501.152173913042,6.72,11876.86956521739,5.715839167854471,10102.124442316705,9.0,16200.0,2024-09
OTOMATIS MAGIC COM RICE COOKER KAKI PIN 3 ELEMENT THERMOSTAT MTS PER.,6.62,53451.16129032258,4.04,32619.74193548387,5.396405731379824,43571.624340786126,1.0,8900.0,2024-09
OTOMATIS PER MAGIC COM RICE COOKER KAKI PIN 2 ELEMEN THERMOSTAT MTS,6.38,52063.604395604394,1.7,13872.747252747253,4.160456908084331,33951.15714223543,0.0,0.0,2024-09
OTOMATIS PM5 PRESSURE SWITCH JETPUMP POMPA AIR SAN-EI PM 5 SEMI,5.1,288320.0,2.53,143029.3333333333,3.881148344824087,219414.25309405508,3.0,165000.0,2024-09
PINION KIPAS ANGIN MASPION / PEN STOP/ TARIKAN GEARBOX DINAMO,8.1,26938.636363636364,4.72,15697.575757575758,6.496996655838682,21607.435847827135,2.0,7000.0,2024-09
PINION PANASONIC NASIONAL PEN STOP TARIKAN GEARBOX KIPAS ANGIN GEAR,32.24,114875.35353535354,109.99,391908.81313131313,69.11381952915454,246261.61453443702,2.0,9000.0,2024-09
PISAU BLENDER MASPION JUS + SEAL PUTIH MOUNTING SPAREPART STAINLES,2.0,26742.85714285714,1.67,22330.285714285714,1.8434937563392797,24650.145084765223,0.0,0.0,2024-09
RADAR PELAMPUNG AIR OTOMATIS TOREN ST 70 AB ORIGINAL SHINTUNG POMPA,1.05,58665.46875,1.53,85483.96875,1.277645445324684,71384.44661550007,0.0,0.0,2024-09
SEAL BLENDER JUS PHILIP BARU 2061 2071 2115 2116 KARET PISAU MOUNTING,3.71,14028.4375,2.94,11116.875,3.3448187647916523,12647.595954368435,0.0,0.0,2024-09
SEAL KARET PENGAMAN TABUNG GAS LPG ELPIJI REGULATOR SILIKON,81.62,50680.918750000004,72.92,45278.762500000004,77.4939263034901,48118.884864073385,80.0,48000.0,2024-09
SEAL PDL 255 PEDROLO SIL POMPA AIR MS 14 PDR KARET SPAREPARTS MACHANIC,56.67,380378.22972972976,65.61,440384.95945945947,60.90989641917224,408837.10204598453,60.0,360000.0,2024-09
SEAL SANYO 100 101 PH 100 SIL POMPA AIR,2.24,15900.387096774195,2.68,19023.677419354837,2.448674991547627,17381.642964195333,24.0,108000.0,2024-09
SEAL SHIMIZU SMZ 230 GOLSTAR GS 250 SIL POMPA AIR PS 226,13.9,108785.78947368421,5.43,42496.8947368421,9.88300641270818,77347.5291352477,0.0,0.0,2024-09
SEAL SIL POMPA AIR PANASONIC NATIONAL NASIONAL GP 200 MECHANICAL,12.05,78934.12087912089,3.05,19979.175824175825,7.7816479001621754,50974.06937677663,20.0,98000.0,2024-09
SELANG PEMBUANGAN AIR MESIN CUCI MULTI 1-2 TABUNG PANJANG SAMPAI 2M,2.48,31341.0,3.11,39302.625,2.7787846469886475,35116.89097631903,0.0,0.0,2024-09
SELANG PEMBUANGAN MESIN CUCI MULTI 1.2 METER,1.52,12963.428571428572,2.68,22856.57142857143,2.070143159534653,17655.363803459826,5.0,40000.0,2024-09
SINGER OIL MINYAK PELUMAS MESIN JAHIT RANTAI SEPEDA 80CC,7.76,57150.117647058825,15.42,113563.76470588235,11.392841898306415,83904.9297451743,4.0,30800.0,2024-09
SNAP RING S12 RETAINER CIRCLIP POMPA AIR EXTERNAL EKSTERNAL RETAINING,20.95,19317.132352941175,25.62,23623.147058823528,23.164800478471406,21359.308676472898,0.0,0.0,2024-09
SPINER KIPAS ANGIN KUNCI MUR BALING MASPION FAN DINDING PLAFON DINAMO,6.05,16667.156862745098,6.25,17218.13725490196,6.144852268885284,16928.465564282007,0.0,0.0,2024-09
STIK MIXER PHILIPS GARPU STICK KOCOKAN PENGADUK ADONAN KUE SEPASANG,1.86,47416.90140845071,2.76,70360.56338028169,2.2868352099837823,58298.19338127671,0.0,0.0,2024-09
SWITCH EXHAUST SAKLAR TARIKAN FAN DINAMO MASPION HEXOS DINDING,2.76,20545.44,0.48,3573.12,1.6786841347077508,12496.124698764497,0.0,0.0,2024-09
SWITCH FAN KIPAS ANGIN MASPION LURUS 4 PIN SAKLAR ON OFF TIANG BERDIRI,2.57,19698.702702702703,1.39,10654.162162162162,2.0103716135768184,15409.22674622664,2.0,14800.0,2024-09
SYNCHRONOUS MOTOR ROTARY ROTARI SINKRONUS SWING DINAMO KIPAS ANGIN,22.33,281299.8489583333,2.37,29855.828125000004,12.863743565248557,162049.66958993065,3.0,38100.0,2024-09
Siltip sealtape isolatip Hachi sealtape isolasi keranpipa air.,6.76,19500.0,8.81,25413.461538461543,7.7322357560741715,22304.526219444728,2.0,5800.0,2024-09
Swit tembok kipas angin wall fan saklar tarikan DinamoDindingPlafon,2.29,11408.109756097561,6.43,32032.378048780487,4.253441965925399,21189.402964396653,0.0,0.0,2024-09
Switch Micro 3 Pin Saklar Mikro Otomatis Rice Cooker Majic Com Jer lim,17.71,105551.6,6.11,36415.6,12.208568404653471,72763.06769173469,2.0,12000.0,2024-09
Switch Micro Limid Tombol Pin 3 Magicom Rice Cooker Majic Com Jer,5.62,33720.0,5.67,34020.0,5.643713067221321,33862.278403327924,0.0,0.0,2024-09
"T Kuningan Tebal Tee Jet Pump 3 Way 1"" Sambungan Otomatis Pompa Air",3.14,100291.6,2.78,88793.2,2.9692659160064867,94838.35335724718,1.0,33700.0,2024-09
TABUNG ANGIN 2 LITER TANGKI PRESSURE TANK SPART PART POMPA AIR,1.0,60581.25,0.95,57552.1875,0.9762869327786787,59144.68274639833,3.0,171000.0,2024-09
TABUNG POMPA AIR PVC FIBER TENGKI OTOMATIS 2 LITER,4.9,134852.08333333334,1.57,43207.708333333336,3.320709723060005,91388.69883671388,0.0,0.0,2024-09
TALI PEMBUANGAN AIR DRAIN REM MESIN CUCI 2 TABUNG TARIKAN,6.0,28167.272727272728,1.32,6196.800000000001,3.7804569080843313,17747.526793952264,6.0,28800.0,2024-09
TERMOSTAT BIMETAL PENGATUR SUHU SAKLAR OTOMATIS DISPENSER MAGIC COM,17.76,76063.0303030303,11.21,48010.50505050505,14.653588194006916,62758.80196221144,0.0,0.0,2024-09
TIMAH SOLDER 0.8mm 10M 60/40 TIM TINOL TENOL KAWAT KWALITAS BAGUS,2.81,48885.432926829264,2.79,48537.49390243902,2.8005147731114715,48720.41889734353,5.0,89500.0,2024-09
"TUSEN KLEP 1/2"" INCH TUSSEN TOSSEN PVC PLASTIK FOOT VALVE",2.38,13879.157894736842,2.03,11838.105263157893,2.214008529450751,12911.165529639116,1.0,6500.0,2024-09
"TUSEN KLEP 3/4"" INCH TUSSEN TOSSEN PVC PLASTIK FOOT VALVE",2.95,19807.14285714286,1.6,10742.857142857145,2.3097471850243263,15508.302528020478,0.0,0.0,2024-09
Tarikan pinion baut gearbox kipas angin cabutan Cosmos Miyako Multifan,9.43,18459.624576271188,4.04,7908.471186440678,6.873731353541569,13455.620384360736,5.0,10000.0,2024-09
Tarikan pinion socket gerbox cabutan kipas angin CosmosMiyakoMaspion,11.52,22490.421296928325,25.42,49627.30116040956,18.112232687527307,35360.39442452131,13.0,26000.0,2024-09
Tutup sendok Blender Nasional National tutup gelas juice blender NS.,2.1,17091.293333333335,2.4,19532.906666666666,2.2422784033279273,18249.256155369483,1.0,9500.0,2024-09
"WATERMUR 1/2 "" INCH POLOS WATERMOER SAMBUNGAN PIPA UNION SOCKET PVC",3.48,27840.0,3.66,29280.0,3.5653670419967565,28522.936335974053,0.0,0.0,2024-09
"WATERMUR 3/4 "" INCH POLOS WATERMOER SAMBUNGAN PIPA PVC UNION SOCKET",2.24,17920.0,2.46,19680.0,2.3443374957738135,18754.699966190507,0.0,0.0,2024-09
"WATERMUR 3/4""INCH DRAT LUAR WATER MUR UNION SOCKET SANYO PVC 1 × 3/4""",17.62,140960.0,23.72,189760.0,20.51299420100119,164103.95360800953,2.0,16000.0,2024-09
"WATERMUR1/2"" INCH DRAT LUAR WATERMOR UNION SOCKET SANYO PCV 1×1/2""",9.29,74320.0,4.98,39840.0,7.245933605522108,57967.46884417687,2.0,16000.0,2024-09
arang blender Philip,6.76,30877.6,4.36,19915.138461538463,5.6217727733765805,25678.528252546257,3.0,13500.0,2024-09
bearing nkn 608 2RS ball laher.,3.48,20315.74754716981,4.93,28780.64235849056,4.167678949418316,24330.319940815058,0.0,0.0,2024-09
bos kipasangin dinamoNational boshing fanpanasonic KDK dindingportable,20.0,60083.85964912281,8.76,26316.730526315787,14.669302488646982,44069.41559391966,0.0,0.0,2024-09
carbon arang blender Philips brush karbon kaleng bulet,49.76,214342.53763440863,61.58,265257.5053763441,55.36576909112034,238489.538687127,75.0,337500.0,2024-09
drat besar kopel gear gigi karet pisau blender.,6.76,18470.833333333332,24.17,66041.42628205128,15.016890006464058,41031.72670035452,3.0,10500.0,2024-09
gear konektor Miyako baru blender/ gigi lower mesin dinamo Blender.,26.29,84570.59259259258,49.1,157946.59932659933,37.10790126636675,119369.99619490503,41.0,90200.0,2024-09
"kapasitas kipas angin 1,5uf mikro 450V capasitor kotak spareparts",9.14,30943.017117117117,3.88,13135.547747747747,6.645385328317004,22497.622753167616,26.0,96200.0,2024-09
"kapasitor 3 uf capasitor 3,0 mickro 450V kotak.spartparts kipas angin",10.57,62280.63636363637,6.45,38004.74025974026,8.616043260963128,50767.51724024638,2.0,12600.0,2024-09
"kapasitor 3,5uf mickro 450V kotak capasitor kipas angin spareparts",9.67,63135.74193548387,2.61,17040.774193548386,6.321714908349439,41274.68056290085,0.0,0.0,2024-09
kapasitor 4 uf mickro capasitor kipas angin 450V kotak spareparts,2.9,25791.875,10.01,89026.4375,6.271998158871881,55781.58362546679,2.0,19800.0,2024-09
kapasitor kipas angin 2 uf mickro 450V capasitor kotak spareparts,11.05,50897.575000000004,4.13,19023.256538461537,7.76811149656914,35780.81787375476,24.0,117600.0,2024-09
"kapasitor kipas angin 2,5uf mickro kotak 450V capasitor spareparts",12.71,61467.39759036145,2.72,13154.31325301205,7.972129169180015,38554.36925914287,10.0,51000.0,2024-09
konektor blender maspion conektor kecil gigi atas mesin gear ger lower,21.67,75443.05645161291,15.12,52639.54838709677,18.563588194006915,64628.23405929666,3.0,10500.0,2024-09
kopel Miyako baru pisau baut flange gigi blender gear upper konektor.,16.52,52353.93548387097,31.19,98844.99078341015,23.477413922735654,74402.84587403368,3.0,6600.0,2024-09
kopel gigi karet blender drat lobang kecil gear RRT pisau blender,6.67,19532.149253731342,10.76,31509.134328358206,8.609728898704077,25212.370297399102,3.0,10500.0,2024-09
oring seal AS kipas angin umum.,86.86,43011.584902723735,113.97,56435.99276264591,99.71722504740038,49378.26262249909,40.0,20000.0,2024-09
seal 2 ply mounting bumbu blender Philip karet 2061-2071-2115-2116mill,3.71,14328.275862068966,4.89,18885.517241379308,4.269628386423181,16489.599285496424,2.0,8000.0,2024-09
seal pompa air Shimizu 100- 125/sil pompa air Shimizu simitsu 125.,33.76,196589.33057471266,32.98,192047.27850574712,33.39007615134739,194435.21085403024,61.0,285300.0,2024-09
seal pompa air Toyomoto 125 sil TM 125 marcanical seal Ty mekanik,8.76,50557.71428571428,2.37,13678.285714285716,5.729470009115143,33067.22690975026,5.0,22500.0,2024-09
seal sil pompa air Panasonic National GP125 Nasional Spareparts pompa,8.67,48386.21268292683,47.54,265314.9424390244,27.104538457855135,151267.12370177027,14.0,63000.0,2024-09
spiner AS kipas angin Cosmos Miyako/kunci mur baling kipas angin,11.1,34750.399999999994,10.67,33404.21333333333,10.896067621896638,34111.95570161774,2.0,6400.0,2024-09
AS 6mm KIPAS ANGIN KECIL 7 IN 9 IN BATANG BESI,32.24,215989.78531073447,27.53,184435.44632768363,30.009144602678663,201044.3145189625,38.0,217500.0,2024-10
"AS DINAMO KIPAS ANGIN MODEL COSMOS,MIYAKO,UMUM-RRT.",22.86,147860.4255319149,21.48,138934.46808510637,22.20637357785489,143632.7142056997,0.0,0.0,2024-10
AS EXHAUST FAN MASPION EXOS EXSOS EXAUST KIPAS ANGIN,21.71,124943.26530612246,4.64,26703.673469387755,13.624925343465986,78412.83565015119,68.0,306000.0,2024-10
AS EXHAUST PANASONIC NATIONAL DINAMO MASPION EXOSOS FAN KIPAS ANGIN,3.52,21360.14953271028,7.44,45147.58878504673,5.376677952760008,32626.887801187597,9.0,40500.0,2024-10
AS Exhaust/Exaust/Exsos Maspion Panasonic National multi kipas angin.,7.52,43875.78181818182,2.77,16161.69090909091,5.2701989092831525,30749.215090708432,21.0,94500.0,2024-10
AS FAN KIPAS ANGIN COSMOS MOYAKO DRAT KASAR DINAMO PLAFON DINDING PORT,30.05,191385.11111111112,43.5,277046.6666666667,36.42048940424033,231958.05029456172,0.0,0.0,2024-10
AS KIPAS ANGIN MIYAKO COSMOS SEKAI FAN DINAMO DRAT HALUS,56.76,361845.0,22.64,144330.0,40.59932353362972,258820.68752688947,30.0,165000.0,2024-10
AS KIPAS ANGIN MIYAKO COSMOS SEKAI FAN DINAMO DRAT HALUS - KASAR - as drat halus,18.29,113794.85849056602,4.18,26006.698113207545,11.606906654733745,72214.66923393306,56.0,308000.0,2024-10
AS KIPAS ANGIN MIYAKO COSMOS SEKAI FAN DINAMO DRAT HALUS - KASAR - as drat kasar,18.57,114205.5,12.77,78535.5,15.822874457651007,97310.6779145537,19.0,95000.0,2024-10
AS KIPAS ANGIN REGENCY 10 CM DIAMETER 10 MM,13.52,113100.0,19.32,161619.23076923078,16.26712554234899,136080.76174849636,6.0,51000.0,2024-10
"AS fan kipas angin Maspion16""panjang20,5cm plafonportabledindingdinamo",32.1,207478.4671532847,6.26,40461.53284671533,19.861082066500355,128372.17642252603,15.0,97500.0,2024-10
"AS fan kipas angindinding portable panasonic Nasional KDK pajang20,5cm",1.43,13064.999999999998,2.15,19643.181818181816,1.7710224811191848,16180.705395679825,4.0,52000.0,2024-10
"AS kipas angin model Maspion 18,5 cm.AS Maspion 12""/inci",27.43,174911.28432835822,9.75,62172.25746268657,19.05600351918445,121513.3084107279,67.0,368500.0,2024-10
"AS kipas angin model Maspion 20,5 cm.AS Maspion 16""/inci",58.0,375284.38479809975,34.33,222129.5332779097,46.788885933206785,302743.7633246892,119.0,773500.0,2024-10
Arang Mixer karbon carbon brush mixer blender umum,13.86,60646.86486486487,6.15,26910.405405405407,10.208217598015391,44667.849435640324,22.0,99000.0,2024-10
Arang blender carbon brush bostel arang sepul blender plat kotak.,21.67,96954.98876404495,5.76,25771.146067415728,14.134350451935783,63239.307302930654,1.0,4500.0,2024-10
BEARING 629 NKN 2 RS BERING BUSHING BALL LAHER BANTALAN,2.9,19919.375,8.56,58796.5,5.580815615464704,38333.227258723186,0.0,0.0,2024-10
"BOS KIPAS ANGIN BOSHING BOSSING BOSING BREKET KUPING 7 "" 9 "" IN AS 6MM",6.67,41378.036036036036,10.28,63773.045045045044,8.379848828944802,51985.26039289541,4.0,26000.0,2024-10
BOSHING BOSSING BOSING KIPAS ANGIN REGENCY 10MM BULET BOS MESIN CUCI,19.57,67924.20833333334,17.55,60913.12500000001,18.61324248352673,64603.462453240696,9.0,31500.0,2024-10
BOSHING BOSSING BOSING KIPAS ANGIN REGENCY 10MM GUCI BOS MESIN CUCI,10.19,35342.316666666666,4.71,16335.85,7.59444000481509,26340.049416700338,10.0,35000.0,2024-10
"BOSHING BOSSING BOSING KIPAS ANGIN REGENCY BOS MESIN CUCI 12 "" GUCI",6.29,29518.07142857143,3.35,15721.07142857143,4.897491535429994,22983.228134125045,2.0,9600.0,2024-10
Bos kipas angin boshing Maspion Gentong guci Dinamofandindingportable,11.43,25999.44,34.62,78748.95999999999,22.413765746047087,50983.845817008434,10.0,23000.0,2024-10
Bos mesin cuci bulet 10mm boshing fan kipasangin dinamo regenci umum,9.29,29446.855263157893,12.03,38131.93421052631,10.587779997592452,33560.47633447397,4.0,14000.0,2024-10
CASING COVER TUTUP IMPELLER CAP SHIMIZU GOLDSTAR 130 PS 128 130 135,2.76,63806.84210526315,2.36,54559.47368421053,2.5705430660448965,59426.89693474847,3.0,70500.0,2024-10
ELEMEN BODY SAMPING MAGIC COM PEMANAS RICE COOKER KABEL SABUK HEATER,27.05,308454.53125,20.85,237755.15625000003,24.1134175236959,274968.31419989484,20.0,214000.0,2024-10
ELEMEN TUTUP ATAS MAGIC COM JAR PEMANAS TOP HEATER RICE COOKER KOTAK,46.33,422771.0934844192,30.0,273756.373937677,38.59542067128292,352191.4137856559,120.0,960000.0,2024-10
FUSE KIPAS ANGIN SEIRING THERMAL 2A THERMOFUSE KOTAK 250V,38.81,43848.49122807018,39.97,45159.087719298244,39.35942510846979,44469.24521027114,10.0,13000.0,2024-10
GEAR GIGI MIXER MASPION BARU MT 1150 ADONAN MESIN (SEPASANG),3.95,30941.666666666668,2.72,21306.666666666668,3.367419928088059,26378.122770023125,0.0,0.0,2024-10
GEAR GIGI MIXER MASPION SEPASANG,4.33,34080.708333333336,2.66,20936.416666666668,3.5390173007374455,27855.015337887642,4.0,31600.0,2024-10
GEAR GIGI MIXER MIYAKO HM 620 625 650 GRIGI SESET SEPASANG,62.9,476285.2101910828,22.7,171886.71337579616,43.85957813751216,332109.1954231669,42.0,217800.0,2024-10
GEAR GIGI MIXER MIYAKO HM 625 HM 620 628 650 GRIGI,16.95,65844.23076923077,11.33,44012.69230769231,14.288130077930802,55503.88991811581,2.0,5000.0,2024-10
GEAR GIGI MIXER PHILIP SESET SEPASANG.,5.0,38500.0,12.63,97251.0,8.613891015193587,66326.96081699063,0.0,0.0,2024-10
GEAR KOPEL BLENDER PHILIP BARU 2061 2071 2115 2116 PLASTIK GIGI BAGUS,14.57,45964.22641509434,5.74,18108.075471698114,10.387738182941103,32770.374041278345,3.0,10500.0,2024-10
GEAR KOPEL BLENDER PHILIP BARU 2061 2071 2115 2116 PLASTIK GIGI PISAU,5.19,14648.327586206899,4.75,13406.46551724138,4.981597372649387,14060.129136253528,0.0,0.0,2024-10
GEAR KOPEL BLENDER PHILIP LAMA 2815 COPEL BAUT UPPER MOUNTING PISAU,4.86,13353.784615384617,5.19,14260.523076923078,5.016301970512959,13783.254337440223,0.0,0.0,2024-10
GEARBOX KIPAS ANGIN COSMOS / SEKAI / MIYAKO / RRT KOTAK GEARBOK GIRBOK,8.1,67247.20588235294,20.28,168367.07843137256,13.868963638932879,115141.85842002298,6.0,34800.0,2024-10
GEARBOX WALLFAN MIYAKO TARIK WALL FAN GEAR BOX KIPAS ANGIN DINDING,5.14,76285.71578947369,5.44,80738.18947368422,5.282092700466326,78394.59582128945,0.0,0.0,2024-10
Gear Kopel Maspion Upper Blender Mounting Baut Pisau Flange gigi Spare,9.33,27176.81006896552,23.62,68801.31337931035,16.098348965546048,46891.93700542042,8.0,28000.0,2024-10
Gear Kopel Maspion Upper Blender Mounting Baut Pisau Flange gigi putih,6.0,18811.11111111111,6.67,20911.685185185186,6.317340364374797,19806.031920160243,0.0,0.0,2024-10
Gear box kipas angin Maspion bintang girbok/gear bok kipas angin12 16,1.9,23867.289714285715,5.5,69089.52285714286,3.6051124055959254,45286.453808907085,0.0,0.0,2024-10
"Gear box/girbox/gearbox/gear bok kipas angin Cosmos Miyako,umum.rrt",9.71,64360.11928429424,4.93,32677.17693836978,7.445989639236521,49353.73649545638,0.0,0.0,2024-10
"Gigi konektor Miyako lama gear lower panasonic,nasional drat besar POM",12.71,43663.60544217688,24.51,84201.02040816327,18.298979551675533,62863.84131698057,22.0,61600.0,2024-10
Gigi konektor blender Miyako drat lubang kecil gear lower National,4.24,15009.6,3.42,12106.8,3.8516132853920384,13634.711030287815,0.0,0.0,2024-10
Gigi konektor blender Miyako drat lubang kecil gear lower National RRT,18.05,61816.11412371135,40.85,139899.62670103094,28.84904523544086,98799.77133707055,2.0,5600.0,2024-10
IMPELLER JET DAB 370 KIPAS IMPELAR GADING MESIN POMPA AIR SPAREPARTS,4.76,112078.16666666666,2.15,50623.541666666664,3.5237935059429533,82970.65459201511,0.0,0.0,2024-10
IMPELLER KUNINGAN NATIONAL PANASONIC GP 125 129 POMPA AIR KIPAS SANEI,4.71,125841.0,3.65,97520.09554140127,4.207939125018977,112427.02068609619,3.0,89700.0,2024-10
IMPELLER KUNINGAN POMPA AIR SHIMIZU PS 105 130 135 KIPAS GOLSTAR SANEI,7.24,200260.61068702288,5.51,152408.28244274808,6.42059876064418,177595.7222075892,4.0,119500.0,2024-10
IMPELLER KUNINGAN PS 226 230 SHIMIZU POMPA AIR KIPAS BIT SPAREPARTS.,1.9,92188.0,1.66,80543.2,1.786325839626938,86672.52973869903,0.0,0.0,2024-10
IMPELLER KUNINGAN SANYO SY 136 PWH IMPELER KIPAS POMPA AIR,1.95,52449.42857142857,0.6,16138.285714285714,1.3105828479015278,35250.93408612852,11.0,319000.0,2024-10
KABEL TIES 10CM CABLE TIES KABEL TIS CABLE TIE 2.5 × 100MM ISI 100PCS,1.95,9448.78048780488,1.16,5620.8130081300815,1.5758225554386716,7635.6930328573035,2.0,11000.0,2024-10
"KAPASITOR 1,5UF, 2UF, 2,5UF, 3UF, 3,5UF MIKRO CAPASITOR KIPAS ANGIN - 1,5UF",45.48,162243.3909866017,69.78,248930.16321559076,56.98950873777249,203301.91618902324,30.0,102000.0,2024-10
"KAPASITOR 1,5UF, 2UF, 2,5UF, 3UF, 3,5UF MIKRO CAPASITOR KIPAS ANGIN - 2,5UF",31.57,156287.10296540364,60.74,300693.0197693575,45.38614690867587,224683.85857203553,32.0,158400.0,2024-10
"KAPASITOR 1,5UF, 2UF, 2,5UF, 3UF, 3,5UF MIKRO CAPASITOR KIPAS ANGIN - 2UF",73.67,353070.7450657895,88.44,423857.427631579,80.66569728629216,386598.3146752085,30.0,135000.0,2024-10
"KAPASITOR 1,5UF, 2UF, 2,5UF, 3UF, 3,5UF MIKRO CAPASITOR KIPAS ANGIN - 3,5UF",17.19,113936.52631578948,21.85,144823.33333333334,19.39717328057695,128565.82570880653,5.0,29500.0,2024-10
"KAPASITOR 1,5UF, 2UF, 2,5UF, 3UF, 3,5UF MIKRO CAPASITOR KIPAS ANGIN - 3UF",16.33,93408.49725274724,24.14,138082.12637362638,20.02914663547338,114567.81925747014,5.0,27500.0,2024-10
"KAPASITOR 1.5UF 1,5UF 1.5 UF 1,5 UF 450V MIKRO CAPASITOR KIPAS ANGIN",89.24,313707.9124087591,96.89,340600.17518248176,92.86336386189133,326445.2265393202,56.0,195200.0,2024-10
KAPASITOR 10 UF 450V KOTAK KABEL SAN EI CAPACITOR PETAK POMPA AIR,6.33,89189.7,2.39,33675.1,4.463849200542237,62895.63523564012,3.0,40500.0,2024-10
KAPASITOR 100UF 100 MFD UF 250V 250 VAC CAPASITOR STARTING AC MOTOR,8.19,245069.99999999997,0.87,26033.076923076922,4.722938108621617,141324.84032721605,3.0,69000.0,2024-10
KAPASITOR 12 UF 450V KOTAK KABEL SAN EI CAPACITOR PETAK POMPA AIR,4.1,64015.4054054054,1.81,28260.45945945946,3.015359053107036,47080.349323782015,0.0,0.0,2024-10
KAPASITOR 150UF 150 MFD UF 250V 250 VAC CAPASITOR STARTING AC MOTOR,9.62,346320.0,3.09,111240.0,6.527115553182944,234976.159914586,0.0,0.0,2024-10
KAPASITOR 200UF 200 MFD UF 250V 250 VAC CAPASITOR STARTING AC MOTOR,2.19,95991.15789473684,3.64,159546.94736842107,2.8767813855872477,126093.87041668736,3.0,132000.0,2024-10
KAPASITOR 250UF 250 MFD UF 250V 250 VAC CAPASITOR STARTING AC MOTOR,2.67,146850.0,2.01,110549.99999999999,2.35739605897408,129656.78324357439,0.0,0.0,2024-10
KAPASITOR 2UF 2 UF 400V 400 V 450V 450 V VOLT CAPASITOR KIPAS ANGIN,11.57,53869.92,9.08,42276.48,10.390630586129484,48378.77600901888,2.0,9800.0,2024-10
KAPASITOR 3 UF 450V 3UF 450 V 400 VOLT CAPASITOR 3 MICKO KIPAS ANGIN,5.71,33736.02352941177,1.94,11461.976470588235,3.924368397473155,23186.091873070804,33.0,207900.0,2024-10
KAPASITOR 300UF 300 MFD UF 250V 250 VAC CAPASITOR STARTING AC MOTOR,3.43,212660.0,2.31,143220.0,2.8995205849257117,179770.27626539412,2.0,124000.0,2024-10
KAPASITOR 30UF 450 VAC CAPASITOR BULET CONDENSATOR SPAREPARTS DINAMO,8.95,273932.35655737703,5.23,160074.43852459016,7.188050514217542,220004.42641486894,3.0,89700.0,2024-10
KAPASITOR 35 UF 450VAC CAPASITOR BULET CONDENSATOR SPAREPARTS,6.95,253843.07189542483,9.69,353919.3333333333,8.247779997592453,301243.42602971336,13.0,448500.0,2024-10
KAPASITOR 4 UF 450V 4UF 450 V POMPA AIR CAPASITOR,10.1,93553.54545454544,16.57,153483.3909090909,13.164465906723787,121938.85738509879,29.0,246500.0,2024-10
KAPASITOR 40UF 450VAC CAPASITOR 40 UF 450 VAC BULET CONDENSATOR,7.76,309374.2528735632,4.35,173425.0,6.144879638032748,244982.9313162826,8.0,320000.0,2024-10
KAPASITOR 5 UF 450 V KOTAK CAPACITOR PETAK POMPA AIR SAN EI,22.43,219389.43214285717,19.0,185840.35714285716,20.80540679133499,203499.16992653263,60.0,590000.0,2024-10
KAPASITOR 50 UF 50UF 450VAC 450 VAC CAPASITOR BULET CONDENSATOR,10.1,483445.04615384614,20.83,997045.5753846153,15.182182253345632,726708.0000182954,11.0,539000.0,2024-10
KAPASITOR 500UF 500 MFD UF 250V 250 VAC CAPASITOR STARTING AC MOTOR,2.52,224280.0,0.26,23140.0,1.449568323153669,129011.58076067653,6.0,534000.0,2024-10
KAPASITOR 6 UF 450V KOTAK KABEL CAPACITOR PETAK SAN EI POMPA AIR.,12.38,150281.12195121954,1.86,22578.58536585366,7.397282636980794,89795.7943518376,19.0,225900.0,2024-10
KAPASITOR 8 UF 450V KOTAK KABEL SAN EI CAPACITOR PETAK POMPA AIR,8.19,109832.71764705882,5.79,77647.30588235294,7.053258396269381,94588.34406949962,36.0,462300.0,2024-10
KAPASITOR POMPA AIR 10UF 450VAC CAPASITOR BULET CONDENSATOR SPAREPART,5.76,82872.61538461539,3.72,53521.89743589744,4.793769636828975,68970.87280475261,14.0,189000.0,2024-10
KAPASITOR POMPA AIR 12UF 450VAC CAPASITOR BULET CONDENSATOR SPAREPARTS,10.43,163062.94764397905,17.65,275940.65445026173,13.849697657889605,216526.60825248246,26.0,413400.0,2024-10
KAPASITOR POMPA AIR 14 UF 450VAC CAPASITOR BULET CONDENSATOR SPAREPART,5.81,97239.11111111111,12.02,201172.82539682538,8.75131889965297,146466.51821895383,1.0,17900.0,2024-10
KAPASITOR POMPA AIR 16UF 450VAC CAPASITOR BULET CONDENSATOR SPAREPARTS,6.29,115401.54682779456,9.02,165488.38670694863,7.583043574243575,139124.7946153063,29.0,548100.0,2024-10
KAPASITOR POMPA AIR 20UF 450VAC CAPASITOR BULET CONDENSATOR SPAREPARTS,14.33,341530.62826086953,37.38,890887.2913043478,25.247455819162802,601729.2008309294,19.0,416100.0,2024-10
KAPASITOR POMPA AIR 20UF 450VAC CAPASITOR KOTAK 20 UF 450V CONDENSATOR,5.9,140320.0,1.04,24734.372881355932,3.5980982524455,85573.75369205975,2.0,43800.0,2024-10
KAPASITOR POMPA AIR 25UF 450VAC CAPASITOR BULET CONDENSATOR SPAREPARTS,2.71,73542.48085106382,16.38,444511.37872340425,9.18469071791564,249249.05581005706,14.0,362600.0,2024-10
KAPASITOR POMPA AIR 6 UF 450VAC CAPASITOR BULET CONDENSATOR SPAREPARTS,11.29,132204.96694214875,10.39,121666.04132231406,10.863721898601018,127213.28560436184,24.0,285500.0,2024-10
KAPASITOR POMPA AIR 8UF 450VAC CAPASITOR BULET CONDENSATOR SPAREPARTS,7.0,96149.2,5.67,77880.852,6.370055694599282,87496.5369987379,8.0,102400.0,2024-10
KARET SEAL ORING BLENDER BUMBU CHOPPER GELAS NATIONAL MIYAKO PAKING,5.95,21102.956204379563,3.85,13654.854014598539,4.9553510967357095,17575.21969272906,0.0,0.0,2024-10
KARET SEAL ORING BLENDER PHILIP 1741,4.19,16760.0,1.12,4480.0,2.7359180318945855,10943.672127578342,3.0,12000.0,2024-10
KIPAS IMPELLER JET DAB 255 IMPELAR GADING MESIN POMPA AIR SPAREPARTS,4.29,95434.11428571428,2.07,46048.62857142857,3.238514016549179,72043.05752243401,0.0,0.0,2024-10
KIPAS PENDINGIN GP 125 NATIONAL NASIONAL PANASONIC FAN POMPA AIR,3.24,16325.419354838712,1.14,5744.129032258064,2.24535109673571,11313.672300326385,3.0,15000.0,2024-10
KLEP TABOK KARET SEDOT PLENES POMPA AIR PLENNES PLANES OVAL PACKING,6.9,18998.702290076337,4.22,11619.496183206105,5.63063854250081,15503.597880000321,8.0,23200.0,2024-10
KNOP KOMPOR GAS HITACHI TODACHI TOMBOL PUTARAN CETEKAN PEMANTIK,4.33,11805.617647058823,1.62,4416.882352941177,3.046429272454178,8305.999810485362,0.0,0.0,2024-10
KNOP KOMPOR GAS RINNAI TOMBOL PUTARAN CETEKAN SWITCH PEMANTIK,21.86,63288.65060240964,7.13,20642.63855421687,14.883248407103334,43089.693882252184,2.0,5800.0,2024-10
"Kabel Buntung AC Power listrik Colokan Gepeng Oval SNI Serbaguna 1,2m",8.52,50942.5,2.77,16562.291666666668,5.796556574395396,34658.57785107247,0.0,0.0,2024-10
Karet seal Oring sil blender Mounting gelas Nasional Miyako Gmc sanex,15.76,56475.124490644484,29.49,105675.8516008316,22.263109258008903,79778.67175728887,11.0,42900.0,2024-10
LAMPU GOSOKAN BAJU SETERIKA SETRIKA INDIKATOR RESISTOR 1 PCS,16.29,13352.308988764045,25.57,20958.780898876405,20.685400867758382,16955.056104527797,24.0,19800.0,2024-10
"LEHER KIPAS ANGIN COSMOS DINDING WALL FAN PLAT 12"" 16""",12.86,80211.85074626865,4.44,27693.671641791047,8.871931540245082,55337.017771170445,6.0,35400.0,2024-10
"LEHER KIPAS ANGINCOSMOS TIANG BERDIRI STAND FAN PLAT 12"" 16"" SPAREPART",8.14,50086.4375,2.52,15505.875,5.478130077930805,33707.619135767985,0.0,0.0,2024-10
LEM KOREA HANDSOME SEBAGUNA MULTIFUNGSI EPOTEC BESI POWERGLUE ( 1pcs),16.38,42165.098181818175,25.93,66748.53454545455,20.90328429817808,53808.854380655495,6.0,16800.0,2024-10
LEM PIPA ISARPLAS TUBE 45GR FOX FITING PVC,1.9,17942.045454545452,2.66,25118.863636363636,2.2599681745146953,21341.290375246725,1.0,9600.0,2024-10
LIS KIPAS ANGIN MULTI RING GAWANG PENGIKAT KIPAS ANGIN,6.76,62993.18518518518,3.17,29539.7037037037,5.059624017752951,47148.200106171935,4.0,37600.0,2024-10
"Leher kipas angin COSMOS Dinding wall fan kipas angin COSMOS 12"" 16""",5.95,35795.282638888886,7.48,44999.78388888889,6.674672772378268,40154.92410241617,1.0,5900.0,2024-10
"Leher kipas angin COSMOS tiang berdiri stand fan leher Cosmos 12"" 16"".",13.33,80130.33834586466,9.64,57948.721804511275,11.582259784264174,69624.18569563313,0.0,0.0,2024-10
MOUNTING PISAU BLENDER JUS PHILIP HR 2061 2115 2116 2071 MANGKOK GELAS,2.57,93805.0,1.19,43435.0,1.9163735778548947,69947.63559170366,0.0,0.0,2024-10
MOUNTING PISAU BLENDER NATIONAL MIYAKO LAMA MANGKOK JUS JUICE GELAS,2.29,64625.379310344826,2.31,65189.793103448275,2.2994728466977548,64892.70957715319,0.0,0.0,2024-10
NITTO ISOLASI LISTRIK 3/4 INCH 25 METER HITAM ISOLASI KABEL.,7.14,56621.769230769234,9.53,75574.9945054945,8.272005180381738,65598.81910354375,3.0,27000.0,2024-10
ORING KARET TUTUP IMPELLE SHIMIZU 4 BAUT PS 128 130 135 SEMI JETPAM,5.86,10356.91304347826,6.48,11452.695652173914,6.153658247630409,10875.922076790266,9.0,16200.0,2024-10
OTOMATIS MAGIC COM RICE COOKER KAKI PIN 3 ELEMENT THERMOSTAT MTS PER.,4.67,37706.48387096774,7.42,59910.51612903226,5.972516420941332,48223.253553600494,0.0,0.0,2024-10
OTOMATIS PER MAGIC COM RICE COOKER KAKI PIN 2 ELEMEN THERMOSTAT MTS,6.38,52063.604395604394,1.7,13872.747252747253,4.163353872725296,33974.79764709676,2.0,17000.0,2024-10
OTOMATIS PM5 PRESSURE SWITCH JETPUMP POMPA AIR SAN-EI PM 5 SEMI,4.57,258357.33333333337,2.97,167904.00000000003,3.8121722641795883,215514.80533495275,8.0,440000.0,2024-10
PINION KIPAS ANGIN MASPION / PEN STOP/ TARIKAN GEARBOX DINAMO,6.33,21052.045454545456,4.41,14666.59090909091,5.420606717015506,18027.62385431672,5.0,17500.0,2024-10
PINION PANASONIC NASIONAL PEN STOP TARIKAN GEARBOX KIPAS ANGIN GEAR,22.67,80776.18686868687,108.22,385602.0707070707,63.19010174964762,225154.6302241232,0.0,0.0,2024-10
PISAU BLENDER MASPION JUS + SEAL PUTIH MOUNTING SPAREPART STAINLES,2.0,26742.85714285714,1.67,22330.285714285714,1.8436980294870398,24652.87650856956,0.0,0.0,2024-10
RADAR PELAMPUNG AIR OTOMATIS TOREN ST 70 AB ORIGINAL SHINTUNG POMPA,1.05,58665.46875,1.53,85483.96875,1.2773483207461234,71367.8457081873,0.0,0.0,2024-10
SEAL BLENDER JUS PHILIP BARU 2061 2071 2115 2116 KARET PISAU MOUNTING,3.71,14028.4375,2.94,11116.875,3.3452954021364265,12649.398239328362,0.0,0.0,2024-10
SEAL KARET PENGAMAN TABUNG GAS LPG ELPIJI REGULATOR SILIKON,81.43,50562.940625,81.27,50463.590625,81.35421722641794,50515.88425902889,40.0,24000.0,2024-10
SEAL PDL 255 PEDROLO SIL POMPA AIR MS 14 PDR KARET SPAREPARTS MACHANIC,53.62,359906.13513513515,78.43,526434.8783783785,65.37106632856525,438781.19791078864,50.0,300000.0,2024-10
SEAL SANYO 100 101 PH 100 SIL POMPA AIR,7.81,55438.40322580645,2.52,17887.935483870966,5.304432048443763,37652.91200838871,0.0,0.0,2024-10
SEAL SHIMIZU SMZ 230 GOLSTAR GS 250 SIL POMPA AIR PS 226,13.9,108785.78947368421,5.43,42496.8947368421,9.888249423500696,77388.56259339755,3.0,23700.0,2024-10
SEAL SIL POMPA AIR PANASONIC NATIONAL NASIONAL GP 200 MECHANICAL,14.95,97930.71428571429,3.62,23712.98901098901,9.58363234572171,62778.0575965353,3.0,14700.0,2024-10
SELANG PEMBUANGAN AIR MESIN CUCI MULTI 1-2 TABUNG PANJANG SAMPAI 2M,2.48,31341.0,3.11,39302.625,2.778394670979287,35111.962654500734,0.0,0.0,2024-10
SELANG PEMBUANGAN MESIN CUCI MULTI 1.2 METER,2.48,21150.857142857145,2.83,24135.857142857145,2.6457748172107145,22564.679512497096,0.0,0.0,2024-10
SINGER OIL MINYAK PELUMAS MESIN JAHIT RANTAI SEPEDA 80CC,6.05,44556.470588235294,22.38,164822.11764705883,13.784579328717072,101519.37246796339,11.0,84700.0,2024-10
SNAP RING S12 RETAINER CIRCLIP POMPA AIR EXTERNAL EKSTERNAL RETAINING,20.95,19317.132352941175,25.62,23623.147058823528,23.161909703925822,21356.64321229631,20.0,20000.0,2024-10
SPINER KIPAS ANGIN KUNCI MUR BALING MASPION FAN DINDING PLAFON DINAMO,6.05,16667.156862745098,6.25,17218.13725490196,6.144728466977551,16928.124502163646,0.0,0.0,2024-10
STIK MIXER PHILIPS GARPU STICK KOCOKAN PENGADUK ADONAN KUE SEPASANG,1.86,47416.90140845071,2.76,70360.56338028169,2.286278101398981,58283.99103566417,0.0,0.0,2024-10
SWITCH EXHAUST SAKLAR TARIKAN FAN DINAMO MASPION HEXOS DINDING,2.76,20545.44,0.48,3573.12,1.6800954764559133,12506.630726737818,0.0,0.0,2024-10
SWITCH FAN KIPAS ANGIN MASPION LURUS 4 PIN SAKLAR ON OFF TIANG BERDIRI,2.33,17859.135135135137,1.37,10500.864864864865,1.875303358507753,14373.946823589156,2.0,14800.0,2024-10
SYNCHRONOUS MOTOR ROTARY ROTARI SINKRONUS SWING DINAMO KIPAS ANGIN,16.81,211762.2239583333,4.54,57192.177083333336,10.99840855092722,138551.30605274826,10.0,127800.0,2024-10
Siltip sealtape isolatip Hachi sealtape isolasi keranpipa air.,5.33,15375.000000000002,7.47,21548.076923076922,6.343594596659799,18298.830567287885,2.0,5800.0,2024-10
Swit tembok kipas angin wall fan saklar tarikan DinamoDindingPlafon,2.29,11408.109756097561,6.43,32032.378048780487,4.250879266435314,21176.636345595438,1.0,5200.0,2024-10
Switch Micro 3 Pin Saklar Mikro Otomatis Rice Cooker Majic Com Jer lim,14.05,83738.0,5.29,31528.4,9.900893146383247,59009.32315244415,0.0,0.0,2024-10
Switch Micro Limid Tombol Pin 3 Magicom Rice Cooker Majic Com Jer,5.62,33720.0,5.67,34020.0,5.643682116744387,33862.09270046632,6.0,36000.0,2024-10
"T Kuningan Tebal Tee Jet Pump 3 Way 1"" Sambungan Otomatis Pompa Air",2.38,76017.2,2.85,91029.0,2.602611897397246,83127.42400286804,0.0,0.0,2024-10
TABUNG ANGIN 2 LITER TANGKI PRESSURE TANK SPART PART POMPA AIR,1.57,95112.5625,1.02,61792.875,1.3094967158117334,79330.94791476958,4.0,239800.0,2024-10
TABUNG POMPA AIR PVC FIBER TENGKI OTOMATIS 2 LITER,4.9,134852.08333333334,1.57,43207.708333333336,3.3227710248237687,91445.42757900413,0.0,0.0,2024-10
TALI PEMBUANGAN AIR DRAIN REM MESIN CUCI 2 TABUNG TARIKAN,6.05,28402.0,2.85,13379.454545454548,4.534344528359177,21286.686494951628,3.0,14400.0,2024-10
TERMOSTAT BIMETAL PENGATUR SUHU SAKLAR OTOMATIS DISPENSER MAGIC COM,17.76,76063.0303030303,11.21,48010.50505050505,14.657642706485191,62776.16674292647,0.0,0.0,2024-10
TIMAH SOLDER 0.8mm 10M 60/40 TIM TINOL TENOL KAWAT KWALITAS BAGUS,3.33,57931.847560975606,1.82,31662.451219512193,2.6148000743194864,45489.54934171296,0.0,0.0,2024-10
"TUSEN KLEP 1/2"" INCH TUSSEN TOSSEN PVC PLASTIK FOOT VALVE",1.38,8047.57894736842,1.99,11604.842105263157,1.6689218242815316,9732.449375283879,3.0,19500.0,2024-10
"TUSEN KLEP 3/4"" INCH TUSSEN TOSSEN PVC PLASTIK FOOT VALVE",2.95,19807.14285714286,1.6,10742.857142857145,2.310582847901528,15513.91340733883,4.0,27600.0,2024-10
Tarikan pinion baut gearbox kipas angin cabutan Cosmos Miyako Multifan,8.52,16678.261016949153,4.72,9239.6,6.7201591274265216,13154.996244442815,2.0,4000.0,2024-10
Tarikan pinion socket gerbox cabutan kipas angin CosmosMiyakoMaspion,11.57,22588.035972696245,31.05,60618.71365187713,20.796552683613506,40600.97494602718,12.0,24000.0,2024-10
Tutup sendok Blender Nasional National tutup gelas juice blender NS.,1.81,14731.067111111111,2.5,20346.777777777777,2.1368132110725524,17390.90542332519,0.0,0.0,2024-10
"WATERMUR 1/2 "" INCH POLOS WATERMOER SAMBUNGAN PIPA UNION SOCKET PVC",3.48,27840.0,3.66,29280.0,3.565255620279796,28522.044962238368,1.0,8000.0,2024-10
"WATERMUR 3/4 "" INCH POLOS WATERMOER SAMBUNGAN PIPA PVC UNION SOCKET",2.24,17920.0,2.46,19680.0,2.344201313675306,18753.61050940245,0.0,0.0,2024-10
"WATERMUR 3/4""INCH DRAT LUAR WATER MUR UNION SOCKET SANYO PVC 1 × 3/4""",13.9,111200.0,16.76,134080.0,15.254617077778985,122036.93662223188,0.0,0.0,2024-10
"WATERMUR1/2"" INCH DRAT LUAR WATERMOR UNION SOCKET SANYO PCV 1×1/2""",6.9,55200.0,4.69,37520.0,5.853250439898057,46826.00351918445,0.0,0.0,2024-10
arang blender Philip,5.81,26538.292307692307,3.99,18225.09230769231,4.947970950504281,22600.8088493034,0.0,0.0,2024-10
bearing nkn 608 2RS ball laher.,3.48,20315.74754716981,4.93,28780.64235849056,4.166781385587247,24325.080090183026,9.0,57600.0,2024-10
bos kipasangin dinamoNational boshing fanpanasonic KDK dindingportable,20.0,60083.85964912281,8.76,26316.730526315787,14.676260155861607,44090.3177689401,0.0,0.0,2024-10
carbon arang blender Philips brush karbon kaleng bulet,54.19,233424.88172043013,62.98,271288.0430107527,58.353316123663376,251358.47784021022,48.0,216000.0,2024-10
drat besar kopel gear gigi karet pisau blender.,5.86,16011.698717948719,23.76,64921.15384615385,14.338197794490853,39177.287242959785,5.0,17500.0,2024-10
gear konektor Miyako baru blender/ gigi lower mesin dinamo Blender.,26.43,85020.94949494948,50.79,163383.0505050505,37.967927277865755,122136.55798408398,104.0,249600.0,2024-10
"kapasitas kipas angin 1,5uf mikro 450V capasitor kotak spareparts",13.81,46753.07072072072,3.98,13474.092792792791,9.154095848053347,30990.7379122588,2.0,7400.0,2024-10
"kapasitor 3 uf capasitor 3,0 mickro 450V kotak.spartparts kipas angin",8.1,47726.88311688312,10.19,60041.5974025974,9.08991247991541,53559.65314464444,1.0,6300.0,2024-10
"kapasitor 3,5uf mickro 450V kotak capasitor kipas angin spareparts",9.67,63135.74193548387,2.61,17040.774193548386,6.326085115692434,41303.2137876177,1.0,5900.0,2024-10
kapasitor 4 uf mickro capasitor kipas angin 450V kotak spareparts,1.9,16898.125,6.51,57898.3125,4.08349116383256,36317.549538335836,0.0,0.0,2024-10
kapasitor kipas angin 2 uf mickro 450V capasitor kotak spareparts,15.67,72177.82807692308,5.83,26853.652692307693,11.009359424704469,50710.379820891634,10.0,49000.0,2024-10
"kapasitor kipas angin 2,5uf mickro kotak 450V capasitor spareparts",10.95,52955.783132530116,9.2,44492.530120481926,10.121125913946424,48947.22821515777,1.0,5100.0,2024-10
konektor blender maspion conektor kecil gigi atas mesin gear ger lower,17.19,59846.153225806454,16.16,56260.25806451613,16.70214839506561,58147.72146895019,7.0,24500.0,2024-10
kopel Miyako baru pisau baut flange gigi blender gear upper konektor.,13.0,41198.61751152074,31.29,99161.90322580645,21.662918305097076,68652.4834950012,0.0,0.0,2024-10
kopel gigi karet blender drat lobang kecil gear RRT pisau blender,5.76,16867.34328358209,11.91,34876.746268656716,8.672900359559705,25397.358963367373,5.0,17500.0,2024-10
oring seal AS kipas angin umum.,74.19,36737.61782101167,120.28,59560.59673151751,96.02017521497672,47547.54684127769,60.0,30000.0,2024-10
seal 2 ply mounting bumbu blender Philip karet 2061-2071-2115-2116mill,2.95,11393.103448275862,4.5,17379.310344827587,3.6841456190760233,14228.424459879814,2.0,8000.0,2024-10
seal pompa air Shimizu 100- 125/sil pompa air Shimizu simitsu 125.,41.14,239564.13091954024,36.55,212835.9014367816,38.96598168286519,226904.50989991066,25.0,122500.0,2024-10
seal pompa air Toyomoto 125 sil TM 125 marcanical seal Ty mekanik,8.1,46748.57142857143,3.43,19796.0,5.888090296074173,33982.6925659138,20.0,98000.0,2024-10
seal sil pompa air Panasonic National GP125 Nasional Spareparts pompa,7.86,43865.70146341464,58.9,328713.71707317076,32.03470477267112,178781.7806649638,19.0,93100.0,2024-10
spiner AS kipas angin Cosmos Miyako/kunci mur baling kipas angin,7.9,24732.266666666666,9.82,30743.146666666667,8.809393282984495,27579.27390459679,0.0,0.0,2024-10
AS 6mm KIPAS ANGIN KECIL 7 IN 9 IN BATANG BESI,35.38,237026.01129943505,28.23,189125.05084745763,32.05198588845917,214730.19698607278,21.0,136500.0,2024-11
"AS DINAMO KIPAS ANGIN MODEL COSMOS,MIYAKO,UMUM-RRT.",22.86,147860.4255319149,21.48,138934.46808510637,22.217670003646667,143705.78044911887,16.0,80000.0,2024-11
AS EXHAUST FAN MASPION EXOS EXSOS EXAUST KIPAS ANGIN,34.95,201140.81632653065,10.0,57551.02040816327,23.33685984853933,134306.0097405733,6.0,27000.0,2024-11
AS EXHAUST PANASONIC NATIONAL DINAMO MASPION EXOSOS FAN KIPAS ANGIN,5.05,30644.53271028037,10.97,66568.42056074766,7.805502593051992,47365.540501576244,0.0,0.0,2024-11
AS Exhaust/Exaust/Exsos Maspion Panasonic National multi kipas angin.,11.19,65288.56363636364,3.06,17853.70909090909,7.405838499744479,43209.70135578188,7.0,31500.0,2024-11
AS FAN KIPAS ANGIN COSMOS MOYAKO DRAT KASAR DINAMO PLAFON DINDING PORT,30.05,191385.11111111112,43.5,277046.6666666667,36.31039018184954,231256.84058040174,9.0,45000.0,2024-11
AS KIPAS ANGIN MIYAKO COSMOS SEKAI FAN DINAMO DRAT HALUS,50.86,324232.5,46.02,293377.5,48.607190447572364,309870.8391032738,2.0,11300.0,2024-11
AS KIPAS ANGIN MIYAKO COSMOS SEKAI FAN DINAMO DRAT HALUS - KASAR - as drat halus,29.67,184597.78301886792,4.7,29241.98113207547,18.047550718157396,112286.41225117737,6.0,33000.0,2024-11
AS KIPAS ANGIN MIYAKO COSMOS SEKAI FAN DINAMO DRAT HALUS - KASAR - as drat kasar,18.05,111007.5,7.41,45571.5,13.097542636811964,80549.88721639357,6.0,30000.0,2024-11
AS KIPAS ANGIN REGENCY 10 CM DIAMETER 10 MM,11.81,98795.19230769231,34.44,288103.8461538461,22.343281027156515,186910.13936179006,7.0,59500.0,2024-11
"AS fan kipas angin Maspion16""panjang20,5cm plafonportabledindingdinamo",26.48,171153.57664233577,5.57,36001.71532846716,16.747304185689675,108246.26172575334,10.0,65000.0,2024-11
"AS fan kipas angindinding portable panasonic Nasional KDK pajang20,5cm",2.05,18729.545454545452,1.78,16262.727272727272,1.9243267398439126,17581.34885039211,0.0,0.0,2024-11
"AS kipas angin model Maspion 18,5 cm.AS Maspion 12""/inci",36.0,229559.10447761195,4.55,29013.72014925373,21.361392474411296,136213.94796724044,59.0,336800.0,2024-11
"AS kipas angin model Maspion 20,5 cm.AS Maspion 16""/inci",76.81,496992.99304038007,63.26,409318.79624703084,70.5030641662408,456184.4665863557,52.0,338900.0,2024-11
Arang Mixer karbon carbon brush mixer blender umum,14.29,62528.40540540541,1.57,6869.810810810812,8.369393077090992,36621.74970759545,3.0,13500.0,2024-11
Arang blender carbon brush bostel arang sepul blender plat kotak.,17.19,76910.76404494382,4.57,20446.898876404495,11.315938729000656,50629.28990885462,3.0,13500.0,2024-11
BEARING 629 NKN 2 RS BERING BUSHING BALL LAHER BANTALAN,2.9,19919.375,8.56,58796.5,5.5344838980868705,38014.98627498419,4.0,30000.0,2024-11
"BOS KIPAS ANGIN BOSHING BOSSING BOSING BREKET KUPING 7 "" 9 "" IN AS 6MM",6.05,37531.801801801805,8.89,55150.03603603604,7.371896514234402,45732.32378109738,9.0,58500.0,2024-11
BOSHING BOSSING BOSING KIPAS ANGIN REGENCY 10MM BULET BOS MESIN CUCI,16.1,55880.41666666667,29.67,102979.62500000001,22.41624496414114,77803.05022970654,6.0,21000.0,2024-11
BOSHING BOSSING BOSING KIPAS ANGIN REGENCY 10MM GUCI BOS MESIN CUCI,7.81,27087.683333333334,4.11,14254.850000000002,6.087810879342506,21114.557399852925,0.0,0.0,2024-11
"BOSHING BOSSING BOSING KIPAS ANGIN REGENCY BOS MESIN CUCI 12 "" GUCI",5.24,24590.57142857143,3.51,16471.928571428572,4.434760221962847,20811.696184497076,5.0,24000.0,2024-11
Bos kipas angin boshing Maspion Gentong guci Dinamofandindingportable,10.48,23838.506666666664,29.38,66829.70666666667,19.277128210926122,43849.04097045328,0.0,0.0,2024-11
Bos mesin cuci bulet 10mm boshing fan kipasangin dinamo regenci umum,7.62,24153.394736842107,12.51,39653.40789473685,9.896082378382474,31367.976907267606,2.0,7000.0,2024-11
CASING COVER TUTUP IMPELLER CAP SHIMIZU GOLDSTAR 130 PS 128 130 135,2.67,61726.18421052632,2.48,57333.68421052632,2.5815632613716426,59681.66645039443,0.0,0.0,2024-11
ELEMEN BODY SAMPING MAGIC COM PEMANAS RICE COOKER KABEL SABUK HEATER,23.52,268201.5,27.9,318147.1875,25.558699553643194,291449.0458476375,13.0,157100.0,2024-11
ELEMEN TUTUP ATAS MAGIC COM JAR PEMANAS TOP HEATER RICE COOKER KOTAK,66.86,610111.7053824362,34.94,318834.92351274786,52.00262791043589,474535.0283997056,38.0,321000.0,2024-11
FUSE KIPAS ANGIN SEIRING THERMAL 2A THERMOFUSE KOTAK 250V,30.0,33894.73684210527,35.7,40334.73684210527,32.653102158850736,36892.2768250875,10.0,13000.0,2024-11
GEAR GIGI MIXER MASPION BARU MT 1150 ADONAN MESIN (SEPASANG),3.95,30941.666666666668,2.72,21306.666666666668,3.3774884815111577,26456.993105170735,2.0,15800.0,2024-11
GEAR GIGI MIXER MASPION SEPASANG,4.33,34080.708333333336,2.57,20228.041666666664,3.5107965263899485,27632.894326460886,0.0,0.0,2024-11
GEAR GIGI MIXER MIYAKO HM 620 625 650 GRIGI SESET SEPASANG,60.62,459020.81783439487,45.34,343319.10063694266,53.507824388203645,405166.6992941672,121.0,713900.0,2024-11
GEAR GIGI MIXER MIYAKO HM 625 HM 620 628 650 GRIGI,12.33,47897.307692307695,16.64,64640.00000000001,14.336117597306433,55690.30297415191,0.0,0.0,2024-11
GEAR GIGI MIXER PHILIP SESET SEPASANG.,5.0,38500.0,12.63,97251.0,8.551433240707212,65846.03595344553,2.0,15800.0,2024-11
GEAR KOPEL BLENDER PHILIP BARU 2061 2071 2115 2116 PLASTIK GIGI BAGUS,10.62,33503.094339622636,6.22,19622.33962264151,8.571991315974872,27042.206566622615,0.0,0.0,2024-11
GEAR KOPEL BLENDER PHILIP BARU 2061 2071 2115 2116 PLASTIK GIGI PISAU,5.19,14648.327586206899,4.75,13406.46551724138,4.985199131597488,14070.294790388083,0.0,0.0,2024-11
GEAR KOPEL BLENDER PHILIP LAMA 2815 COPEL BAUT UPPER MOUNTING PISAU,4.86,13353.784615384617,5.19,14260.523076923078,5.013600651301886,13775.831943423334,0.0,0.0,2024-11
GEARBOX KIPAS ANGIN COSMOS / SEKAI / MIYAKO / RRT KOTAK GEARBOK GIRBOK,8.1,67247.20588235294,36.44,302529.4052287581,21.291037751198214,176760.8393955278,4.0,23200.0,2024-11
GEARBOX WALLFAN MIYAKO TARIK WALL FAN GEAR BOX KIPAS ANGIN DINDING,5.14,76285.71578947369,5.44,80738.18947368422,5.279636955728987,78358.14869189564,0.0,0.0,2024-11
Gear Kopel Maspion Upper Blender Mounting Baut Pisau Flange gigi Spare,8.43,24555.252827586206,22.5,65538.93103448277,14.978973223689447,43631.37302554429,4.0,14000.0,2024-11
Gear Kopel Maspion Upper Blender Mounting Baut Pisau Flange gigi putih,6.0,18811.11111111111,6.67,20911.685185185186,6.311855867794735,19788.837007734233,1.0,3500.0,2024-11
Gear box kipas angin Maspion bintang girbok/gear bok kipas angin12 16,1.9,23867.289714285715,5.5,69089.52285714286,3.575643468747833,44916.27293873581,2.0,29400.0,2024-11
"Gear box/girbox/gearbox/gear bok kipas angin Cosmos Miyako,umum.rrt",9.71,64360.11928429424,4.93,32677.17693836978,7.485117838718157,49613.087225221345,5.0,25000.0,2024-11
"Gigi konektor Miyako lama gear lower panasonic,nasional drat besar POM",13.24,45484.3537414966,44.53,152977.21088435376,27.804134482533247,95517.60485496116,0.0,0.0,2024-11
Gigi konektor blender Miyako drat lubang kecil gear lower National,4.24,15009.6,3.42,12106.8,3.8583256543407716,13658.472816366331,1.0,2900.0,2024-11
Gigi konektor blender Miyako drat lubang kecil gear lower National RRT,11.76,40274.653855670105,71.89,246202.79470103094,39.74790049327977,136125.2494775903,115.0,325800.0,2024-11
IMPELLER JET DAB 370 KIPAS IMPELAR GADING MESIN POMPA AIR SPAREPARTS,4.76,112078.16666666666,2.15,50623.541666666664,3.5451584851578213,83473.71083177853,5.0,122500.0,2024-11
IMPELLER KUNINGAN NATIONAL PANASONIC GP 125 129 POMPA AIR KIPAS SANEI,3.95,105535.4458598726,4.59,122634.85987261146,4.247892172221837,113494.479584834,3.0,89700.0,2024-11
IMPELLER KUNINGAN POMPA AIR SHIMIZU PS 105 130 135 KIPAS GOLSTAR SANEI,5.67,156833.9312977099,5.97,165132.02290076335,5.809636955728986,160696.33213041205,0.0,0.0,2024-11
IMPELLER KUNINGAN PS 226 230 SHIMIZU POMPA AIR KIPAS BIT SPAREPARTS.,1.9,92188.0,1.66,80543.2,1.7882904354168112,86767.85192642368,0.0,0.0,2024-11
IMPELLER KUNINGAN SANYO SY 136 PWH IMPELER KIPAS POMPA AIR,4.38,117809.48571428572,0.56,15062.400000000001,2.6019560970509112,69985.18485039222,0.0,0.0,2024-11
KABEL TIES 10CM CABLE TIES KABEL TIS CABLE TIE 2.5 × 100MM ISI 100PCS,1.9,9206.50406504065,0.74,3585.6910569105694,1.3600704378479207,6590.260007783421,0.0,0.0,2024-11
"KAPASITOR 1,5UF, 2UF, 2,5UF, 3UF, 3,5UF MIKRO CAPASITOR KIPAS ANGIN - 1,5UF",33.62,119934.53836784408,91.2,325342.94762484776,60.42098636958339,215543.22153378298,76.0,258400.0,2024-11
"KAPASITOR 1,5UF, 2UF, 2,5UF, 3UF, 3,5UF MIKRO CAPASITOR KIPAS ANGIN - 2,5UF",28.29,140049.48187808896,83.39,412821.71416803956,53.93665420222377,267013.0956259841,104.0,514800.0,2024-11
"KAPASITOR 1,5UF, 2UF, 2,5UF, 3UF, 3,5UF MIKRO CAPASITOR KIPAS ANGIN - 2UF",56.19,269296.1200657895,113.1,542042.9111842106,82.67913050178865,396247.8920545427,11.0,49500.0,2024-11
"KAPASITOR 1,5UF, 2UF, 2,5UF, 3UF, 3,5UF MIKRO CAPASITOR KIPAS ANGIN - 3,5UF",13.38,88683.57894736843,23.53,155958.49122807017,18.104383668830696,119997.12544007433,7.0,41300.0,2024-11
"KAPASITOR 1,5UF, 2UF, 2,5UF, 3UF, 3,5UF MIKRO CAPASITOR KIPAS ANGIN - 3UF",11.1,63492.60989010989,35.97,205750.37637362638,22.675903629932947,129707.41469198733,6.0,33000.0,2024-11
"KAPASITOR 1.5UF 1,5UF 1.5 UF 1,5 UF 450V MIKRO CAPASITOR KIPAS ANGIN",73.05,256794.74452554743,134.89,474182.65693430655,101.83383114093499,357979.36552900943,53.0,185500.0,2024-11
KAPASITOR 10 UF 450V KOTAK KABEL SAN EI CAPACITOR PETAK POMPA AIR,5.71,80453.9,2.2,30998.000000000004,4.076247617970863,57434.328937209466,2.0,27000.0,2024-11
KAPASITOR 100UF 100 MFD UF 250V 250 VAC CAPASITOR STARTING AC MOTOR,6.9,206469.23076923078,2.31,69122.30769230769,4.763554577346514,142540.21004521492,2.0,46000.0,2024-11
KAPASITOR 12 UF 450V KOTAK KABEL SAN EI CAPACITOR PETAK POMPA AIR,4.1,64015.4054054054,1.81,28260.45945945946,3.03410457126874,47373.0327249176,2.0,31800.0,2024-11
KAPASITOR 150UF 150 MFD UF 250V 250 VAC CAPASITOR STARTING AC MOTOR,9.62,346320.0,3.09,111240.0,6.58056893029907,236900.4814907665,3.0,108000.0,2024-11
KAPASITOR 200UF 200 MFD UF 250V 250 VAC CAPASITOR STARTING AC MOTOR,2.24,98182.73684210527,1.62,71007.15789473684,1.9514169581600957,85533.68646082777,1.0,44000.0,2024-11
KAPASITOR 250UF 250 MFD UF 250V 250 VAC CAPASITOR STARTING AC MOTOR,2.67,146850.0,2.01,110549.99999999999,2.3627986973962307,129953.92835679269,0.0,0.0,2024-11
KAPASITOR 2UF 2 UF 400V 400 V 450V 450 V VOLT CAPASITOR KIPAS ANGIN,7.76,36130.56,8.99,41857.44,8.332511518488843,38796.17363008406,5.0,24500.0,2024-11
KAPASITOR 3 UF 450V 3UF 450 V 400 VOLT CAPASITOR 3 MICKO KIPAS ANGIN,12.95,76511.64705882352,2.68,15834.070588235294,8.16976154887771,48268.87352760454,0.0,0.0,2024-11
KAPASITOR 300UF 300 MFD UF 250V 250 VAC CAPASITOR STARTING AC MOTOR,2.95,182900.0,1.55,96100.0,2.298360873264732,142498.37414241338,1.0,62000.0,2024-11
KAPASITOR 30UF 450 VAC CAPASITOR BULET CONDENSATOR SPAREPARTS DINAMO,7.24,221594.44262295082,8.55,261689.56967213115,7.849748040016573,240256.98089199903,9.0,269100.0,2024-11
KAPASITOR 35 UF 450VAC CAPASITOR BULET CONDENSATOR SPAREPARTS,8.57,313012.24836601305,7.97,291097.7385620915,8.290726088542028,302811.996914971,6.0,207000.0,2024-11
KAPASITOR 4 UF 450V 4UF 450 V POMPA AIR CAPASITOR,15.43,142923.8818181818,14.47,134031.66363636364,14.983161741667246,138784.94089622505,19.0,161500.0,2024-11
KAPASITOR 40UF 450VAC CAPASITOR 40 UF 450 VAC BULET CONDENSATOR,7.71,307380.8620689655,8.41,335288.3333333334,8.035819563367635,320370.57650046714,0.0,0.0,2024-11
KAPASITOR 5 UF 450 V KOTAK CAPACITOR PETAK POMPA AIR SAN EI,32.86,321406.0071428572,33.12,323949.0857142857,32.98101869496512,322589.6996425035,54.0,534600.0,2024-11
KAPASITOR 50 UF 50UF 450VAC 450 VAC CAPASITOR BULET CONDENSATOR,9.86,471957.24307692307,12.96,620341.3661538463,11.302915209199522,541023.6004935121,44.0,2156000.0,2024-11
KAPASITOR 500UF 500 MFD UF 250V 250 VAC CAPASITOR STARTING AC MOTOR,3.57,317730.0,0.43,38270.0,2.1084665300366128,187653.52117325854,0.0,0.0,2024-11
KAPASITOR 6 UF 450V KOTAK KABEL CAPACITOR PETAK SAN EI POMPA AIR.,13.9,168732.43902439027,2.33,28283.926829268297,8.514668074052105,103359.76342574958,8.0,95200.0,2024-11
KAPASITOR 8 UF 450V KOTAK KABEL SAN EI CAPACITOR PETAK POMPA AIR,16.14,216446.89411764705,10.5,140811.17647058822,13.514825232295063,181241.75626227225,12.0,154800.0,2024-11
KAPASITOR POMPA AIR 10UF 450VAC CAPASITOR BULET CONDENSATOR SPAREPART,8.1,116539.61538461538,2.86,41148.555555555555,5.661007839933711,81448.35510557618,54.0,729000.0,2024-11
KAPASITOR POMPA AIR 12UF 450VAC CAPASITOR BULET CONDENSATOR SPAREPARTS,14.1,220439.84293193716,17.23,269374.3612565445,15.556878904772422,243216.7334949787,25.0,397500.0,2024-11
KAPASITOR POMPA AIR 14 UF 450VAC CAPASITOR BULET CONDENSATOR SPAREPART,3.29,55063.11111111111,19.03,318495.74603174604,10.616285610580801,177679.54837772058,8.0,143200.0,2024-11
KAPASITOR POMPA AIR 16UF 450VAC CAPASITOR BULET CONDENSATOR SPAREPARTS,12.62,231536.9667673716,17.7,324738.85196374625,14.98451911701083,274918.39182411897,17.0,321300.0,2024-11
KAPASITOR POMPA AIR 20UF 450VAC CAPASITOR BULET CONDENSATOR SPAREPARTS,15.43,367747.21521739126,33.98,809854.204347826,24.064218429242302,573528.7954463307,26.0,569400.0,2024-11
KAPASITOR POMPA AIR 20UF 450VAC CAPASITOR KOTAK 20 UF 450V CONDENSATOR,4.9,116536.94915254238,1.0,23783.050847457627,3.0847195755231818,73364.04251481574,4.0,87600.0,2024-11
KAPASITOR POMPA AIR 25UF 450VAC CAPASITOR BULET CONDENSATOR SPAREPARTS,5.86,159025.43829787234,10.84,294169.9234042553,8.177973465101168,221929.31991059438,22.0,569800.0,2024-11
KAPASITOR POMPA AIR 6 UF 450VAC CAPASITOR BULET CONDENSATOR SPAREPARTS,14.71,172252.88429752068,19.09,223542.32231404958,16.748699553643196,196125.88758311607,21.0,249900.0,2024-11
KAPASITOR POMPA AIR 8UF 450VAC CAPASITOR BULET CONDENSATOR SPAREPARTS,7.14,98072.184,5.99,82276.244,6.604725003038887,90719.86075174094,11.0,140800.0,2024-11
KARET SEAL ORING BLENDER BUMBU CHOPPER GELAS NATIONAL MIYAKO PAKING,5.95,21102.956204379563,3.85,13654.854014598539,4.972541309897098,17636.188485248174,2.0,7800.0,2024-11
KARET SEAL ORING BLENDER PHILIP 1741,3.71,14840.0,1.06,4240.0,2.4765402243939567,9906.160897575826,3.0,12000.0,2024-11
KIPAS IMPELLER JET DAB 255 IMPELAR GADING MESIN POMPA AIR SPAREPARTS,4.29,95434.11428571428,2.07,46048.62857142857,3.2566865276055035,72447.318011247,5.0,117500.0,2024-11
KIPAS PENDINGIN GP 125 NATIONAL NASIONAL PANASONIC FAN POMPA AIR,3.14,15821.548387096776,1.11,5592.967741935485,2.1951232662338613,11060.58884470094,0.0,0.0,2024-11
KLEP TABOK KARET SEDOT PLENES POMPA AIR PLENNES PLANES OVAL PACKING,7.43,20458.022900763357,6.31,17374.17557251908,6.908688698611785,19022.626057933365,19.0,55100.0,2024-11
KNOP KOMPOR GAS HITACHI TODACHI TOMBOL PUTARAN CETEKAN PEMANTIK,4.33,11805.617647058823,1.62,4416.882352941177,3.0686128332481593,8366.48263653248,0.0,0.0,2024-11
KNOP KOMPOR GAS RINNAI TOMBOL PUTARAN CETEKAN SWITCH PEMANTIK,17.62,51013.0843373494,11.43,33091.9156626506,14.738824146791924,42671.559547880715,0.0,0.0,2024-11
"Kabel Buntung AC Power listrik Colokan Gepeng Oval SNI Serbaguna 1,2m",8.52,50942.5,2.77,16562.291666666668,5.843625015194434,34940.00790335005,0.0,0.0,2024-11
Karet seal Oring sil blender Mounting gelas Nasional Miyako Gmc sanex,12.86,46083.12823284823,38.05,136350.1577962578,24.58484971604386,88098.50560262454,9.0,35100.0,2024-11
LAMPU GOSOKAN BAJU SETERIKA SETRIKA INDIKATOR RESISTOR 1 PCS,17.9,14671.96629213483,24.66,20212.88764044944,21.046486069093156,17251.024255509503,2.0,1650.0,2024-11
"LEHER KIPAS ANGIN COSMOS DINDING WALL FAN PLAT 12"" 16""",11.24,70107.40298507463,5.77,35989.298507462685,8.693952840541488,54226.90883675057,4.0,23600.0,2024-11
"LEHER KIPAS ANGINCOSMOS TIANG BERDIRI STAND FAN PLAT 12"" 16"" SPAREPART",8.14,50086.4375,2.52,15505.875,5.524134362676995,33990.689250346884,1.0,5900.0,2024-11
LEM KOREA HANDSOME SEBAGUNA MULTIFUNGSI EPOTEC BESI POWERGLUE ( 1pcs),12.29,31636.694545454542,33.53,86312.31636363636,22.17629646561221,57085.819156388665,7.0,19600.0,2024-11
LEM PIPA ISARPLAS TUBE 45GR FOX FITING PVC,1.71,16147.840909090908,2.51,23702.38636363636,2.082365215277296,19664.153339720826,2.0,19200.0,2024-11
LIS KIPAS ANGIN MULTI RING GAWANG PENGIKAT KIPAS ANGIN,6.14,57215.7037037037,2.69,25066.814814814814,4.534175009116661,42251.79378865747,0.0,0.0,2024-11
"Leher kipas angin COSMOS Dinding wall fan kipas angin COSMOS 12"" 16""",4.57,27493.183472222223,7.19,43255.139861111114,5.789496080033145,34829.688827147176,0.0,0.0,2024-11
"Leher kipas angin COSMOS tiang berdiri stand fan leher Cosmos 12"" 16"".",13.33,80130.33834586466,9.64,57948.721804511275,11.612465444533473,69805.76032259031,15.0,88500.0,2024-11
MOUNTING PISAU BLENDER JUS PHILIP HR 2061 2115 2116 2071 MANGKOK GELAS,2.57,93805.0,1.19,43435.0,1.9276700036466643,70359.95513310324,0.0,0.0,2024-11
MOUNTING PISAU BLENDER NATIONAL MIYAKO LAMA MANGKOK JUS JUICE GELAS,2.29,64625.379310344826,2.31,65189.793103448275,2.299309130381933,64888.08938981289,0.0,0.0,2024-11
NITTO ISOLASI LISTRIK 3/4 INCH 25 METER HITAM ISOLASI KABEL.,5.24,41554.35164835165,10.69,84774.04945054946,7.776738029076581,61671.24174377049,4.0,36000.0,2024-11
ORING KARET TUTUP IMPELLE SHIMIZU 4 BAUT PS 128 130 135 SEMI JETPAM,6.9,12195.0,8.65,15287.934782608696,7.714548908419086,13634.626657705907,12.0,21600.0,2024-11
OTOMATIS MAGIC COM RICE COOKER KAKI PIN 3 ELEMENT THERMOSTAT MTS PER.,4.67,37706.48387096774,7.42,59910.51612903226,5.9500054275157055,48041.495435715515,0.0,0.0,2024-11
OTOMATIS PER MAGIC COM RICE COOKER KAKI PIN 2 ELEMEN THERMOSTAT MTS,5.43,44311.18681318681,1.97,16076.065934065933,3.8195204439256942,31168.965732518907,0.0,0.0,2024-11
OTOMATIS PM5 PRESSURE SWITCH JETPUMP POMPA AIR SAN-EI PM 5 SEMI,5.48,309802.6666666667,3.34,188821.33333333334,4.483923049133233,253491.11637766546,5.0,275000.0,2024-11
PINION KIPAS ANGIN MASPION / PEN STOP/ TARIKAN GEARBOX DINAMO,6.1,20287.121212121212,3.97,13203.257575757578,5.108577614324199,16989.890702184268,8.0,28000.0,2024-11
PINION PANASONIC NASIONAL PEN STOP TARIKAN GEARBOX KIPAS ANGIN GEAR,22.67,80776.18686868687,108.22,385602.0707070707,62.48980520871586,222659.3816906517,2.0,9000.0,2024-11
PISAU BLENDER MASPION JUS + SEAL PUTIH MOUNTING SPAREPART STAINLES,2.0,26742.85714285714,1.67,22330.285714285714,1.8463993486981154,24688.997005449084,3.0,41700.0,2024-11
RADAR PELAMPUNG AIR OTOMATIS TOREN ST 70 AB ORIGINAL SHINTUNG POMPA,1.05,58665.46875,1.53,85483.96875,1.2734191291663777,71148.31440739271,0.0,0.0,2024-11
SEAL BLENDER JUS PHILIP BARU 2061 2071 2115 2116 KARET PISAU MOUNTING,3.71,14028.4375,2.94,11116.875,3.3515984802956025,12673.231753617747,0.0,0.0,2024-11
SEAL KARET PENGAMAN TABUNG GAS LPG ELPIJI REGULATOR SILIKON,69.81,43347.646875,104.07,64620.965625,85.75654034425021,53249.451770007865,20.0,12000.0,2024-11
SEAL PDL 255 PEDROLO SIL POMPA AIR MS 14 PDR KARET SPAREPARTS MACHANIC,49.14,329835.6486486487,94.62,635104.7837837839,70.30896248851428,471925.15767628443,10.0,60000.0,2024-11
SEAL SANYO 100 101 PH 100 SIL POMPA AIR,7.81,55438.40322580645,2.52,17887.935483870966,5.3477350139788795,37960.293220195235,12.0,55200.0,2024-11
SEAL SHIMIZU SMZ 230 GOLSTAR GS 250 SIL POMPA AIR PS 226,8.14,63706.210526315794,4.54,35531.47368421053,6.464356531252168,50592.09558932618,6.0,47400.0,2024-11
SEAL SIL POMPA AIR PANASONIC NATIONAL NASIONAL GP 200 MECHANICAL,12.14,79523.67032967033,3.13,20503.21978021978,7.946236762939453,52052.21686140888,29.0,142100.0,2024-11
SELANG PEMBUANGAN AIR MESIN CUCI MULTI 1-2 TABUNG PANJANG SAMPAI 2M,2.48,31341.0,3.11,39302.625,2.773237607030871,35046.790258852634,1.0,12900.0,2024-11
SELANG PEMBUANGAN MESIN CUCI MULTI 1.2 METER,2.48,21150.857142857145,2.83,24135.857142857145,2.642909781683817,22540.244852360556,1.0,8000.0,2024-11
SINGER OIL MINYAK PELUMAS MESIN JAHIT RANTAI SEPEDA 80CC,6.86,50521.88235294118,16.68,122843.29411764706,11.43078301752881,84184.35492909454,1.0,7700.0,2024-11
SNAP RING S12 RETAINER CIRCLIP POMPA AIR EXTERNAL EKSTERNAL RETAINING,21.43,19759.720588235294,20.45,18856.10294117647,20.973852611285313,19339.125863641017,20.0,20000.0,2024-11
SPINER KIPAS ANGIN KUNCI MUR BALING MASPION FAN DINDING PLAFON DINAMO,6.05,16667.156862745098,6.25,17218.13725490196,6.1430913038193244,16923.614278168923,2.0,5600.0,2024-11
STIK MIXER PHILIPS GARPU STICK KOCOKAN PENGADUK ADONAN KUE SEPASANG,1.86,47416.90140845071,2.76,70360.56338028169,2.278910867186958,58096.17844518865,1.0,26800.0,2024-11
SWITCH EXHAUST SAKLAR TARIKAN FAN DINAMO MASPION HEXOS DINDING,2.76,20545.44,0.48,3573.12,1.698759136459706,12645.563011806053,0.0,0.0,2024-11
SWITCH FAN KIPAS ANGIN MASPION LURUS 4 PIN SAKLAR ON OFF TIANG BERDIRI,2.1,16096.216216216217,1.32,10117.621621621622,1.7369439151046364,13313.44038712635,0.0,0.0,2024-11
SYNCHRONOUS MOTOR ROTARY ROTARI SINKRONUS SWING DINAMO KIPAS ANGIN,13.95,175733.671875,6.51,82009.046875,10.487003497921146,132108.93416886393,5.0,64500.0,2024-11
Siltip sealtape isolatip Hachi sealtape isolasi keranpipa air.,4.38,12634.615384615385,9.45,27259.615384615383,6.739864551819863,19441.916976403452,2.0,5800.0,2024-11
Swit tembok kipas angin wall fan saklar tarikan DinamoDindingPlafon,1.95,9714.329268292684,10.04,50016.34146341463,5.715543239491656,28473.163577223677,3.0,15600.0,2024-11
Switch Micro 3 Pin Saklar Mikro Otomatis Rice Cooker Majic Com Jer lim,14.05,83738.0,5.29,31528.4,9.972600892713608,59436.701320573105,0.0,0.0,2024-11
Switch Micro Limid Tombol Pin 3 Magicom Rice Cooker Majic Com Jer,5.43,32580.0,5.21,31260.0,5.327599565798744,31965.597394792465,6.0,36000.0,2024-11
"T Kuningan Tebal Tee Jet Pump 3 Way 1"" Sambungan Otomatis Pompa Air",2.38,76017.2,2.85,91029.0,2.5987645639754113,83004.54017337464,0.0,0.0,2024-11
TABUNG ANGIN 2 LITER TANGKI PRESSURE TANK SPART PART POMPA AIR,2.33,141154.3125,1.02,61792.875,1.7202519599834278,104215.01405074603,1.0,60900.0,2024-11
TABUNG POMPA AIR PVC FIBER TENGKI OTOMATIS 2 LITER,4.9,134852.08333333334,1.57,43207.708333333336,3.3500297914082555,92195.61155104803,1.0,28900.0,2024-11
TALI PEMBUANGAN AIR DRAIN REM MESIN CUCI 2 TABUNG TARIKAN,5.1,23942.18181818182,2.65,12440.545454545456,3.959631528213281,18588.67019244853,0.0,0.0,2024-11
TERMOSTAT BIMETAL PENGATUR SUHU SAKLAR OTOMATIS DISPENSER MAGIC COM,17.76,76063.0303030303,11.21,48010.50505050505,14.71125979991714,63005.799547119874,6.0,27000.0,2024-11
TIMAH SOLDER 0.8mm 10M 60/40 TIM TINOL TENOL KAWAT KWALITAS BAGUS,3.33,57931.847560975606,1.82,31662.451219512193,2.627160656164104,45704.58578110856,0.0,0.0,2024-11
"TUSEN KLEP 1/2"" INCH TUSSEN TOSSEN PVC PLASTIK FOOT VALVE",1.86,10846.736842105263,1.98,11546.526315789473,1.9158547822915946,11172.458414626772,1.0,6500.0,2024-11
"TUSEN KLEP 3/4"" INCH TUSSEN TOSSEN PVC PLASTIK FOOT VALVE",3.43,23030.000000000004,1.35,9064.285714285716,2.46185044027903,16529.56724187349,0.0,0.0,2024-11
Tarikan pinion baut gearbox kipas angin cabutan Cosmos Miyako Multifan,7.0,13702.796610169491,4.61,9024.270338983051,5.887558919359078,11525.14605748096,3.0,6000.0,2024-11
Tarikan pinion socket gerbox cabutan kipas angin CosmosMiyakoMaspion,11.0,21475.228668941978,39.15,76432.29112627986,24.102601012569856,47055.35166011001,2.0,4000.0,2024-11
Tutup sendok Blender Nasional National tutup gelas juice blender NS.,1.81,14731.067111111111,2.5,20346.777777777777,2.131164998176668,17344.936250271538,1.0,9500.0,2024-11
"WATERMUR 1/2 "" INCH POLOS WATERMOER SAMBUNGAN PIPA UNION SOCKET PVC",2.81,22480.0,1.85,14800.0,2.363161741667245,18905.293933337958,4.0,32000.0,2024-11
"WATERMUR 3/4 "" INCH POLOS WATERMOER SAMBUNGAN PIPA PVC UNION SOCKET",2.24,17920.0,2.46,19680.0,2.3424004342012568,18739.203473610054,1.0,8000.0,2024-11
"WATERMUR 3/4""INCH DRAT LUAR WATER MUR UNION SOCKET SANYO PVC 1 × 3/4""",13.9,111200.0,16.76,134080.0,15.231205644616335,121849.64515693068,1.0,8000.0,2024-11
"WATERMUR1/2"" INCH DRAT LUAR WATERMOR UNION SOCKET SANYO PCV 1×1/2""",6.9,55200.0,4.69,37520.0,5.87134109279647,46970.728742371764,2.0,16000.0,2024-11
arang blender Philip,5.81,26538.292307692307,3.99,18225.09230769231,4.962869135244151,22668.859173138284,1.0,4500.0,2024-11
bearing nkn 608 2RS ball laher.,5.14,30006.59264150943,6.06,35377.422452830186,5.568219997568891,32506.480390147146,2.0,12800.0,2024-11
bos kipasangin dinamoNational boshing fanpanasonic KDK dindingportable,20.0,60083.85964912281,8.76,26316.730526315787,14.768268725353991,44366.72926773495,0.0,0.0,2024-11
carbon arang blender Philips brush karbon kaleng bulet,51.43,221536.10752688174,65.46,281970.70967741933,57.96035496292558,249665.78707686008,27.0,121500.0,2024-11
drat besar kopel gear gigi karet pisau blender.,5.43,14836.778846153846,27.62,75468.10897435898,15.758480158754,43058.026715826236,0.0,0.0,2024-11
gear konektor Miyako baru blender/ gigi lower mesin dinamo Blender.,46.43,149357.64983164982,50.83,163511.7239057239,48.47800868402513,155945.75588120407,102.0,245800.0,2024-11
"kapasitas kipas angin 1,5uf mikro 450V capasitor kotak spareparts",11.38,38526.42612612613,3.46,11713.658558558558,7.693584368754769,26046.24866677938,3.0,11100.0,2024-11
"kapasitor 3 uf capasitor 3,0 mickro 450V kotak.spartparts kipas angin",5.29,31169.779220779223,12.39,73004.45454545454,8.594741285586004,50642.00157493987,1.0,6500.0,2024-11
"kapasitor 3,5uf mickro 450V kotak capasitor kipas angin spareparts",7.71,50338.83870967742,2.76,18020.129032258064,5.40599023047173,35295.88460153155,1.0,5900.0,2024-11
kapasitor 4 uf mickro capasitor kipas angin 450V kotak spareparts,1.9,16898.125,6.51,57898.3125,4.045754553035419,35981.929556058756,2.0,19800.0,2024-11
kapasitor kipas angin 2 uf mickro 450V capasitor kotak spareparts,15.24,70197.19846153847,7.54,34730.11,11.655984802956025,53688.81092373887,3.0,14700.0,2024-11
"kapasitor kipas angin 2,5uf mickro kotak 450V capasitor spareparts",7.81,37770.2891566265,14.2,68673.2530120482,10.784267157027404,52154.27514253976,7.0,35700.0,2024-11
konektor blender maspion conektor kecil gigi atas mesin gear ger lower,13.95,48566.25,16.07,55946.92741935484,14.936767820484835,52001.63442018793,0.0,0.0,2024-11
kopel Miyako baru pisau baut flange gigi blender gear upper konektor.,13.0,41198.61751152074,31.29,99161.90322580645,21.513199734277183,68178.00671549502,5.0,11000.0,2024-11
kopel gigi karet blender drat lobang kecil gear RRT pisau blender,5.52,16164.537313432835,12.6,36897.31343283582,8.815432155204071,25814.74311717968,0.0,0.0,2024-11
oring seal AS kipas angin umum.,68.86,34098.29307392996,122.27,60546.0106614786,93.7200326849505,46408.555640280814,60.0,30000.0,2024-11
seal 2 ply mounting bumbu blender Philip karet 2061-2071-2115-2116mill,2.62,10118.620689655172,4.48,17302.068965517243,3.485749125519714,13462.203519248551,0.0,0.0,2024-11
seal pompa air Shimizu 100- 125/sil pompa air Shimizu simitsu 125.,36.86,214641.0759770115,41.34,240728.75965517244,38.945245205552865,226783.75841314206,38.0,186200.0,2024-11
seal pompa air Toyomoto 125 sil TM 125 marcanical seal Ty mekanik,11.71,67583.42857142858,3.49,20142.285714285717,7.883947413025783,45501.63935517738,10.0,49000.0,2024-11
seal sil pompa air Panasonic National GP125 Nasional Spareparts pompa,10.33,57650.47024390244,70.95,395963.29756097565,38.54597418763712,215120.38121264332,58.0,284200.0,2024-11
spiner AS kipas angin Cosmos Miyako/kunci mur baling kipas angin,7.9,24732.266666666666,9.82,30743.146666666667,8.79367651666551,27530.069948174154,2.0,6000.0,2024-11
AS 6mm KIPAS ANGIN KECIL 7 IN 9 IN BATANG BESI,12.97,86891.67231638418,13.84,92720.18079096045,13.36904988030778,89565.08106253653,0.0,0.0,2024-12
"AS DINAMO KIPAS ANGIN MODEL COSMOS,MIYAKO,UMUM-RRT.",8.5,54978.72340425532,6.47,41848.51063829787,7.5688836126151795,48956.18336670244,7.0,35000.0,2024-12
AS EXHAUST FAN MASPION EXOS EXSOS EXAUST KIPAS ANGIN,11.52,66298.77551020408,3.62,20833.469387755104,7.896443615596018,45444.8387673077,5.0,22500.0,2024-12
AS EXHAUST PANASONIC NATIONAL DINAMO MASPION EXOSOS FAN KIPAS ANGIN,2.02,12257.81308411215,4.39,26639.504672897194,3.1070669153211945,18854.378954374315,0.0,0.0,2024-12
AS Exhaust/Exaust/Exsos Maspion Panasonic National multi kipas angin.,4.19,24446.74545454546,1.53,8926.854545454546,2.9699164579095454,17328.112569875877,0.0,0.0,2024-12
AS FAN KIPAS ANGIN COSMOS MOYAKO DRAT KASAR DINAMO PLAFON DINDING PORT,7.98,50823.73333333334,14.85,94578.0,11.131118020361438,70892.85388079085,15.0,75000.0,2024-12
AS KIPAS ANGIN MIYAKO COSMOS SEKAI FAN DINAMO DRAT HALUS,14.4,91800.0,19.58,124822.49999999999,16.77595216091299,106946.69502582031,1.0,5800.0,2024-12
AS KIPAS ANGIN MIYAKO COSMOS SEKAI FAN DINAMO DRAT HALUS - KASAR - as drat halus,9.98,62092.547169811325,2.98,18540.66037735849,6.769253836604067,42116.253823022475,1.0,5500.0,2024-12
AS KIPAS ANGIN MIYAKO COSMOS SEKAI FAN DINAMO DRAT HALUS - KASAR - as drat kasar,5.5,33825.0,2.16,13284.0,3.9680154020367975,24403.294722526305,1.0,5000.0,2024-12
AS KIPAS ANGIN REGENCY 10 CM DIAMETER 10 MM,4.36,36473.07692307692,19.33,161702.8846153846,11.226410009433875,93913.237578918,0.0,0.0,2024-12
"AS fan kipas angin Maspion16""panjang20,5cm plafonportabledindingdinamo",8.76,56620.29197080292,8.4,54293.43065693431,8.59487591159678,55553.01182276605,20.0,130000.0,2024-12
"AS fan kipas angindinding portable panasonic Nasional KDK pajang20,5cm",0.82,7491.818181818181,0.71,6486.818181818181,0.7695454174323495,7030.8467683591925,0.0,0.0,2024-12
"AS kipas angin model Maspion 18,5 cm.AS Maspion 12""/inci",17.52,111718.76417910447,9.96,63511.35223880598,14.052394143532393,89607.08375988153,6.0,34800.0,2024-12
"AS kipas angin model Maspion 20,5 cm.AS Maspion 16""/inci",29.35,189906.8395486936,32.64,211194.52275534443,30.85905069679609,199671.03200345676,47.0,305500.0,2024-12
Arang Mixer karbon carbon brush mixer blender umum,3.56,15577.405405405407,0.53,2319.1081081081084,2.170205589272903,9496.115808196839,0.0,0.0,2024-12
Arang blender carbon brush bostel arang sepul blender plat kotak.,5.33,23847.25842696629,1.65,7382.359550561797,3.6420648741004236,16295.171155806614,0.0,0.0,2024-12
BEARING 629 NKN 2 RS BERING BUSHING BALL LAHER BANTALAN,1.3,8929.375,4.14,28436.624999999996,2.6026455862920646,17876.92187084362,0.0,0.0,2024-12
"BOS KIPAS ANGIN BOSHING BOSSING BOSING BREKET KUPING 7 "" 9 "" IN AS 6MM",2.8,17370.09009009009,2.52,15633.081081081082,2.6715701534641627,16573.36223131011,0.0,0.0,2024-12
BOSHING BOSSING BOSING KIPAS ANGIN REGENCY 10MM BULET BOS MESIN CUCI,4.84,16798.833333333332,14.31,49667.62500000001,9.183680881051355,31875.02572464908,0.0,0.0,2024-12
BOSHING BOSSING BOSING KIPAS ANGIN REGENCY 10MM GUCI BOS MESIN CUCI,3.12,10821.2,1.64,5688.066666666667,2.4411565254534313,8466.744549114317,0.0,0.0,2024-12
"BOSHING BOSSING BOSING KIPAS ANGIN REGENCY BOS MESIN CUCI 12 "" GUCI",2.06,9667.285714285716,1.36,6382.285714285715,1.7389253836604066,8160.528407606337,0.0,0.0,2024-12
Bos kipas angin boshing Maspion Gentong guci Dinamofandindingportable,4.19,9530.853333333334,11.75,26727.333333333332,7.657605856467608,17418.500788178317,0.0,0.0,2024-12
Bos mesin cuci bulet 10mm boshing fan kipasangin dinamo regenci umum,2.15,6814.934210526316,5.26,16672.815789473683,3.5764886525944792,11336.527847500132,0.0,0.0,2024-12
CASING COVER TUTUP IMPELLER CAP SHIMIZU GOLDSTAR 130 PS 128 130 135,1.07,24736.710526315794,0.99,22887.236842105263,1.033305758132618,23888.39759261855,0.0,0.0,2024-12
ELEMEN BODY SAMPING MAGIC COM PEMANAS RICE COOKER KABEL SABUK HEATER,7.41,84497.15625,18.98,216431.3125,12.716904730070135,145012.454250081,6.0,76200.0,2024-12
ELEMEN TUTUP ATAS MAGIC COM JAR PEMANAS TOP HEATER RICE COOKER KOTAK,24.08,219735.11614730876,17.19,156862.40226628896,20.919708419171716,190896.7840221981,7.0,63000.0,2024-12
FUSE KIPAS ANGIN SEIRING THERMAL 2A THERMOFUSE KOTAK 250V,8.95,10111.929824561403,24.19,27330.45614035088,15.94025307573629,18009.689439954687,10.0,13000.0,2024-12
GEAR GIGI MIXER MASPION BARU MT 1150 ADONAN MESIN (SEPASANG),1.35,10575.0,1.35,10575.0,1.35,10575.0,0.0,0.0,2024-12
GEAR GIGI MIXER MASPION SEPASANG,1.73,13616.541666666666,1.03,8106.958333333333,1.4089253836604065,11089.416873893782,0.0,0.0,2024-12
GEAR GIGI MIXER MIYAKO HM 620 625 650 GRIGI SESET SEPASANG,32.23,244048.84458598722,18.47,139856.72229299363,25.918590398810274,196258.20788480018,57.0,336300.0,2024-12
GEAR GIGI MIXER MIYAKO HM 625 HM 620 628 650 GRIGI,4.93,19151.153846153848,6.66,25871.538461538465,5.723512980382138,22233.646577638305,0.0,0.0,2024-12
GEAR GIGI MIXER PHILIP SESET SEPASANG.,1.22,9394.0,7.59,58443.0,4.1417790086903,31891.69836691531,3.0,23700.0,2024-12
GEAR KOPEL BLENDER PHILIP BARU 2061 2071 2115 2116 PLASTIK GIGI BAGUS,4.25,13407.547169811322,2.49,7855.245283018869,3.4427266789175937,10860.828315377767,0.0,0.0,2024-12
GEAR KOPEL BLENDER PHILIP BARU 2061 2071 2115 2116 PLASTIK GIGI PISAU,2.08,5870.620689655173,1.9,5362.586206896552,1.9974379557983903,5637.596437313733,0.0,0.0,2024-12
GEAR KOPEL BLENDER PHILIP LAMA 2815 COPEL BAUT UPPER MOUNTING PISAU,1.94,5330.523076923077,2.07,5687.723076923076,1.9996281430344958,5494.362866860937,0.0,0.0,2024-12
GEARBOX KIPAS ANGIN COSMOS / SEKAI / MIYAKO / RRT KOTAK GEARBOK GIRBOK,2.91,24159.18137254902,14.04,116561.82352941175,8.015086399799534,66542.2426286625,7.0,40600.0,2024-12
GEARBOX WALLFAN MIYAKO TARIK WALL FAN GEAR BOX KIPAS ANGIN DINDING,2.06,30573.65263157895,2.18,32354.642105263163,2.1150413628010734,31390.553362961826,5.0,60000.0,2024-12
Gear Kopel Maspion Upper Blender Mounting Baut Pisau Flange gigi Spare,2.44,7107.332965517242,9.66,28138.047724137934,5.751655328531235,16753.659640476617,0.0,0.0,2024-12
Gear Kopel Maspion Upper Blender Mounting Baut Pisau Flange gigi putih,1.83,5737.38888888889,3.35,10502.87037037037,2.52719059548026,7923.210515089037,0.0,0.0,2024-12
Gear box kipas angin Maspion bintang girbok/gear bok kipas angin12 16,0.76,9546.915885714287,1.47,18465.7452,1.0856613965730162,13637.786886118007,0.0,0.0,2024-12
"Gear box/girbox/gearbox/gear bok kipas angin Cosmos Miyako,umum.rrt",3.3,21873.161033797216,6.07,40233.359840954276,4.570538124658105,30294.580730835234,13.0,65000.0,2024-12
"Gigi konektor Miyako lama gear lower panasonic,nasional drat besar POM",5.3,18207.482993197278,17.81,61184.013605442175,11.038062072011876,37919.8731045306,0.0,0.0,2024-12
Gigi konektor blender Miyako drat lubang kecil gear lower National,0.91,3221.4,2.73,9664.2,1.744794002482943,6176.570768789618,0.0,0.0,2024-12
Gigi konektor blender Miyako drat lubang kecil gear lower National RRT,15.58,53357.066927835054,26.5,90754.95979381444,20.588764014897656,70510.6585047687,5.0,14500.0,2024-12
IMPELLER JET DAB 370 KIPAS IMPELAR GADING MESIN POMPA AIR SPAREPARTS,1.92,45207.99999999999,0.71,16717.541666666664,1.3649995917558457,32140.05288755118,0.0,0.0,2024-12
IMPELLER KUNINGAN NATIONAL PANASONIC GP 125 129 POMPA AIR KIPAS SANEI,1.47,39275.21656050955,2.92,78016.07643312101,2.1350831338463006,57044.797589459085,1.0,29900.0,2024-12
IMPELLER KUNINGAN POMPA AIR SHIMIZU PS 105 130 135 KIPAS GOLSTAR SANEI,2.27,62788.893129770986,2.39,66108.12977099237,2.3250413628010733,64311.35403137167,2.0,59800.0,2024-12
IMPELLER KUNINGAN PS 226 230 SHIMIZU POMPA AIR KIPAS BIT SPAREPARTS.,0.76,36875.2,0.67,32508.4,0.7187189778991951,34872.24480766895,0.0,0.0,2024-12
IMPELLER KUNINGAN SANYO SY 136 PWH IMPELER KIPAS POMPA AIR,1.75,47070.0,0.22,5917.371428571429,1.0482226242863173,28194.19367151826,0.0,0.0,2024-12
KABEL TIES 10CM CABLE TIES KABEL TIS CABLE TIE 2.5 × 100MM ISI 100PCS,0.76,3682.6016260162605,0.29,1405.2032520325204,0.5444213290291301,2638.009041474484,2.0,11000.0,2024-12
"KAPASITOR 1,5UF, 2UF, 2,5UF, 3UF, 3,5UF MIKRO CAPASITOR KIPAS ANGIN - 1,5UF",16.84,60074.28989037759,35.36,126141.73934226553,25.334716992298954,90377.9770122353,7.0,23800.0,2024-12
"KAPASITOR 1,5UF, 2UF, 2,5UF, 3UF, 3,5UF MIKRO CAPASITOR KIPAS ANGIN - 2,5UF",19.35,95792.06342668865,26.06,129009.87973640858,22.42772953662667,111028.3457513778,11.0,54450.0,2024-12
"KAPASITOR 1,5UF, 2UF, 2,5UF, 3UF, 3,5UF MIKRO CAPASITOR KIPAS ANGIN - 2UF",14.51,69540.60690789475,40.23,192806.24506578947,26.30719876036334,126079.84616418215,12.0,54000.0,2024-12
"KAPASITOR 1,5UF, 2UF, 2,5UF, 3UF, 3,5UF MIKRO CAPASITOR KIPAS ANGIN - 3,5UF",4.06,26909.9649122807,6.03,39967.26315789474,4.963595705984284,32899.060661769516,0.0,0.0,2024-12
"KAPASITOR 1,5UF, 2UF, 2,5UF, 3UF, 3,5UF MIKRO CAPASITOR KIPAS ANGIN - 3UF",3.16,18075.37362637363,12.45,71214.68406593407,7.421118836849746,42449.20750056279,10.0,55000.0,2024-12
"KAPASITOR 1.5UF 1,5UF 1.5 UF 1,5 UF 450V MIKRO CAPASITOR KIPAS ANGIN",24.1,84719.41605839417,43.87,154217.4598540146,33.1680645214768,116596.64141272429,31.0,108500.0,2024-12
KAPASITOR 10 UF 450V KOTAK KABEL SAN EI CAPACITOR PETAK POMPA AIR,1.9,26771.0,1.0,14090.0,1.4871897789919513,20954.503985996595,0.0,0.0,2024-12
KAPASITOR 100UF 100 MFD UF 250V 250 VAC CAPASITOR STARTING AC MOTOR,2.15,64334.61538461538,1.22,36506.153846153844,1.7234294382916833,51570.31165349729,1.0,23000.0,2024-12
KAPASITOR 12 UF 450V KOTAK KABEL SAN EI CAPACITOR PETAK POMPA AIR,1.45,22639.594594594593,0.66,10304.91891891892,1.0876443615596016,16981.949937107616,5.0,79500.0,2024-12
KAPASITOR 150UF 150 MFD UF 250V 250 VAC CAPASITOR STARTING AC MOTOR,3.1,111600.0,1.63,58679.99999999999,2.425743305686854,87326.75900472674,0.0,0.0,2024-12
KAPASITOR 200UF 200 MFD UF 250V 250 VAC CAPASITOR STARTING AC MOTOR,0.74,32435.36842105263,0.59,25860.631578947367,0.6711982964986586,29419.68112232015,2.0,88000.0,2024-12
KAPASITOR 250UF 250 MFD UF 250V 250 VAC CAPASITOR STARTING AC MOTOR,1.07,58850.0,0.8,44000.0,0.9461569336975855,52038.6313533672,0.0,0.0,2024-12
KAPASITOR 2UF 2 UF 400V 400 V 450V 450 V VOLT CAPASITOR KIPAS ANGIN,2.23,10382.88,1.9,8846.4,2.078636252297049,9678.13039069506,0.0,0.0,2024-12
KAPASITOR 3 UF 450V 3UF 450 V 400 VOLT CAPASITOR 3 MICKO KIPAS ANGIN,5.18,30604.658823529408,1.07,6321.8117647058825,3.2948333240632444,19466.650533465425,0.0,0.0,2024-12
KAPASITOR 300UF 300 MFD UF 250V 250 VAC CAPASITOR STARTING AC MOTOR,0.97,60140.0,0.35,21700.0,0.6856196255277887,42508.416782722896,2.0,124000.0,2024-12
KAPASITOR 30UF 450 VAC CAPASITOR BULET CONDENSATOR SPAREPARTS DINAMO,2.99,91514.83196721312,3.26,99778.7131147541,3.1138430663024144,95305.2926371027,6.0,179400.0,2024-12
KAPASITOR 35 UF 450VAC CAPASITOR BULET CONDENSATOR SPAREPARTS,3.37,123086.49673202615,2.33,85101.34640522876,2.8929748557240327,105663.54306377149,4.0,138000.0,2024-12
KAPASITOR 4 UF 450V 4UF 450 V POMPA AIR CAPASITOR,6.95,64375.954545454544,6.36,58910.94545454545,6.679379966228057,61869.27497808878,0.0,0.0,2024-12
KAPASITOR 40UF 450VAC CAPASITOR 40 UF 450 VAC BULET CONDENSATOR,3.09,123191.55172413793,3.36,133955.8620689655,3.2138430663024145,128128.90431574626,1.0,40000.0,2024-12
KAPASITOR 5 UF 450 V KOTAK CAPACITOR PETAK POMPA AIR SAN EI,16.48,161192.05714285717,11.37,111210.78214285715,14.136155300720969,138266.7447217304,11.0,108900.0,2024-12
KAPASITOR 50 UF 50UF 450VAC 450 VAC CAPASITOR BULET CONDENSATOR,7.79,372874.94153846154,4.04,193378.01846153848,6.069957412466464,290543.64766551787,2.0,98000.0,2024-12
KAPASITOR 500UF 500 MFD UF 250V 250 VAC CAPASITOR STARTING AC MOTOR,1.43,127270.0,0.17,15130.000000000002,0.8520656905887319,75833.84646239714,0.0,0.0,2024-12
KAPASITOR 6 UF 450V KOTAK KABEL CAPACITOR PETAK SAN EI POMPA AIR.,4.84,58752.87804878049,1.32,16023.512195121953,3.2254533578351876,39153.85698035544,11.0,130900.0,2024-12
KAPASITOR 8 UF 450V KOTAK KABEL SAN EI CAPACITOR PETAK POMPA AIR,6.34,85023.1294117647,3.17,42511.56470588235,4.885990666004984,65524.008943283305,8.0,103200.0,2024-12
KAPASITOR POMPA AIR 10UF 450VAC CAPASITOR BULET CONDENSATOR SPAREPART,8.61,123877.29487179486,2.18,31364.98290598291,5.6607003099091635,81443.93048449223,2.0,27000.0,2024-12
KAPASITOR POMPA AIR 12UF 450VAC CAPASITOR BULET CONDENSATOR SPAREPARTS,6.97,108969.19895287958,6.79,106155.07329842931,6.88743795579839,107678.42136025954,10.0,159000.0,2024-12
KAPASITOR POMPA AIR 14 UF 450VAC CAPASITOR BULET CONDENSATOR SPAREPART,1.62,27113.14285714286,3.32,55565.206349206346,2.3997526396818696,40163.47909969148,5.0,89500.0,2024-12
KAPASITOR POMPA AIR 16UF 450VAC CAPASITOR BULET CONDENSATOR SPAREPARTS,5.77,105861.19637462235,4.04,74121.18429003021,4.976487019617862,91302.75037080166,1.0,18900.0,2024-12
KAPASITOR POMPA AIR 20UF 450VAC CAPASITOR BULET CONDENSATOR SPAREPARTS,7.28,173506.13913043478,6.18,147289.55217391302,6.775454174323496,161481.16684643648,0.0,0.0,2024-12
KAPASITOR POMPA AIR 20UF 450VAC CAPASITOR KOTAK 20 UF 450V CONDENSATOR,1.77,42096.0,0.69,16410.30508474576,1.2746277347903416,30314.53622809843,0.0,0.0,2024-12
KAPASITOR POMPA AIR 25UF 450VAC CAPASITOR BULET CONDENSATOR SPAREPARTS,4.27,115876.89787234041,1.79,48576.029787234045,3.1324785021111543,85007.46872984454,0.0,0.0,2024-12
KAPASITOR POMPA AIR 6 UF 450VAC CAPASITOR BULET CONDENSATOR SPAREPARTS,6.82,79861.63636363637,3.33,38994.02479338843,5.219213698535456,61116.561069875104,14.0,166600.0,2024-12
KAPASITOR POMPA AIR 8UF 450VAC CAPASITOR BULET CONDENSATOR SPAREPARTS,3.24,44503.344000000005,3.78,51920.568,3.4876861326048294,47905.46164300689,4.0,51200.0,2024-12
KARET SEAL ORING BLENDER BUMBU CHOPPER GELAS NATIONAL MIYAKO PAKING,1.9,6738.759124087591,2.88,10214.5401459854,2.3495044628754305,8333.023492782275,0.0,0.0,2024-12
KARET SEAL ORING BLENDER PHILIP 1741,1.43,5720.0,0.48,1920.0,0.9942558778248376,3977.0235112993505,0.0,0.0,2024-12
KIPAS IMPELLER JET DAB 255 IMPELAR GADING MESIN POMPA AIR SPAREPARTS,1.81,40264.74285714286,0.85,18908.85714285714,1.3696690975914148,30469.26741099073,0.0,0.0,2024-12
KIPAS PENDINGIN GP 125 NATIONAL NASIONAL PANASONIC FAN POMPA AIR,1.26,6348.774193548387,0.44,2217.032258064516,0.8838840208593335,4453.634969620255,0.0,0.0,2024-12
KLEP TABOK KARET SEDOT PLENES POMPA AIR PLENNES PLANES OVAL PACKING,4.32,11894.83969465649,2.21,6085.0916030534345,3.352189370747797,9230.035923883437,0.0,0.0,2024-12
KNOP KOMPOR GAS HITACHI TODACHI TOMBOL PUTARAN CETEKAN PEMANTIK,1.73,4716.794117647059,0.65,1772.2058823529412,1.2346277347903416,3366.1762063254314,0.0,0.0,2024-12
KNOP KOMPOR GAS RINNAI TOMBOL PUTARAN CETEKAN SWITCH PEMANTIK,7.05,20411.024096385543,4.57,13230.975903614459,5.9124785021111546,17117.69378382302,6.0,17400.0,2024-12
"Kabel Buntung AC Power listrik Colokan Gepeng Oval SNI Serbaguna 1,2m",3.41,20388.958333333336,1.11,6636.875000000001,2.3550405463127646,14081.179933161739,0.0,0.0,2024-12
Karet seal Oring sil blender Mounting gelas Nasional Miyako Gmc sanex,4.08,14620.4637006237,13.1,46943.15550935551,8.217275770547332,29446.172088554387,0.0,0.0,2024-12
LAMPU GOSOKAN BAJU SETERIKA SETRIKA INDIKATOR RESISTOR 1 PCS,5.24,4295.033707865169,9.22,7557.292134831461,7.065538532902259,5791.359954777751,45.0,37125.0,2024-12
"LEHER KIPAS ANGIN COSMOS DINDING WALL FAN PLAT 12"" 16""",3.7,23078.05970149254,2.93,18275.328358208957,3.3468179220264473,20875.15238231123,4.0,23600.0,2024-12
"LEHER KIPAS ANGINCOSMOS TIANG BERDIRI STAND FAN PLAT 12"" 16"" SPAREPART",2.5,15382.8125,1.14,7014.562499999999,1.876197888254504,11544.480131165996,0.0,0.0,2024-12
LEM KOREA HANDSOME SEBAGUNA MULTIFUNGSI EPOTEC BESI POWERGLUE ( 1pcs),3.75,9653.181818181818,11.24,28933.803636363635,7.185498394833649,18496.77932255542,8.0,22400.0,2024-12
LEM PIPA ISARPLAS TUBE 45GR FOX FITING PVC,0.72,6799.090909090909,0.92,8687.727272727272,0.8117356046684553,7665.366903175981,0.0,0.0,2024-12
LIS KIPAS ANGIN MULTI RING GAWANG PENGIKAT KIPAS ANGIN,2.46,22923.555555555555,1.07,9970.814814814816,1.822437547554236,16982.41803572762,0.0,0.0,2024-12
"Leher kipas angin COSMOS Dinding wall fan kipas angin COSMOS 12"" 16""",1.83,11009.305416666666,2.88,17326.12,2.31161192450939,13906.689443569663,1.0,5900.0,2024-12
"Leher kipas angin COSMOS tiang berdiri stand fan leher Cosmos 12"" 16"".",5.71,34324.398496240596,5.39,32400.789473684206,5.5632230325304715,33442.08131209107,0.0,0.0,2024-12
MOUNTING PISAU BLENDER JUS PHILIP HR 2061 2115 2116 2071 MANGKOK GELAS,1.03,37595.0,0.47,17155.0,0.7731403069283252,28219.62120288387,0.0,0.0,2024-12
MOUNTING PISAU BLENDER NATIONAL MIYAKO LAMA MANGKOK JUS JUICE GELAS,0.91,25680.8275862069,0.92,25963.03448275862,0.9145867802334229,25810.2696876908,0.0,0.0,2024-12
NITTO ISOLASI LISTRIK 3/4 INCH 25 METER HITAM ISOLASI KABEL.,1.79,14195.093406593407,4.05,32117.39010989011,2.826612332753544,22415.65703221533,3.0,27000.0,2024-12
ORING KARET TUTUP IMPELLE SHIMIZU 4 BAUT PS 128 130 135 SEMI JETPAM,3.5,6185.869565217391,2.55,4506.847826086956,3.064255877824838,5415.739192764333,5.0,9000.0,2024-12
OTOMATIS MAGIC COM RICE COOKER KAKI PIN 3 ELEMENT THERMOSTAT MTS PER.,1.87,15098.741935483871,2.97,23980.354838709678,2.374545825676504,19172.54258602674,0.0,0.0,2024-12
OTOMATIS PER MAGIC COM RICE COOKER KAKI PIN 2 ELEMEN THERMOSTAT MTS,2.17,17708.153846153844,0.79,6446.747252747253,1.5370243277876587,12542.794129836433,0.0,0.0,2024-12
OTOMATIS PM5 PRESSURE SWITCH JETPUMP POMPA AIR SAN-EI PM 5 SEMI,2.15,121546.66666666667,1.45,81973.33333333333,1.8289253836604067,103395.24835626833,10.0,550000.0,2024-12
PINION KIPAS ANGIN MASPION / PEN STOP/ TARIKAN GEARBOX DINAMO,2.67,8879.772727272728,1.19,3957.651515151515,1.9911565254534311,6622.103899045881,0.0,0.0,2024-12
PINION PANASONIC NASIONAL PEN STOP TARIKAN GEARBOX KIPAS ANGIN GEAR,5.6,19953.535353535353,47.95,170852.14646464647,25.025014288545403,89167.41202307466,3.0,13500.0,2024-12
PISAU BLENDER MASPION JUS + SEAL PUTIH MOUNTING SPAREPART STAINLES,0.9,12034.285714285714,0.67,8958.857142857143,0.7945040546312765,10623.654216212497,0.0,0.0,2024-12
RADAR PELAMPUNG AIR OTOMATIS TOREN ST 70 AB ORIGINAL SHINTUNG POMPA,0.42,23466.1875,0.61,34081.84375,0.5071488244350325,28335.355725231082,2.0,114000.0,2024-12
SEAL BLENDER JUS PHILIP BARU 2061 2071 2115 2116 KARET PISAU MOUNTING,1.49,5634.0625,1.18,4461.875,1.3478098127638942,5096.405854513475,0.0,0.0,2024-12
SEAL KARET PENGAMAN TABUNG GAS LPG ELPIJI REGULATOR SILIKON,20.8,12915.5,45.15,28035.328125,31.968809868384426,19850.632877649954,0.0,0.0,2024-12
SEAL PDL 255 PEDROLO SIL POMPA AIR MS 14 PDR KARET SPAREPARTS MACHANIC,14.19,95245.58108108108,40.33,270701.5,26.179843530167098,175723.3551545135,10.0,60000.0,2024-12
SEAL SANYO 100 101 PH 100 SIL POMPA AIR,3.92,27825.677419354837,1.06,7524.290322580645,2.60818085324109,18513.87731470006,2.0,9200.0,2024-12
SEAL SHIMIZU SMZ 230 GOLSTAR GS 250 SIL POMPA AIR PS 226,2.67,20896.263157894737,2.51,19644.052631578947,2.5966115162652357,20321.90170887582,2.0,15800.0,2024-12
SEAL SIL POMPA AIR PANASONIC NATIONAL NASIONAL GP 200 MECHANICAL,6.69,43823.17582417583,1.3,8515.714285714286,4.217725454185131,27628.419156480843,1.0,4900.0,2024-12
SELANG PEMBUANGAN AIR MESIN CUCI MULTI 1-2 TABUNG PANJANG SAMPAI 2M,0.8,10110.0,1.28,16176.0,1.0201654512042926,12892.340889594247,0.0,0.0,2024-12
SELANG PEMBUANGAN MESIN CUCI MULTI 1.2 METER,0.84,7164.0,1.19,10149.0,1.0005373081697966,8533.153899676694,0.0,0.0,2024-12
SINGER OIL MINYAK PELUMAS MESIN JAHIT RANTAI SEPEDA 80CC,2.0,14729.411764705883,3.88,28575.058823529413,2.862314683883479,21080.10578954186,4.0,30800.0,2024-12
SNAP RING S12 RETAINER CIRCLIP POMPA AIR EXTERNAL EKSTERNAL RETAINING,8.76,8077.235294117647,8.81,8123.338235294118,8.782933901167114,8098.381700046736,0.0,0.0,2024-12
SPINER KIPAS ANGIN KUNCI MUR BALING MASPION FAN DINDING PLAFON DINAMO,1.14,3140.5882352941176,2.43,6694.411764705883,1.7316946501115362,4770.648987071977,0.0,0.0,2024-12
STIK MIXER PHILIPS GARPU STICK KOCOKAN PENGADUK ADONAN KUE SEPASANG,0.59,15040.845070422534,1.12,28552.112676056342,0.8330993523714064,21238.16658862318,0.0,0.0,2024-12
SWITCH EXHAUST SAKLAR TARIKAN FAN DINAMO MASPION HEXOS DINDING,1.1,8188.400000000001,0.19,1414.3600000000001,0.6826029987585286,5081.296722758487,0.0,0.0,2024-12
SWITCH FAN KIPAS ANGIN MASPION LURUS 4 PIN SAKLAR ON OFF TIANG BERDIRI,0.84,6438.486486486487,0.53,4062.378378378379,0.6978098127638943,5348.617916211903,0.0,0.0,2024-12
SYNCHRONOUS MOTOR ROTARY ROTARI SINKRONUS SWING DINAMO KIPAS ANGIN,3.73,46988.286458333336,2.88,36280.5,3.3401236801590652,42076.86013125381,7.0,90300.0,2024-12
Siltip sealtape isolatip Hachi sealtape isolasi keranpipa air.,1.41,4067.3076923076924,4.88,14076.923076923078,3.0016127409976985,8658.498291339516,0.0,0.0,2024-12
Swit tembok kipas angin wall fan saklar tarikan DinamoDindingPlafon,0.88,4383.90243902439,3.47,17286.524390243903,2.0679760804564955,10302.05157154242,1.0,5200.0,2024-12
Switch Micro 3 Pin Saklar Mikro Otomatis Rice Cooker Majic Com Jer lim,5.62,33495.2,2.12,12635.2,4.014626918302033,23927.17643308012,0.0,0.0,2024-12
Switch Micro Limid Tombol Pin 3 Magicom Rice Cooker Majic Com Jer,2.04,12240.0,1.82,10920.0,1.9390908348646991,11634.545009188194,0.0,0.0,2024-12
"T Kuningan Tebal Tee Jet Pump 3 Way 1"" Sambungan Otomatis Pompa Air",0.95,30343.0,1.14,36411.6,1.0371488244350324,33126.53345245493,0.0,0.0,2024-12
TABUNG ANGIN 2 LITER TANGKI PRESSURE TANK SPART PART POMPA AIR,0.84,50888.25,0.42,25444.125,0.647355230196244,39217.5890393262,1.0,61900.0,2024-12
TABUNG POMPA AIR PVC FIBER TENGKI OTOMATIS 2 LITER,1.52,41831.666666666664,0.6,16512.5,1.098016218525106,30218.32134732635,0.0,0.0,2024-12
TALI PEMBUANGAN AIR DRAIN REM MESIN CUCI 2 TABUNG TARIKAN,2.04,9576.872727272728,1.06,4976.2181818181825,1.5904955371245693,7466.653594282979,0.0,0.0,2024-12
TERMOSTAT BIMETAL PENGATUR SUHU SAKLAR OTOMATIS DISPENSER MAGIC COM,6.08,26039.595959595958,4.51,19315.555555555555,5.359875503352626,22955.426398197105,0.0,0.0,2024-12
TIMAH SOLDER 0.8mm 10M 60/40 TIM TINOL TENOL KAWAT KWALITAS BAGUS,1.33,23137.94512195122,0.73,12699.774390243902,1.0547931859946342,18350.185603422502,0.0,0.0,2024-12
"TUSEN KLEP 1/2"" INCH TUSSEN TOSSEN PVC PLASTIK FOOT VALVE",0.67,3907.157894736842,0.74,4315.368421052632,0.7021074616339593,4094.395092054878,2.0,13000.0,2024-12
"TUSEN KLEP 3/4"" INCH TUSSEN TOSSEN PVC PLASTIK FOOT VALVE",1.37,9198.57142857143,0.54,3625.7142857142862,0.9892972406259107,6642.424329916829,2.0,13800.0,2024-12
Tarikan pinion baut gearbox kipas angin cabutan Cosmos Miyako Multifan,2.3,4502.347457627118,1.68,3288.671186440678,2.0156196255277887,3945.6608245818975,0.0,0.0,2024-12
Tarikan pinion socket gerbox cabutan kipas angin CosmosMiyakoMaspion,3.05,5954.495221843003,16.38,31978.567781569964,9.164178051152541,17891.165382854535,2.0,4000.0,2024-12
Tutup sendok Blender Nasional National tutup gelas juice blender NS.,0.61,4964.613777777778,1.06,8627.033777777779,0.8164051105040243,6644.485344026997,0.0,0.0,2024-12
"WATERMUR 1/2 "" INCH POLOS WATERMOER SAMBUNGAN PIPA UNION SOCKET PVC",1.22,9760.0,0.58,4640.0,0.9264460650609432,7411.568520487545,0.0,0.0,2024-12
"WATERMUR 3/4 "" INCH POLOS WATERMOER SAMBUNGAN PIPA PVC UNION SOCKET",0.76,6080.0,0.57,4560.0,0.6728511755649675,5382.80940451974,0.0,0.0,2024-12
"WATERMUR 3/4""INCH DRAT LUAR WATER MUR UNION SOCKET SANYO PVC 1 × 3/4""",4.1,32800.0,5.81,46480.0,4.8843394199152925,39074.71535932234,0.0,0.0,2024-12
"WATERMUR1/2"" INCH DRAT LUAR WATERMOR UNION SOCKET SANYO PCV 1×1/2""",1.81,14480.0,1.61,12880.0,1.7182643953315448,13746.115162652359,0.0,0.0,2024-12
arang blender Philip,1.7,7765.076923076923,1.74,7947.784615384615,1.7183471209336911,7848.880926234045,0.0,0.0,2024-12
bearing nkn 608 2RS ball laher.,1.79,10449.766698113206,4.06,23701.705471698107,2.831199112986967,16528.139780234,0.0,0.0,2024-12
bos kipasangin dinamoNational boshing fanpanasonic KDK dindingportable,8.0,24033.543859649122,3.5,10514.67543859649,5.935948894959757,17832.736014456383,0.0,0.0,2024-12
carbon arang blender Philips brush karbon kaleng bulet,17.28,74434.06451612904,29.03,125047.50537634411,22.669466774271747,97649.33752444369,0.0,0.0,2024-12
drat besar kopel gear gigi karet pisau blender.,2.17,5929.246794871795,11.05,30192.708333333336,6.243060847279414,17058.36337277468,0.0,0.0,2024-12
gear konektor Miyako baru blender/ gigi lower mesin dinamo Blender.,26.27,84506.25589225588,27.59,88752.47811447812,26.875454990811804,86453.90470781682,3.0,8700.0,2024-12
"kapasitas kipas angin 1,5uf mikro 450V capasitor kotak spareparts",3.75,12695.439189189188,1.28,4333.376576576577,2.6170652823445777,8859.944838971685,0.0,0.0,2024-12
"kapasitor 3 uf capasitor 3,0 mickro 450V kotak.spartparts kipas angin",1.28,7542.025974025974,4.56,26868.46753246753,2.7844639165626663,16406.63998629197,3.0,19500.0,2024-12
"kapasitor 3,5uf mickro 450V kotak capasitor kipas angin spareparts",2.36,15408.516129032258,0.73,4766.193548387097,1.6123548219520896,10527.116643971061,4.0,23600.0,2024-12
kapasitor 4 uf mickro capasitor kipas angin 450V kotak spareparts,0.76,6759.25,2.64,23479.5,1.6223146838834794,14428.461219788695,0.0,0.0,2024-12
kapasitor kipas angin 2 uf mickro 450V capasitor kotak spareparts,5.01,23076.63807692308,3.23,14877.752692307693,4.1935531184507475,19315.98953509781,0.0,0.0,2024-12
"kapasitor kipas angin 2,5uf mickro kotak 450V capasitor spareparts",2.91,14073.180722891568,7.37,35642.385542168675,4.955703984106552,23966.50095446229,0.0,0.0,2024-12
konektor blender maspion conektor kecil gigi atas mesin gear ger lower,5.58,19426.5,6.43,22385.733870967742,5.969876319840935,20783.835542542998,0.0,0.0,2024-12
kopel Miyako baru pisau baut flange gigi blender gear upper konektor.,4.04,12803.26267281106,12.84,40691.55760368663,8.07636660541203,25595.01066609149,4.0,8800.0,2024-12
kopel gigi karet blender drat lobang kecil gear RRT pisau blender,2.21,6471.671641791045,5.04,14758.925373134327,3.508058806058642,10272.852802219486,0.0,0.0,2024-12
oring seal AS kipas angin umum.,24.84,12300.342723735408,56.44,27948.121712062257,39.33422553761593,19477.63505979797,90.0,45000.0,2024-12
seal 2 ply mounting bumbu blender Philip karet 2061-2071-2115-2116mill,1.05,4055.1724137931037,1.79,6913.103448275862,1.3894217372732847,5366.0425715382025,0.0,0.0,2024-12
seal pompa air Shimizu 100- 125/sil pompa air Shimizu simitsu 125.,14.8,86182.52643678163,18.95,110348.57270114943,16.703513796870446,97266.96076931985,10.0,49000.0,2024-12
seal pompa air Toyomoto 125 sil TM 125 marcanical seal Ty mekanik,4.74,27356.57142857143,1.68,9696.0,3.336445248572635,19256.055434619208,0.0,0.0,2024-12
seal sil pompa air Panasonic National GP125 Nasional Spareparts pompa,9.83,54860.031219512195,35.46,197897.9356097561,21.58591773826254,120468.37446825077,12.0,58800.0,2024-12
spiner AS kipas angin Cosmos Miyako/kunci mur baling kipas angin,2.5,7826.666666666666,5.18,16216.853333333333,3.7292571025573,11675.060902406054,24.0,72000.0,2024-12
AS 6mm KIPAS ANGIN KECIL 7 IN 9 IN BATANG BESI,18.81,126016.37288135593,20.07,134457.66101694916,19.367657706480273,129752.36445392264,10.0,65000.0,2025-01
"AS DINAMO KIPAS ANGIN MODEL COSMOS,MIYAKO,UMUM-RRT.",9.94,64292.765957446805,9.93,64228.085106382976,9.935574145186663,64264.13915184565,0.0,0.0,2025-01
AS EXHAUST FAN MASPION EXOS EXSOS EXAUST KIPAS ANGIN,12.9,74240.81632653062,7.69,44256.73469387755,10.594129642252195,60970.29712479835,0.0,0.0,2025-01
AS EXHAUST PANASONIC NATIONAL DINAMO MASPION EXOSOS FAN KIPAS ANGIN,2.93,17779.89719626168,6.36,38593.90654205607,4.448068200974083,26991.87554105114,0.0,0.0,2025-01
AS Exhaust/Exaust/Exsos Maspion Panasonic National multi kipas angin.,6.08,35474.03636363637,2.23,13011.036363636364,4.376045896865826,25532.238696440792,0.0,0.0,2025-01
AS FAN KIPAS ANGIN COSMOS MOYAKO DRAT KASAR DINAMO PLAFON DINDING PORT,8.89,56619.42222222222,22.34,142280.97777777776,14.842774723936273,94531.98301955857,40.0,200000.0,2025-01
AS KIPAS ANGIN MIYAKO COSMOS SEKAI FAN DINAMO DRAT HALUS,13.26,84532.5,34.12,217514.99999999997,22.49233314061789,143388.62377143904,0.0,0.0,2025-01
AS KIPAS ANGIN MIYAKO COSMOS SEKAI FAN DINAMO DRAT HALUS - KASAR - as drat halus,11.16,69434.15094339622,8.18,50893.49056603773,9.841095265626016,61228.32384604111,4.0,22000.0,2025-01
AS KIPAS ANGIN MIYAKO COSMOS SEKAI FAN DINAMO DRAT HALUS - KASAR - as drat kasar,5.72,35178.0,5.82,35793.0,5.7642585481333555,35450.19007102014,13.0,65000.0,2025-01
AS KIPAS ANGIN REGENCY 10 CM DIAMETER 10 MM,6.32,52869.23076923077,28.03,234481.73076923078,15.928530799751412,133248.28649792046,0.0,0.0,2025-01
"AS fan kipas angin Maspion16""panjang20,5cm plafonportabledindingdinamo",11.74,75881.53284671533,12.39,80082.8102189781,12.02768056286681,77740.95721473401,3.0,19500.0,2025-01
"AS fan kipas angindinding portable panasonic Nasional KDK pajang20,5cm",1.19,10872.272727272726,1.03,9410.454545454546,1.1191863229866317,10225.29322365059,0.0,0.0,2025-01
"AS kipas angin model Maspion 18,5 cm.AS Maspion 12""/inci",20.08,128042.96716417909,11.18,71290.8552238806,16.140989216131388,102925.30638438647,16.0,92800.0,2025-01
"AS kipas angin model Maspion 20,5 cm.AS Maspion 16""/inci",40.43,261599.09788598574,57.02,368943.3727790974,47.77249313532363,309108.1154579547,49.0,318500.0,2025-01
Arang Mixer karbon carbon brush mixer blender umum,5.16,22578.486486486487,0.77,3369.2702702702704,3.2170497369457074,14076.766281392163,10.0,45000.0,2025-01
Arang blender carbon brush bostel arang sepul blender plat kotak.,7.73,34585.23595505618,2.39,10693.23595505618,5.366593529678833,24010.983635034958,3.0,13500.0,2025-01
BEARING 629 NKN 2 RS BERING BUSHING BALL LAHER BANTALAN,1.88,12913.25,6.01,41281.1875,3.7078780379075695,25468.487272877617,0.0,0.0,2025-01
"BOS KIPAS ANGIN BOSHING BOSSING BOSING BREKET KUPING 7 "" 9 "" IN AS 6MM",4.06,25186.63063063063,3.66,22705.18918918919,3.882965807466579,24088.380675869248,5.0,25000.0,2025-01
BOSHING BOSSING BOSING KIPAS ANGIN REGENCY 10MM BULET BOS MESIN CUCI,7.02,24365.25,20.75,72019.79166666667,13.096698658709668,45456.45826127147,2.0,7000.0,2025-01
BOSHING BOSSING BOSING KIPAS ANGIN REGENCY 10MM GUCI BOS MESIN CUCI,4.53,15711.550000000001,2.38,8254.633333333333,3.5784412151328633,12411.226947819148,0.0,0.0,2025-01
"BOSHING BOSSING BOSING KIPAS ANGIN REGENCY BOS MESIN CUCI 12 "" GUCI",2.98,13984.714285714286,1.97,9244.928571428572,2.5329886638531125,11886.95394393925,0.0,0.0,2025-01
Bos kipas angin boshing Maspion Gentong guci Dinamofandindingportable,6.08,13829.973333333333,17.04,38760.31999999999,10.930736875415729,24863.78281261231,0.0,0.0,2025-01
Bos mesin cuci bulet 10mm boshing fan kipasangin dinamo regenci umum,3.12,9889.578947368422,7.62,24153.394736842107,5.111634666000984,16202.536724205751,8.0,28000.0,2025-01
CASING COVER TUTUP IMPELLER CAP SHIMIZU GOLDSTAR 130 PS 128 130 135,1.55,35833.55263157895,1.44,33290.52631578947,1.5013155970533094,34708.04610556138,1.0,23500.0,2025-01
ELEMEN BODY SAMPING MAGIC COM PEMANAS RICE COOKER KABEL SABUK HEATER,7.51,85637.46875,32.21,367294.65625,18.441861388938733,210294.85065074198,35.0,444500.0,2025-01
ELEMEN TUTUP ATAS MAGIC COM JAR PEMANAS TOP HEATER RICE COOKER KOTAK,26.18,238898.06232294615,39.73,362544.69121813023,32.17703327206963,293622.2650877923,14.0,126000.0,2025-01
FUSE KIPAS ANGIN SEIRING THERMAL 2A THERMOFUSE KOTAK 250V,9.67,10925.40350877193,44.06,49780.0701754386,24.890514703060852,28121.914857493313,10.0,13000.0,2025-01
GEAR GIGI MIXER MASPION BARU MT 1150 ADONAN MESIN (SEPASANG),1.96,15353.333333333332,1.96,15353.333333333332,1.96,15353.333333333332,0.0,0.0,2025-01
GEAR GIGI MIXER MASPION SEPASANG,2.51,19755.791666666664,1.49,11727.541666666666,2.0585628090397767,16202.604776150576,0.0,0.0,2025-01
GEAR GIGI MIXER MIYAKO HM 620 625 650 GRIGI SESET SEPASANG,45.46,344227.752866242,36.45,276003.11464968155,41.4723048131847,314032.51852235815,37.0,218300.0,2025-01
GEAR GIGI MIXER MIYAKO HM 625 HM 620 628 650 GRIGI,7.15,27775.000000000004,9.65,37486.53846153846,8.25646370333388,32073.185924489306,0.0,0.0,2025-01
GEAR GIGI MIXER PHILIP SESET SEPASANG.,1.66,12782.0,7.86,60522.0,4.404029984268022,33911.03087886377,0.0,0.0,2025-01
GEAR KOPEL BLENDER PHILIP BARU 2061 2071 2115 2116 PLASTIK GIGI BAGUS,6.16,19433.056603773584,3.61,11388.528301886792,5.031407022599443,15872.665173181638,0.0,0.0,2025-01
GEAR KOPEL BLENDER PHILIP BARU 2061 2071 2115 2116 PLASTIK GIGI PISAU,3.01,8495.465517241379,2.76,7789.862068965517,2.899353629666612,8183.175675455593,0.0,0.0,2025-01
GEAR KOPEL BLENDER PHILIP LAMA 2815 COPEL BAUT UPPER MOUNTING PISAU,2.82,7748.492307692307,3.01,8270.553846153845,2.904091241453375,7979.549164978042,0.0,0.0,2025-01
GEARBOX KIPAS ANGIN COSMOS / SEKAI / MIYAKO / RRT KOTAK GEARBOK GIRBOK,4.2,34868.92156862745,24.88,206556.84967320258,13.352667753977853,110855.5058679511,19.0,110200.0,2025-01
GEARBOX WALLFAN MIYAKO TARIK WALL FAN GEAR BOX KIPAS ANGIN DINDING,3.12,46305.72631578948,3.18,47196.22105263158,3.1465551288800135,46699.84635751974,0.0,0.0,2025-01
Gear Kopel Maspion Upper Blender Mounting Baut Pisau Flange gigi Spare,3.54,10311.458482758622,14.0,40779.77931034483,8.169444134748954,23796.29492166095,0.0,0.0,2025-01
Gear Kopel Maspion Upper Blender Mounting Baut Pisau Flange gigi putih,2.65,8308.24074074074,4.86,15237.000000000002,3.62811391374715,11374.808992544306,6.0,21000.0,2025-01
Gear box kipas angin Maspion bintang girbok/gear bok kipas angin12 16,1.1,13817.904571428573,2.13,26756.487942857144,1.5558630457735583,19544.333720646577,1.0,14700.0,2025-01
"Gear box/girbox/gearbox/gear bok kipas angin Cosmos Miyako,umum.rrt",5.28,34997.05765407555,11.87,78677.09741550696,8.196638321988107,54329.20907655735,10.0,50000.0,2025-01
"Gigi konektor Miyako lama gear lower panasonic,nasional drat besar POM",7.68,26383.673469387755,25.83,88735.71428571429,15.712926486203965,53979.7814662109,12.0,34800.0,2025-01
Gigi konektor blender Miyako drat lubang kecil gear lower National,1.33,4708.2,3.95,13983.0,2.4895739610939063,8813.091822272429,8.0,23200.0,2025-01
Gigi konektor blender Miyako drat lubang kecil gear lower National RRT,18.75,64213.41494845361,43.36,148495.66251546392,29.642028695618713,101515.51405577245,13.0,37700.0,2025-01
IMPELLER JET DAB 370 KIPAS IMPELAR GADING MESIN POMPA AIR SPAREPARTS,2.79,65692.875,1.02,24016.75,2.006623698039613,47247.62715675772,4.0,98000.0,2025-01
IMPELLER KUNINGAN NATIONAL PANASONIC GP 125 129 POMPA AIR KIPAS SANEI,1.68,44885.96178343949,6.97,186223.30573248406,4.0212771962544895,107439.81818553316,1.0,29900.0,2025-01
IMPELLER KUNINGAN POMPA AIR SHIMIZU PS 105 130 135 KIPAS GOLSTAR SANEI,2.43,67214.54198473283,1.26,34851.98473282443,1.9121749868397444,52891.34400621232,3.0,89700.0,2025-01
IMPELLER KUNINGAN PS 226 230 SHIMIZU POMPA AIR KIPAS BIT SPAREPARTS.,1.1,53372.00000000001,0.96,46579.2,1.0380380326133027,50365.60534239745,4.0,196000.0,2025-01
IMPELLER KUNINGAN SANYO SY 136 PWH IMPELER KIPAS POMPA AIR,2.54,68318.74285714286,0.32,8607.085714285715,1.5574602314395147,41891.23033934741,0.0,0.0,2025-01
KABEL TIES 10CM CABLE TIES KABEL TIS CABLE TIE 2.5 × 100MM ISI 100PCS,1.1,5330.081300813009,0.13,629.918699186992,0.6706920831064547,3249.8575734263986,3.0,16500.0,2025-01
"KAPASITOR 1,5UF, 2UF, 2,5UF, 3UF, 3,5UF MIKRO CAPASITOR KIPAS ANGIN - 1,5UF",19.66,70134.23629719854,47.21,168414.91839220465,31.853230010739356,113631.83928800661,3.0,10200.0,2025-01
"KAPASITOR 1,5UF, 2UF, 2,5UF, 3UF, 3,5UF MIKRO CAPASITOR KIPAS ANGIN - 2,5UF",23.95,118564.33690280067,36.07,178564.32701812193,29.31413603376265,145119.4614079985,8.0,39600.0,2025-01
"KAPASITOR 1,5UF, 2UF, 2,5UF, 3UF, 3,5UF MIKRO CAPASITOR KIPAS ANGIN - 2UF",14.72,70547.05263157896,58.07,278306.2055921053,33.90608061580948,162498.23734606456,20.0,90000.0,2025-01
"KAPASITOR 1,5UF, 2UF, 2,5UF, 3UF, 3,5UF MIKRO CAPASITOR KIPAS ANGIN - 3,5UF",5.88,38973.05263157895,8.74,57929.333333333336,7.1457944766139585,47362.82725025883,22.0,129800.0,2025-01
"KAPASITOR 1,5UF, 2UF, 2,5UF, 3UF, 3,5UF MIKRO CAPASITOR KIPAS ANGIN - 3UF",4.83,27627.865384615387,16.89,96611.72802197802,10.167580904882636,58159.12143422016,15.0,82500.0,2025-01
"KAPASITOR 1.5UF 1,5UF 1.5 UF 1,5 UF 450V MIKRO CAPASITOR KIPAS ANGIN",26.38,92734.36496350364,64.99,228461.19708029195,43.468225434288435,152805.0902857906,100.0,350000.0,2025-01
KAPASITOR 10 UF 450V KOTAK KABEL SAN EI CAPACITOR PETAK POMPA AIR,2.76,38888.399999999994,1.45,20430.5,2.180213019453047,30719.201444093433,1.0,13500.0,2025-01
KAPASITOR 100UF 100 MFD UF 250V 250 VAC CAPASITOR STARTING AC MOTOR,2.1,62838.46153846154,1.31,39199.230769230766,1.7503574697464939,52376.081210106626,0.0,0.0,2025-01
KAPASITOR 12 UF 450V KOTAK KABEL SAN EI CAPACITOR PETAK POMPA AIR,2.29,35754.94594594595,0.53,8275.162162162162,1.5110495528529486,23592.792613058064,7.0,111300.0,2025-01
KAPASITOR 150UF 150 MFD UF 250V 250 VAC CAPASITOR STARTING AC MOTOR,4.5,162000.0,2.36,84960.0,3.552867069946199,127903.21451806316,0.0,0.0,2025-01
KAPASITOR 200UF 200 MFD UF 250V 250 VAC CAPASITOR STARTING AC MOTOR,1.05,46023.15789473684,0.73,31997.052631578947,0.9083726459732634,39815.40734560704,0.0,0.0,2025-01
KAPASITOR 250UF 250 MFD UF 250V 250 VAC CAPASITOR STARTING AC MOTOR,1.55,85250.0,1.16,63799.99999999999,1.3773916622799147,75756.5414253953,0.0,0.0,2025-01
KAPASITOR 2UF 2 UF 400V 400 V 450V 450 V VOLT CAPASITOR KIPAS ANGIN,3.23,15038.88,2.75,12804.0,3.017558968959895,14049.754559477273,1.0,4900.0,2025-01
KAPASITOR 3 UF 450V 3UF 450 V 400 VOLT CAPASITOR 3 MICKO KIPAS ANGIN,7.51,44370.84705882353,1.55,9157.764705882353,4.872190531252031,28786.048056409054,0.0,0.0,2025-01
KAPASITOR 300UF 300 MFD UF 250V 250 VAC CAPASITOR STARTING AC MOTOR,1.3,80600.0,0.31,19220.0,0.8618403734797836,53434.10315574658,0.0,0.0,2025-01
KAPASITOR 30UF 450 VAC CAPASITOR BULET CONDENSATOR SPAREPARTS DINAMO,4.12,126100.70491803279,3.66,112021.5,3.916410678586566,119869.45323259152,5.0,149500.0,2025-01
KAPASITOR 35 UF 450VAC CAPASITOR BULET CONDENSATOR SPAREPARTS,4.34,158514.954248366,2.24,81814.16993464052,3.4105704891995408,124568.30070421485,15.0,517500.0,2025-01
KAPASITOR 4 UF 450V 4UF 450 V POMPA AIR CAPASITOR,10.08,93368.29090909091,9.22,85402.34545454546,9.699376486053145,89842.67910581408,11.0,93500.0,2025-01
KAPASITOR 40UF 450VAC CAPASITOR 40 UF 450 VAC BULET CONDENSATOR,3.2,127577.01149425289,4.41,175817.06896551725,3.7355284324135978,148927.36054973063,0.0,0.0,2025-01
KAPASITOR 5 UF 450 V KOTAK CAPACITOR PETAK POMPA AIR SAN EI,20.58,201294.45,12.21,119426.88214285715,16.87555952123817,165061.0530743392,11.0,108900.0,2025-01
KAPASITOR 50 UF 50UF 450VAC 450 VAC CAPASITOR BULET CONDENSATOR,9.36,448024.32,7.85,375746.8923076923,8.691695923186336,416035.379875249,6.0,294000.0,2025-01
KAPASITOR 500UF 500 MFD UF 250V 250 VAC CAPASITOR STARTING AC MOTOR,2.07,184230.0,0.25,22250.0,1.2644944239729354,112540.00373359125,0.0,0.0,2025-01
KAPASITOR 6 UF 450V KOTAK KABEL CAPACITOR PETAK SAN EI POMPA AIR.,6.99,84851.78048780489,2.17,26341.682926829268,4.85673797997228,58956.06079590741,0.0,0.0,2025-01
KAPASITOR 8 UF 450V KOTAK KABEL SAN EI CAPACITOR PETAK POMPA AIR,8.48,113721.78823529412,3.06,41036.4,6.0811866911721495,81552.29069726038,9.0,116100.0,2025-01
KAPASITOR POMPA AIR 10UF 450VAC CAPASITOR BULET CONDENSATOR SPAREPART,10.33,148623.97863247863,1.52,21869.162393162394,6.430821909451407,92524.13727585493,10.0,135000.0,2025-01
KAPASITOR POMPA AIR 12UF 450VAC CAPASITOR BULET CONDENSATOR SPAREPARTS,9.36,146334.5340314136,10.47,163688.30890052358,9.851269884280242,154015.06283481274,11.0,174900.0,2025-01
KAPASITOR POMPA AIR 14 UF 450VAC CAPASITOR BULET CONDENSATOR SPAREPART,2.49,41673.90476190476,8.68,145272.88888888888,5.229604129454686,87525.31101741303,14.0,250600.0,2025-01
KAPASITOR POMPA AIR 16UF 450VAC CAPASITOR BULET CONDENSATOR SPAREPARTS,6.52,119621.3172205438,11.94,219061.1238670695,8.91881330882785,163631.9319089117,4.0,75600.0,2025-01
KAPASITOR POMPA AIR 20UF 450VAC CAPASITOR BULET CONDENSATOR SPAREPARTS,10.55,251440.90217391305,8.96,213546.01739130437,9.846289084679652,234669.17635232265,2.0,43800.0,2025-01
KAPASITOR POMPA AIR 20UF 450VAC CAPASITOR KOTAK 20 UF 450V CONDENSATOR,2.57,61122.4406779661,1.01,24020.881355932204,1.879566649119659,44701.8291871984,5.0,109500.0,2025-01
KAPASITOR POMPA AIR 25UF 450VAC CAPASITOR BULET CONDENSATOR SPAREPARTS,6.19,167980.79574468086,2.59,70285.98723404255,4.596692267199213,124742.4918962108,14.0,362600.0,2025-01
KAPASITOR POMPA AIR 6 UF 450VAC CAPASITOR BULET CONDENSATOR SPAREPARTS,9.56,111946.80991735538,11.58,135600.84297520661,10.454022672293775,122415.7415237442,3.0,35700.0,2025-01
KAPASITOR POMPA AIR 8UF 450VAC CAPASITOR BULET CONDENSATOR SPAREPARTS,4.06,55766.53599999999,1.75,24037.3,3.037627538119495,41723.63681259414,0.0,0.0,2025-01
KARET SEAL ORING BLENDER BUMBU CHOPPER GELAS NATIONAL MIYAKO PAKING,2.76,9788.934306569341,4.17,14789.802919708029,3.384045528680308,12002.24614880118,4.0,15600.0,2025-01
KARET SEAL ORING BLENDER PHILIP 1741,2.07,8280.0,0.7,2800.0,1.4636578905730337,5854.631562292135,0.0,0.0,2025-01
KIPAS IMPELLER JET DAB 255 IMPELAR GADING MESIN POMPA AIR SPAREPARTS,2.62,58283.77142857143,1.23,27362.22857142857,2.004806180946363,44598.34549956681,7.0,164600.0,2025-01
KIPAS PENDINGIN GP 125 NATIONAL NASIONAL PANASONIC FAN POMPA AIR,1.82,9170.451612903227,0.64,3224.7741935483873,1.297749132026409,6538.9811104040355,0.0,0.0,2025-01
KLEP TABOK KARET SEDOT PLENES POMPA AIR PLENNES PLANES OVAL PACKING,6.27,17264.03816793893,3.21,8838.526717557252,4.915688427119331,13535.029127190403,0.0,0.0,2025-01
KNOP KOMPOR GAS HITACHI TODACHI TOMBOL PUTARAN CETEKAN PEMANTIK,2.51,6843.441176470587,0.94,2562.8823529411766,1.8151407943063234,4948.927989182241,0.0,0.0,2025-01
KNOP KOMPOR GAS RINNAI TOMBOL PUTARAN CETEKAN SWITCH PEMANTIK,8.53,24695.891566265058,6.39,18500.204819277107,7.582867069946198,21953.770565157487,0.0,0.0,2025-01
"Kabel Buntung AC Power listrik Colokan Gepeng Oval SNI Serbaguna 1,2m",4.94,29537.083333333336,1.61,9626.458333333334,3.4661903471592725,20724.929784056483,0.0,0.0,2025-01
Karet seal Oring sil blender Mounting gelas Nasional Miyako Gmc sanex,5.91,21178.171683991684,19.0,68085.49272349272,11.703443950656194,41938.670944326695,0.0,0.0,2025-01
LAMPU GOSOKAN BAJU SETERIKA SETRIKA INDIKATOR RESISTOR 1 PCS,12.7,10409.719101123595,7.35,6024.5224719101125,10.332167674865497,8468.894740240876,3.0,2475.0,2025-01
"LEHER KIPAS ANGIN COSMOS DINDING WALL FAN PLAT 12"" 16""",4.36,27194.686567164183,3.0,18711.940298507463,3.7580837453863696,23440.346226820355,0.0,0.0,2025-01
"LEHER KIPAS ANGINCOSMOS TIANG BERDIRI STAND FAN PLAT 12"" 16"" SPAREPART",3.62,22274.3125,1.65,10152.65625,2.7481066017729026,16909.443434033892,3.0,17700.0,2025-01
LEM KOREA HANDSOME SEBAGUNA MULTIFUNGSI EPOTEC BESI POWERGLUE ( 1pcs),4.7,12098.654545454545,12.12,31199.083636363634,7.983984271494955,20552.22714833192,7.0,19600.0,2025-01
LEM PIPA ISARPLAS TUBE 45GR FOX FITING PVC,1.05,9915.34090909091,1.34,12653.863636363636,1.17834978958673,11127.37130848378,1.0,9600.0,2025-01
LIS KIPAS ANGIN MULTI RING GAWANG PENGIKAT KIPAS ANGIN,3.56,33173.92592592593,1.56,14536.888888888889,2.6748290373328962,24925.443918257653,0.0,0.0,2025-01
"Leher kipas angin COSMOS Dinding wall fan kipas angin COSMOS 12"" 16""",1.96,11791.387222222222,8.72,52459.641111111116,4.951877853814811,29790.565944631206,1.0,5900.0,2025-01
"Leher kipas angin COSMOS tiang berdiri stand fan leher Cosmos 12"" 16"".",8.29,49833.4962406015,7.81,46948.08270676691,8.077558968959895,48556.45410288298,0.0,0.0,2025-01
MOUNTING PISAU BLENDER JUS PHILIP HR 2061 2115 2116 2071 MANGKOK GELAS,1.49,54385.0,0.69,25184.999999999996,1.1359316149331584,41461.503945060285,0.0,0.0,2025-01
MOUNTING PISAU BLENDER NATIONAL MIYAKO LAMA MANGKOK JUS JUICE GELAS,1.33,37533.51724137931,1.34,37815.724137931036,1.3344258548133356,37658.41791652531,1.0,33000.0,2025-01
NITTO ISOLASI LISTRIK 3/4 INCH 25 METER HITAM ISOLASI KABEL.,2.13,16891.36813186813,4.1,32513.901098901097,3.001893398227097,23805.6744047317,2.0,18000.0,2025-01
ORING KARET TUTUP IMPELLE SHIMIZU 4 BAUT PS 128 130 135 SEMI JETPAM,4.7,8306.739130434782,4.07,7193.282608695652,4.421171146759862,7813.939439816887,3.0,5400.0,2025-01
OTOMATIS MAGIC COM RICE COOKER KAKI PIN 3 ELEMENT THERMOSTAT MTS PER.,2.71,21881.06451612903,4.31,34799.77419354839,3.4181367701336827,27598.69785691809,0.0,0.0,2025-01
OTOMATIS PER MAGIC COM RICE COOKER KAKI PIN 2 ELEMEN THERMOSTAT MTS,3.15,25705.384615384613,1.14,9302.901098901099,2.2604031825195605,18445.883553176107,0.0,0.0,2025-01
OTOMATIS PM5 PRESSURE SWITCH JETPUMP POMPA AIR SAN-EI PM 5 SEMI,3.95,223306.6666666667,1.57,88757.33333333334,2.8966465544261464,163757.08521022482,9.0,495000.0,2025-01
PINION KIPAS ANGIN MASPION / PEN STOP/ TARIKAN GEARBOX DINAMO,3.87,12870.68181818182,1.72,5720.303030303031,2.918441215132863,9706.027980631265,5.0,17500.0,2025-01
PINION PANASONIC NASIONAL PEN STOP TARIKAN GEARBOX KIPAS ANGIN GEAR,5.11,18207.60101010101,35.44,126277.37373737372,18.53361764884663,66037.71339020858,3.0,13500.0,2025-01
PISAU BLENDER MASPION JUS + SEAL PUTIH MOUNTING SPAREPART STAINLES,1.3,17382.85714285714,0.97,12970.285714285714,1.153946791159928,15429.917093224178,0.0,0.0,2025-01
RADAR PELAMPUNG AIR OTOMATIS TOREN ST 70 AB ORIGINAL SHINTUNG POMPA,0.75,41903.90625,1.05,58665.46875,0.8827756444000656,49322.33045696492,0.0,0.0,2025-01
SEAL BLENDER JUS PHILIP BARU 2061 2071 2115 2116 KARET PISAU MOUNTING,2.15,8129.6875,1.7,6428.125,1.9508365333999016,7376.600641918378,0.0,0.0,2025-01
SEAL KARET PENGAMAN TABUNG GAS LPG ELPIJI REGULATOR SILIKON,30.16,18727.475,65.46,40646.56875,45.78326749107438,28428.547657739,0.0,0.0,2025-01
SEAL PDL 255 PEDROLO SIL POMPA AIR MS 14 PDR KARET SPAREPARTS MACHANIC,16.85,113099.93243243246,48.23,323727.58108108107,30.738332404246858,206320.67169174887,0.0,0.0,2025-01
SEAL SANYO 100 101 PH 100 SIL POMPA AIR,4.89,34711.1129032258,1.74,12351.193548387097,3.4958557337993112,24814.93723298511,10.0,46000.0,2025-01
SEAL SHIMIZU SMZ 230 GOLSTAR GS 250 SIL POMPA AIR PS 226,2.24,17530.947368421053,4.09,32009.631578947367,3.058783140467071,23939.002788813337,5.0,39500.0,2025-01
SEAL SIL POMPA AIR PANASONIC NATIONAL NASIONAL GP 200 MECHANICAL,7.57,49587.659340659346,1.4,9170.76923076923,4.839247580171985,31699.73057736836,0.0,0.0,2025-01
SELANG PEMBUANGAN AIR MESIN CUCI MULTI 1-2 TABUNG PANJANG SAMPAI 2M,1.16,14659.499999999998,1.85,23379.375,1.4653839821201509,18518.790074043405,0.0,0.0,2025-01
SELANG PEMBUANGAN MESIN CUCI MULTI 1.2 METER,1.22,10404.857142857143,1.72,14669.142857142859,1.441292740666776,12292.168088258075,0.0,0.0,2025-01
SINGER OIL MINYAK PELUMAS MESIN JAHIT RANTAI SEPEDA 80CC,2.54,18706.352941176472,5.88,43304.470588235294,4.0182355076540635,29593.122679899338,5.0,38500.0,2025-01
SNAP RING S12 RETAINER CIRCLIP POMPA AIR EXTERNAL EKSTERNAL RETAINING,12.7,11710.147058823528,12.78,11783.911764705881,12.735406838506684,11742.794246681897,0.0,0.0,2025-01
SPINER KIPAS ANGIN KUNCI MUR BALING MASPION FAN DINDING PLAFON DINAMO,1.66,4573.137254901961,3.52,9697.254901960785,2.483208995280407,6840.997330135238,2.0,5600.0,2025-01
STIK MIXER PHILIPS GARPU STICK KOCOKAN PENGADUK ADONAN KUE SEPASANG,0.86,21923.943661971833,1.62,41298.59154929578,1.1963649658134996,30498.88152285119,0.0,0.0,2025-01
SWITCH EXHAUST SAKLAR TARIKAN FAN DINAMO MASPION HEXOS DINDING,1.6,11910.400000000001,0.28,2084.32,1.0157871646397114,7561.5196535780115,0.0,0.0,2025-01
SWITCH FAN KIPAS ANGIN MASPION LURUS 4 PIN SAKLAR ON OFF TIANG BERDIRI,1.22,9351.135135135135,0.77,5901.945945945946,1.0208365333999017,7824.574077627354,21.0,155400.0,2025-01
SYNCHRONOUS MOTOR ROTARY ROTARI SINKRONUS SWING DINAMO KIPAS ANGIN,3.92,49381.79166666667,2.03,25572.713541666664,3.083513440279587,38844.239364605404,0.0,0.0,2025-01
Siltip sealtape isolatip Hachi sealtape isolasi keranpipa air.,2.04,5884.615384615385,7.08,20423.076923076926,4.270630825921102,12319.127382464718,5.0,14500.0,2025-01
Swit tembok kipas angin wall fan saklar tarikan DinamoDindingPlafon,1.05,5230.79268292683,4.75,23663.10975609756,2.687566280934142,13388.668606848745,2.0,10400.0,2025-01
Switch Micro 3 Pin Saklar Mikro Otomatis Rice Cooker Majic Com Jer lim,8.15,48574.0,3.07,18297.2,5.901665754825556,35173.92789876032,26.0,156000.0,2025-01
Switch Micro Limid Tombol Pin 3 Magicom Rice Cooker Majic Com Jer,2.96,17760.0,2.64,15840.0,2.8183726459732634,16910.235875839582,2.0,12000.0,2025-01
"T Kuningan Tebal Tee Jet Pump 3 Way 1"" Sambungan Otomatis Pompa Air",1.38,44077.2,1.65,52701.0,1.499498079960059,47893.96867392428,0.0,0.0,2025-01
TABUNG ANGIN 2 LITER TANGKI PRESSURE TANK SPART PART POMPA AIR,1.08,65427.75000000001,0.64,38772.0,0.8852623882132373,53630.30205594318,0.0,0.0,2025-01
TABUNG POMPA AIR PVC FIBER TENGKI OTOMATIS 2 LITER,2.21,60821.041666666664,0.86,23667.916666666664,1.6125096001997048,44377.60795549604,0.0,0.0,2025-01
TALI PEMBUANGAN AIR DRAIN REM MESIN CUCI 2 TABUNG TARIKAN,2.96,13895.854545454547,1.54,7229.6,2.3315286165063562,10945.467068762568,0.0,0.0,2025-01
TERMOSTAT BIMETAL PENGATUR SUHU SAKLAR OTOMATIS DISPENSER MAGIC COM,8.81,37731.71717171717,6.54,28009.696969696968,7.8053309573728376,33428.89218107155,0.0,0.0,2025-01
TIMAH SOLDER 0.8mm 10M 60/40 TIM TINOL TENOL KAWAT KWALITAS BAGUS,1.93,33576.115853658535,1.06,18440.768292682926,1.5449506312398098,26877.430768233542,2.0,35800.0,2025-01
"TUSEN KLEP 1/2"" INCH TUSSEN TOSSEN PVC PLASTIK FOOT VALVE",1.02,5948.210526315789,1.1,6414.736842105263,1.0554068385066842,6154.688300344242,0.0,0.0,2025-01
"TUSEN KLEP 3/4"" INCH TUSSEN TOSSEN PVC PLASTIK FOOT VALVE",1.85,12421.428571428572,0.43,2887.1428571428573,1.2215286165063564,8201.692139399822,0.0,0.0,2025-01
Tarikan pinion baut gearbox kipas angin cabutan Cosmos Miyako Multifan,3.34,6538.191525423728,2.43,4756.827966101695,2.9372472119864677,5749.785877091137,0.0,0.0,2025-01
Tarikan pinion socket gerbox cabutan kipas angin CosmosMiyakoMaspion,3.4,6637.79795221843,21.62,42208.58580204778,11.463907469897316,22380.912214148815,8.0,16000.0,2025-01
Tutup sendok Blender Nasional National tutup gelas juice blender NS.,0.88,7162.065777777778,1.53,12452.228,1.1676805628668088,9503.414771232572,1.0,9500.0,2025-01
"WATERMUR 1/2 "" INCH POLOS WATERMOER SAMBUNGAN PIPA UNION SOCKET PVC",1.77,14160.0,0.85,6800.0,1.3628213571731322,10902.570857385057,1.0,8000.0,2025-01
"WATERMUR 3/4 "" INCH POLOS WATERMOER SAMBUNGAN PIPA PVC UNION SOCKET",1.1,8800.0,0.83,6640.0,0.980501920039941,7844.015360319528,0.0,0.0,2025-01
"WATERMUR 3/4""INCH DRAT LUAR WATER MUR UNION SOCKET SANYO PVC 1 × 3/4""",5.94,47520.0,8.42,67360.0,7.037611993707209,56300.89594965767,6.0,48000.0,2025-01
"WATERMUR1/2"" INCH DRAT LUAR WATERMOR UNION SOCKET SANYO PCV 1×1/2""",2.62,20960.0,2.33,18640.0,2.49165021041327,19933.201683306157,0.0,0.0,2025-01
arang blender Philip,2.46,11236.523076923077,2.53,11556.261538461538,2.4909809836933485,11378.034677823925,3.0,13500.0,2025-01
bearing nkn 608 2RS ball laher.,2.6,15178.432075471697,5.88,34326.607924528296,4.05168037877405,23653.136700285904,0.0,0.0,2025-01
bos kipasangin dinamoNational boshing fanpanasonic KDK dindingportable,11.6,34848.638596491226,5.08,15261.300350877193,8.714342661705242,26179.56707101305,10.0,25000.0,2025-01
carbon arang blender Philips brush karbon kaleng bulet,25.05,107903.54838709679,42.09,181303.80645161294,32.59165660192373,140389.43693258762,60.0,270000.0,2025-01
drat besar kopel gear gigi karet pisau blender.,3.15,8606.971153846154,16.02,43772.596153846156,8.846075144762814,24170.766220866342,0.0,0.0,2025-01
gear konektor Miyako baru blender/ gigi lower mesin dinamo Blender.,30.16,97019.7441077441,47.96,154279.4074074074,38.038021567737225,122362.0397502227,0.0,0.0,2025-01
"kapasitas kipas angin 1,5uf mikro 450V capasitor kotak spareparts",5.44,18416.85045045045,1.86,6296.937837837838,3.8555439768258846,13052.753093076712,31.0,114700.0,2025-01
"kapasitor 3 uf capasitor 3,0 mickro 450V kotak.spartparts kipas angin",1.19,7011.727272727273,1.97,11607.649350649352,1.5352166754401704,9045.815657755913,3.0,19500.0,2025-01
"kapasitor 3,5uf mickro 450V kotak capasitor kipas angin spareparts",2.9,18934.193548387095,0.32,2089.2903225806454,1.758129458159436,11478.883946176447,3.0,17700.0,2025-01
kapasitor 4 uf mickro capasitor kipas angin 450V kotak spareparts,1.1,9783.125,3.83,34063.0625,2.3082583640405967,20529.072825186056,0.0,0.0,2025-01
kapasitor kipas angin 2 uf mickro 450V capasitor kotak spareparts,7.26,33440.39769230769,4.68,21556.62,6.118129458159436,28180.81022229677,0.0,0.0,2025-01
"kapasitor kipas angin 2,5uf mickro kotak 450V capasitor spareparts",4.23,20456.89156626506,10.69,51698.385542168675,7.089102209414746,34283.92321516963,5.0,25500.0,2025-01
konektor blender maspion conektor kecil gigi atas mesin gear ger lower,8.09,28164.9435483871,9.32,32447.129032258064,8.634380142040268,30060.176671925674,0.0,0.0,2025-01
kopel Miyako baru pisau baut flange gigi blender gear upper konektor.,4.09,12961.718894009216,26.49,83950.10599078341,14.003914781871561,44380.14836632753,0.0,0.0,2025-01
kopel gigi karet blender drat lobang kecil gear RRT pisau blender,3.2,9370.746268656716,7.31,21406.298507462685,5.019026328280898,14697.506949383762,2.0,7000.0,2025-01
oring seal AS kipas angin umum.,38.72,19173.481089494162,110.28,54608.76793774319,70.39141704422897,34856.62457541894,100.0,50000.0,2025-01
seal 2 ply mounting bumbu blender Philip karet 2061-2071-2115-2116mill,1.52,5870.344827586207,2.6,10041.379310344828,1.997992319840236,7716.3841317967735,0.0,0.0,2025-01
seal pompa air Shimizu 100- 125/sil pompa air Shimizu simitsu 125.,16.13,93927.30752873563,34.4,200316.14252873563,24.21603674396399,141013.46127572647,20.0,98000.0,2025-01
seal pompa air Toyomoto 125 sil TM 125 marcanical seal Ty mekanik,6.88,39707.42857142857,2.43,14024.57142857143,4.910494608065694,28340.56888083629,0.0,0.0,2025-01
seal sil pompa air Panasonic National GP125 Nasional Spareparts pompa,13.42,74895.38341463415,52.63,293721.6117073171,30.773776723088574,171744.69499195696,2.0,9800.0,2025-01
spiner AS kipas angin Cosmos Miyako/kunci mur baling kipas angin,6.35,19879.73333333333,4.31,13493.173333333332,5.4471256180795535,17053.13460166772,7.0,21000.0,2025-01
AS 6mm KIPAS ANGIN KECIL 7 IN 9 IN BATANG BESI,26.24,175793.17514124291,32.63,218602.56497175142,29.085173262794964,194854.22855944783,12.0,78000.0,2025-02
"AS DINAMO KIPAS ANGIN MODEL COSMOS,MIYAKO,UMUM-RRT.",17.14,110862.97872340426,17.13,110798.29787234042,17.135547459682638,110834.17931369196,0.0,0.0,2025-02
AS EXHAUST FAN MASPION EXOS EXSOS EXAUST KIPAS ANGIN,22.24,127993.4693877551,13.26,76312.6530612245,18.24161879500802,104982.37755494412,2.0,9000.0,2025-02
AS EXHAUST PANASONIC NATIONAL DINAMO MASPION EXOSOS FAN KIPAS ANGIN,5.05,30644.53271028037,10.97,66568.42056074766,7.685903867878901,46639.78861134365,0.0,0.0,2025-02
AS Exhaust/Exaust/Exsos Maspion Panasonic National multi kipas angin.,10.48,61146.03636363637,3.84,22404.654545454545,7.523513229270964,43896.2799140555,2.0,9000.0,2025-02
AS FAN KIPAS ANGIN COSMOS MOYAKO DRAT KASAR DINAMO PLAFON DINDING PORT,22.57,143745.82222222222,47.32,301375.8222222222,33.59003728547344,213931.2152448153,0.0,0.0,2025-02
AS KIPAS ANGIN MIYAKO COSMOS SEKAI FAN DINAMO DRAT HALUS,22.86,145732.5,58.82,374977.5,38.871334981237375,247804.76050538826,0.0,0.0,2025-02
AS KIPAS ANGIN MIYAKO COSMOS SEKAI FAN DINAMO DRAT HALUS - KASAR - as drat halus,14.62,90961.22641509434,15.4,95814.15094339622,14.967298144754317,93122.01062703275,0.0,0.0,2025-02
AS KIPAS ANGIN MIYAKO COSMOS SEKAI FAN DINAMO DRAT HALUS - KASAR - as drat kasar,9.71,59716.50000000001,10.57,65005.5,10.09291846729322,62071.448573853304,30.0,150000.0,2025-02
AS KIPAS ANGIN REGENCY 10 CM DIAMETER 10 MM,10.9,91182.69230769231,48.33,404299.03846153844,27.565858407889735,230599.00783523143,0.0,0.0,2025-02
"AS fan kipas angin Maspion16""panjang20,5cm plafonportabledindingdinamo",14.19,91717.11678832117,24.09,155705.80291970805,18.598014914189378,120208.3372738299,0.0,0.0,2025-02
"AS fan kipas angindinding portable panasonic Nasional KDK pajang20,5cm",2.05,18729.545454545452,1.78,16262.727272727272,1.929781411431199,17631.1847135305,0.0,0.0,2025-02
"AS kipas angin model Maspion 18,5 cm.AS Maspion 12""/inci",28.81,183711.05,25.06,159798.6432835821,27.140297380988873,173063.95450099674,10.0,58000.0,2025-02
"AS kipas angin model Maspion 20,5 cm.AS Maspion 16""/inci",65.0,420577.3277909739,112.48,727792.8896912114,86.14066142683956,557366.2953391876,0.0,0.0,2025-02
Arang Mixer karbon carbon brush mixer blender umum,9.38,41043.83783783784,3.1,13564.594594594595,6.5838046806960335,28808.593994721294,5.0,22500.0,2025-02
Arang blender carbon brush bostel arang sepul blender plat kotak.,9.67,43265.1011235955,5.53,24742.08988764045,7.826648308611716,35017.655690889726,0.0,0.0,2025-02
BEARING 629 NKN 2 RS BERING BUSHING BALL LAHER BANTALAN,3.24,22254.75,10.36,71160.25,6.410208705962461,44030.12104907965,6.0,45000.0,2025-02
"BOS KIPAS ANGIN BOSHING BOSSING BOSING BREKET KUPING 7 "" 9 "" IN AS 6MM",6.48,40199.35135135135,7.62,47271.45945945946,6.987589596179383,43348.235999361474,0.0,0.0,2025-02
BOSHING BOSSING BOSING KIPAS ANGIN REGENCY 10MM BULET BOS MESIN CUCI,8.1,28113.75,40.04,138972.16666666666,22.321413773657444,77473.90697273605,2.0,7000.0,2025-02
BOSHING BOSSING BOSING KIPAS ANGIN REGENCY 10MM GUCI BOS MESIN CUCI,7.81,27087.683333333334,4.11,14254.850000000002,6.162560082575688,21373.812553066677,0.0,0.0,2025-02
"BOSHING BOSSING BOSING KIPAS ANGIN REGENCY BOS MESIN CUCI 12 "" GUCI",5.14,24121.285714285714,3.39,15908.785714285716,4.360805444461474,20464.636978651346,0.0,0.0,2025-02
Bos kipas angin boshing Maspion Gentong guci Dinamofandindingportable,10.48,23838.506666666664,29.38,66829.70666666667,18.895301199816082,42980.51179584831,0.0,0.0,2025-02
Bos mesin cuci bulet 10mm boshing fan kipasangin dinamo regenci umum,4.95,15690.197368421053,7.04,22314.947368421053,5.880580926328869,18639.89401516611,0.0,0.0,2025-02
CASING COVER TUTUP IMPELLER CAP SHIMIZU GOLDSTAR 130 PS 128 130 135,2.19,50629.34210526316,2.34,54097.10526315789,2.256788104760445,52173.377632422395,5.0,117500.0,2025-02
ELEMEN BODY SAMPING MAGIC COM PEMANAS RICE COOKER KABEL SABUK HEATER,18.57,211756.03125,65.93,751808.0312500001,39.65723094303121,452216.3615972528,41.0,520700.0,2025-02
ELEMEN TUTUP ATAS MAGIC COM JAR PEMANAS TOP HEATER RICE COOKER KOTAK,35.33,322393.75637393765,80.44,734032.090651558,55.41540937162452,505677.3843282632,60.0,540000.0,2025-02
FUSE KIPAS ANGIN SEIRING THERMAL 2A THERMOFUSE KOTAK 250V,13.81,15602.877192982458,93.89,106079.22807017545,49.46594286144296,55887.837197840825,10.0,13000.0,2025-02
GEAR GIGI MIXER MASPION BARU MT 1150 ADONAN MESIN (SEPASANG),3.38,26476.666666666664,3.38,26476.666666666664,3.38,26476.666666666664,0.0,0.0,2025-02
GEAR GIGI MIXER MASPION SEPASANG,4.33,34080.708333333336,2.57,20228.041666666664,3.5463529041441113,27912.752649700942,0.0,0.0,2025-02
GEAR GIGI MIXER MIYAKO HM 620 625 650 GRIGI SESET SEPASANG,68.19,516341.629299363,82.92,627878.6904458599,74.74859188747571,566003.955462859,127.0,781700.0,2025-02
GEAR GIGI MIXER MIYAKO HM 625 HM 620 628 650 GRIGI,12.33,47897.307692307695,16.64,64640.00000000001,14.249044876783458,55352.05894442805,10.0,32000.0,2025-02
GEAR GIGI MIXER PHILIP SESET SEPASANG.,2.86,22022.0,13.55,104335.0,7.619765599261054,58672.19511431012,0.0,0.0,2025-02
GEAR KOPEL BLENDER PHILIP BARU 2061 2071 2115 2116 PLASTIK GIGI BAGUS,10.62,33503.094339622636,6.22,19622.33962264151,8.660882260360278,27322.632338344123,5.0,17500.0,2025-02
GEAR KOPEL BLENDER PHILIP BARU 2061 2071 2115 2116 PLASTIK GIGI PISAU,5.19,14648.327586206899,4.75,13406.46551724138,4.994088226036029,14095.38349313962,0.0,0.0,2025-02
GEAR KOPEL BLENDER PHILIP LAMA 2815 COPEL BAUT UPPER MOUNTING PISAU,4.86,13353.784615384617,5.19,14260.523076923078,5.006933830472979,13757.513571114985,0.0,0.0,2025-02
GEARBOX KIPAS ANGIN COSMOS / SEKAI / MIYAKO / RRT KOTAK GEARBOK GIRBOK,10.38,86176.04901960785,61.03,506678.6388888889,32.932116707443626,273406.5225144613,72.0,417600.0,2025-02
GEARBOX WALLFAN MIYAKO TARIK WALL FAN GEAR BOX KIPAS ANGIN DINDING,5.38,79847.69473684211,5.48,81331.85263157896,5.4245254031736305,80508.52202320696,5.0,60000.0,2025-02
Gear Kopel Maspion Upper Blender Mounting Baut Pisau Flange gigi Spare,6.1,17768.332413793105,24.14,70315.99089655172,14.132382732522865,41165.3892115436,5.0,17500.0,2025-02
Gear Kopel Maspion Upper Blender Mounting Baut Pisau Flange gigi putih,4.57,14327.796296296297,7.34,23012.25925925926,5.803353667909553,18194.588444020137,0.0,0.0,2025-02
Gear box kipas angin Maspion bintang girbok/gear bok kipas angin12 16,1.62,20350.004914285717,3.31,41579.33102857143,2.3724793136343485,29802.44795771617,7.0,102900.0,2025-02
"Gear box/girbox/gearbox/gear bok kipas angin Cosmos Miyako,umum.rrt",9.14,60582.027833001994,22.09,146417.61431411532,14.906039710985095,98800.6687801676,2.0,10000.0,2025-02
"Gigi konektor Miyako lama gear lower panasonic,nasional drat besar POM",10.95,37617.34693877551,55.6,191006.80272108846,30.830592517025824,105914.62055168736,17.0,49300.0,2025-02
Gigi konektor blender Miyako drat lubang kecil gear lower National,3.95,13983.0,11.92,42196.8,7.498674632938316,26545.30820060164,0.0,0.0,2025-02
Gigi konektor blender Miyako drat lubang kecil gear lower National RRT,28.81,98666.05251546392,114.06,390623.045814433,66.76790620551964,228661.08087543806,79.0,229100.0,2025-02
IMPELLER JET DAB 370 KIPAS IMPELAR GADING MESIN POMPA AIR SPAREPARTS,4.57,107604.45833333333,1.7,40027.916666666664,3.292120928916818,77515.7307054539,6.0,147600.0,2025-02
IMPELLER KUNINGAN NATIONAL PANASONIC GP 125 129 POMPA AIR KIPAS SANEI,2.19,58512.05732484076,12.94,345728.7770700637,6.976480841165232,186396.4597734764,0.0,0.0,2025-02
IMPELLER KUNINGAN POMPA AIR SHIMIZU PS 105 130 135 KIPAS GOLSTAR SANEI,3.57,98747.29007633586,0.0,0.0,1.9804431067014068,54779.66104681334,1.0,29900.0,2025-02
IMPELLER KUNINGAN PS 226 230 SHIMIZU POMPA AIR KIPAS BIT SPAREPARTS.,2.29,111110.8,1.39,67442.79999999999,1.8892713714373297,91667.44694213924,2.0,98000.0,2025-02
IMPELLER KUNINGAN SANYO SY 136 PWH IMPELER KIPAS POMPA AIR,4.38,117809.48571428572,0.56,15062.400000000001,2.6791295987673314,72060.93155084475,1.0,29900.0,2025-02
KABEL TIES 10CM CABLE TIES KABEL TIS CABLE TIE 2.5 × 100MM ISI 100PCS,2.19,10611.707317073171,0.57,2761.951219512195,1.4686884685871928,7116.5717664875365,1.0,5500.0,2025-02
"KAPASITOR 1,5UF, 2UF, 2,5UF, 3UF, 3,5UF MIKRO CAPASITOR KIPAS ANGIN - 1,5UF",26.48,94463.6102314251,96.7,344963.4104750305,57.74573810852304,205999.65623902838,33.0,112200.0,2025-02
"KAPASITOR 1,5UF, 2UF, 2,5UF, 3UF, 3,5UF MIKRO CAPASITOR KIPAS ANGIN - 2,5UF",33.57,166188.09143327843,73.28,362772.2174629325,51.25103760024851,253717.966123339,67.0,331650.0,2025-02
"KAPASITOR 1,5UF, 2UF, 2,5UF, 3UF, 3,5UF MIKRO CAPASITOR KIPAS ANGIN - 2UF",21.52,103136.72368421053,112.42,538783.9440789474,61.993591484829736,297110.4049796799,50.0,225000.0,2025-02
"KAPASITOR 1,5UF, 2UF, 2,5UF, 3UF, 3,5UF MIKRO CAPASITOR KIPAS ANGIN - 3,5UF",12.71,84242.77192982456,15.31,101475.75438596492,13.867660482514383,91915.826847262,13.0,76700.0,2025-02
"KAPASITOR 1,5UF, 2UF, 2,5UF, 3UF, 3,5UF MIKRO CAPASITOR KIPAS ANGIN - 3UF",10.29,58859.36538461538,39.07,223482.5467032967,23.104411033370734,132158.5005840143,43.0,236500.0,2025-02
"KAPASITOR 1.5UF 1,5UF 1.5 UF 1,5 UF 450V MIKRO CAPASITOR KIPAS ANGIN",60.33,212079.76642335765,138.07,485361.401459854,94.94404842718001,333759.51622284594,32.0,112000.0,2025-02
KAPASITOR 10 UF 450V KOTAK KABEL SAN EI CAPACITOR PETAK POMPA AIR,3.67,51710.299999999996,2.71,38183.9,3.2425561295331513,45687.615865122105,2.0,27000.0,2025-02
KAPASITOR 100UF 100 MFD UF 250V 250 VAC CAPASITOR STARTING AC MOTOR,3.62,108321.53846153845,2.26,67626.15384615384,3.014454516838631,90201.75438847904,13.0,299000.0,2025-02
KAPASITOR 12 UF 450V KOTAK KABEL SAN EI CAPACITOR PETAK POMPA AIR,4.86,75881.67567567568,0.35,5464.729729729729,2.8519043168692844,44528.246590686096,11.0,174900.0,2025-02
KAPASITOR 150UF 150 MFD UF 250V 250 VAC CAPASITOR STARTING AC MOTOR,7.76,279360.0,4.07,146520.0,6.117012622893051,220212.45442414982,2.0,72000.0,2025-02
KAPASITOR 200UF 200 MFD UF 250V 250 VAC CAPASITOR STARTING AC MOTOR,1.81,79335.15789473684,1.25,54789.47368421053,1.5606577422276717,68406.09303827395,3.0,132000.0,2025-02
KAPASITOR 250UF 250 MFD UF 250V 250 VAC CAPASITOR STARTING AC MOTOR,2.67,146850.0,2.01,110549.99999999999,2.3761323390540414,130687.27864797227,1.0,55000.0,2025-02
KAPASITOR 2UF 2 UF 400V 400 V 450V 450 V VOLT CAPASITOR KIPAS ANGIN,3.71,17273.76,10.1,47025.6,6.555173262794961,30520.886711573337,8.0,39200.0,2025-02
KAPASITOR 3 UF 450V 3UF 450 V 400 VOLT CAPASITOR 3 MICKO KIPAS ANGIN,12.95,76511.64705882352,2.68,15834.070588235294,8.377241094068193,49494.711499306424,50.0,315000.0,2025-02
KAPASITOR 300UF 300 MFD UF 250V 250 VAC CAPASITOR STARTING AC MOTOR,2.24,138880.0,0.53,32860.0,1.478615605730926,91674.16755531741,0.0,0.0,2025-02
KAPASITOR 30UF 450 VAC CAPASITOR BULET CONDENSATOR SPAREPARTS DINAMO,6.29,192517.82377049178,6.5,198945.28688524588,6.383503346664623,195379.67763617242,2.0,59800.0,2025-02
KAPASITOR 35 UF 450VAC CAPASITOR BULET CONDENSATOR SPAREPARTS,9.81,358302.23529411765,3.83,139887.6209150327,7.1473808902169225,261052.2476517007,4.0,138000.0,2025-02
KAPASITOR 4 UF 450V 4UF 450 V POMPA AIR CAPASITOR,16.24,150426.6909090909,20.97,194239.39090909087,18.3460515701127,169934.4722253439,23.0,195500.0,2025-02
KAPASITOR 40UF 450VAC CAPASITOR 40 UF 450 VAC BULET CONDENSATOR,5.52,220070.3448275862,7.6,302995.4022988506,6.446128386011505,256993.06099863112,0.0,0.0,2025-02
KAPASITOR 5 UF 450 V KOTAK CAPACITOR PETAK POMPA AIR SAN EI,29.57,289226.28214285715,30.59,299202.97500000003,30.024159112371027,293668.44486089476,26.0,257400.0,2025-02
KAPASITOR 50 UF 50UF 450VAC 450 VAC CAPASITOR BULET CONDENSATOR,14.05,672515.1384615385,12.06,577262.1046153847,13.163944476844764,630103.3411064242,8.0,392000.0,2025-02
KAPASITOR 500UF 500 MFD UF 250V 250 VAC CAPASITOR STARTING AC MOTOR,3.57,317730.0,0.43,38270.0,2.171902340348016,193299.30829097345,1.0,89000.0,2025-02
KAPASITOR 6 UF 450V KOTAK KABEL CAPACITOR PETAK SAN EI POMPA AIR.,12.05,146275.24390243905,3.74,45399.9512195122,8.349938996271343,101360.11313278653,24.0,285600.0,2025-02
KAPASITOR 8 UF 450V KOTAK KABEL SAN EI CAPACITOR PETAK POMPA AIR,13.38,179433.67058823528,7.07,94812.85882352942,10.570447059743945,141755.91298120143,50.0,645000.0,2025-02
KAPASITOR POMPA AIR 10UF 450VAC CAPASITOR BULET CONDENSATOR SPAREPART,16.43,236388.38034188034,10.33,148623.97863247863,13.713950406408566,197310.92663784497,19.0,256500.0,2025-02
KAPASITOR POMPA AIR 12UF 450VAC CAPASITOR BULET CONDENSATOR SPAREPARTS,15.29,239044.34031413612,17.09,267185.59685863875,16.09145725712534,251574.34824870148,6.0,95400.0,2025-02
KAPASITOR POMPA AIR 14 UF 450VAC CAPASITOR BULET CONDENSATOR SPAREPART,7.24,121172.31746031747,10.39,173892.31746031746,8.64255019996935,144646.11001345527,4.0,71600.0,2025-02
KAPASITOR POMPA AIR 16UF 450VAC CAPASITOR BULET CONDENSATOR SPAREPARTS,9.52,174661.8006042296,17.94,329142.0906344411,13.269038947219652,243444.77256397434,14.0,264600.0,2025-02
KAPASITOR POMPA AIR 20UF 450VAC CAPASITOR BULET CONDENSATOR SPAREPARTS,14.48,345105.61739130435,4.6,109632.99999999999,10.08089016644535,240260.48513432674,9.0,197100.0,2025-02
KAPASITOR POMPA AIR 20UF 450VAC CAPASITOR KOTAK 20 UF 450V CONDENSATOR,4.67,111066.84745762711,2.14,50895.728813559326,3.5435072997071595,84275.41428727265,0.0,0.0,2025-02
KAPASITOR POMPA AIR 25UF 450VAC CAPASITOR BULET CONDENSATOR SPAREPARTS,12.62,342474.5787234042,2.47,67029.49361702127,8.100671577876549,219831.5440578388,14.0,362600.0,2025-02
KAPASITOR POMPA AIR 6 UF 450VAC CAPASITOR BULET CONDENSATOR SPAREPARTS,13.33,156093.19834710745,18.02,211012.71074380164,15.418241408843251,180546.3326627273,31.0,368900.0,2025-02
KAPASITOR POMPA AIR 8UF 450VAC CAPASITOR BULET CONDENSATOR SPAREPARTS,7.0,96149.2,3.02,41481.512,5.227888953689524,71808.19151229782,17.0,217600.0,2025-02
KARET SEAL ORING BLENDER BUMBU CHOPPER GELAS NATIONAL MIYAKO PAKING,4.33,15357.277372262773,12.97,46000.89781021898,8.176994834201638,29001.472919259675,11.0,42900.0,2025-02
KARET SEAL ORING BLENDER PHILIP 1741,3.57,14280.0,1.21,4840.0,2.5192004851023304,10076.801940409321,8.0,32000.0,2025-02
KIPAS IMPELLER JET DAB 255 IMPELAR GADING MESIN POMPA AIR SPAREPARTS,5.19,115455.25714285715,1.89,42044.4,3.7206616952702083,82768.77702678241,0.0,0.0,2025-02
KIPAS PENDINGIN GP 125 NATIONAL NASIONAL PANASONIC FAN POMPA AIR,3.14,15821.548387096776,1.11,5592.967741935485,2.2361343155753097,11267.23161589882,2.0,12000.0,2025-02
KLEP TABOK KARET SEDOT PLENES POMPA AIR PLENNES PLANES OVAL PACKING,10.81,29764.633587786262,5.53,15226.496183206107,8.459058712432334,23291.469294460632,20.0,58000.0,2025-02
KNOP KOMPOR GAS HITACHI TODACHI TOMBOL PUTARAN CETEKAN PEMANTIK,4.33,11805.617647058823,1.62,4416.882352941177,3.1233615739946257,8515.753467920642,0.0,0.0,2025-02
KNOP KOMPOR GAS RINNAI TOMBOL PUTARAN CETEKAN SWITCH PEMANTIK,14.71,42588.108433734946,11.01,31875.939759036144,13.062560082575688,37818.472142686,20.0,58000.0,2025-02
"Kabel Buntung AC Power listrik Colokan Gepeng Oval SNI Serbaguna 1,2m",8.52,50942.5,2.77,16562.291666666668,5.959789317516271,35634.57362764937,13.0,117000.0,2025-02
Karet seal Oring sil blender Mounting gelas Nasional Miyako Gmc sanex,10.19,36515.32478170478,32.76,117393.72324324324,20.239383496288305,72526.7577770798,9.0,35100.0,2025-02
LAMPU GOSOKAN BAJU SETERIKA SETRIKA INDIKATOR RESISTOR 1 PCS,17.24,14130.988764044943,18.72,15344.089887640448,17.898975966969722,14671.126930229677,26.0,21450.0,2025-02
"LEHER KIPAS ANGIN COSMOS DINDING WALL FAN PLAT 12"" 16""",7.52,46904.59701492537,5.17,32246.910447761195,6.473653025419694,40378.20297496851,0.0,0.0,2025-02
"LEHER KIPAS ANGINCOSMOS TIANG BERDIRI STAND FAN PLAT 12"" 16"" SPAREPART",5.1,31380.937499999996,1.5,9229.6875,3.4970854857493174,21518.00412950127,1.0,5900.0,2025-02
LEM KOREA HANDSOME SEBAGUNA MULTIFUNGSI EPOTEC BESI POWERGLUE ( 1pcs),7.67,19743.974545454545,24.13,62115.00727272726,14.998881362379509,38609.84769610347,4.0,11200.0,2025-02
LEM PIPA ISARPLAS TUBE 45GR FOX FITING PVC,1.57,14825.795454545454,2.21,20869.431818181816,1.8549625803112324,17516.74891180266,1.0,9600.0,2025-02
LIS KIPAS ANGIN MULTI RING GAWANG PENGIKAT KIPAS ANGIN,6.14,57215.7037037037,2.69,25066.814814814814,4.603873590509763,42901.28131008357,2.0,18800.0,2025-02
"Leher kipas angin COSMOS Dinding wall fan kipas angin COSMOS 12"" 16""",2.38,14318.113055555554,11.87,71410.0848611111,6.605460761177493,39738.543681754374,7.0,41300.0,2025-02
"Leher kipas angin COSMOS tiang berdiri stand fan leher Cosmos 12"" 16"".",14.29,85901.16541353382,13.47,80971.91729323308,13.924891693976235,83706.39781454134,19.0,112100.0,2025-02
MOUNTING PISAU BLENDER JUS PHILIP HR 2061 2115 2116 2071 MANGKOK GELAS,2.57,93805.0,1.19,43435.0,1.955549436203905,71377.55442144253,0.0,0.0,2025-02
MOUNTING PISAU BLENDER NATIONAL MIYAKO LAMA MANGKOK JUS JUICE GELAS,2.0,56441.379310344826,2.21,62367.72413793103,2.0935033466646233,59080.10823828716,1.0,33000.0,2025-02
NITTO ISOLASI LISTRIK 3/4 INCH 25 METER HITAM ISOLASI KABEL.,3.0,23790.659340659342,9.0,71371.97802197802,5.671524190417804,44976.43331884625,3.0,27000.0,2025-02
ORING KARET TUTUP IMPELLE SHIMIZU 4 BAUT PS 128 130 135 SEMI JETPAM,6.67,11788.5,5.94,10498.304347826088,6.344964556832501,11214.03518414092,12.0,21600.0,2025-02
OTOMATIS MAGIC COM RICE COOKER KAKI PIN 3 ELEMENT THERMOSTAT MTS PER.,4.67,37706.48387096774,7.42,59910.51612903226,5.894448587274827,47592.91875467384,3.0,29700.0,2025-02
OTOMATIS PER MAGIC COM RICE COOKER KAKI PIN 2 ELEMEN THERMOSTAT MTS,5.43,44311.18681318681,1.97,16076.065934065933,3.8894210501924,31739.38540519644,0.0,0.0,2025-02
OTOMATIS PM5 PRESSURE SWITCH JETPUMP POMPA AIR SAN-EI PM 5 SEMI,7.67,433610.6666666667,2.31,130592.00000000001,5.283438389893428,298690.3836419752,25.0,1375000.0,2025-02
PINION KIPAS ANGIN MASPION / PEN STOP/ TARIKAN GEARBOX DINAMO,6.1,20287.121212121212,1.8,5986.363636363637,4.1854076635339075,13919.651244631708,3.0,10500.0,2025-02
PINION PANASONIC NASIONAL PEN STOP TARIKAN GEARBOX KIPAS ANGIN GEAR,5.38,19169.646464646463,74.13,264134.92424242425,35.991214681870666,128241.42403060483,6.0,27000.0,2025-02
PISAU BLENDER MASPION JUS + SEAL PUTIH MOUNTING SPAREPART STAINLES,2.24,29952.0,1.66,22196.571428571428,1.981752661592946,26498.86416072853,0.0,0.0,2025-02
RADAR PELAMPUNG AIR OTOMATIS TOREN ST 70 AB ORIGINAL SHINTUNG POMPA,1.29,72074.71875,1.82,101686.8125,1.5259846368202394,85259.62288034082,1.0,57000.0,2025-02
SEAL BLENDER JUS PHILIP BARU 2061 2071 2115 2116 KARET PISAU MOUNTING,3.71,14028.4375,2.94,11116.875,3.3671543955630483,12732.052558222776,0.0,0.0,2025-02
SEAL KARET PENGAMAN TABUNG GAS LPG ELPIJI REGULATOR SILIKON,52.0,32288.75,112.87,70085.215625,79.10261291178863,49117.77870491375,40.0,24000.0,2025-02
SEAL PDL 255 PEDROLO SIL POMPA AIR MS 14 PDR KARET SPAREPARTS MACHANIC,29.05,194988.31081081083,83.15,558116.2837837839,53.13824311693387,356672.5048132575,22.0,132000.0,2025-02
SEAL SANYO 100 101 PH 100 SIL POMPA AIR,9.29,65944.01612903224,2.62,18597.774193548386,6.320155608318875,44862.911019695755,0.0,0.0,2025-02
SEAL SHIMIZU SMZ 230 GOLSTAR GS 250 SIL POMPA AIR PS 226,4.24,33183.57894736842,5.07,39679.42105263158,4.609560846341131,36075.87883425927,2.0,15800.0,2025-02
SEAL SIL POMPA AIR PANASONIC NATIONAL NASIONAL GP 200 MECHANICAL,13.05,85484.67032967033,2.42,15852.329670329671,8.316949642643124,54480.58991186337,10.0,49000.0,2025-02
SELANG PEMBUANGAN AIR MESIN CUCI MULTI 1-2 TABUNG PANJANG SAMPAI 2M,2.0,25275.0,3.19,40313.625,2.529852297766198,31971.008413020325,3.0,38700.0,2025-02
SELANG PEMBUANGAN MESIN CUCI MULTI 1.2 METER,2.1,17910.000000000004,2.97,25329.85714285715,2.487371007610582,21213.721307764536,0.0,0.0,2025-02
SINGER OIL MINYAK PELUMAS MESIN JAHIT RANTAI SEPEDA 80CC,4.57,33656.705882352944,8.19,60316.94117647059,6.181819594885409,45527.28313409725,2.0,15400.0,2025-02
SNAP RING S12 RETAINER CIRCLIP POMPA AIR EXTERNAL EKSTERNAL RETAINING,21.9,20193.088235294115,22.03,20312.95588235294,21.95788302412572,20246.459788421802,0.0,0.0,2025-02
SPINER KIPAS ANGIN KUNCI MUR BALING MASPION FAN DINDING PLAFON DINAMO,2.38,6556.666666666667,4.89,13471.470588235294,3.497587619658115,9635.510991411082,0.0,0.0,2025-02
STIK MIXER PHILIPS GARPU STICK KOCOKAN PENGADUK ADONAN KUE SEPASANG,1.48,37729.57746478873,2.79,71125.35211267606,2.063282781574554,52599.18076971751,0.0,0.0,2025-02
SWITCH EXHAUST SAKLAR TARIKAN FAN DINAMO MASPION HEXOS DINDING,2.76,20545.44,0.48,3573.12,1.7448208076412344,12988.446092081349,1.0,7900.0,2025-02
SWITCH FAN KIPAS ANGIN MASPION LURUS 4 PIN SAKLAR ON OFF TIANG BERDIRI,7.43,56949.94594594595,1.01,7741.513513513513,4.57146911625295,35039.69300998207,0.0,0.0,2025-02
SYNCHRONOUS MOTOR ROTARY ROTARI SINKRONUS SWING DINAMO KIPAS ANGIN,6.76,85158.39583333333,3.51,44216.859375,5.312924396857023,66929.01165978167,1.0,12900.0,2025-02
Siltip sealtape isolatip Hachi sealtape isolasi keranpipa air.,3.62,10442.307692307693,11.71,33778.846153846156,7.222105116746674,20832.995529076943,0.0,0.0,2025-02
Swit tembok kipas angin wall fan saklar tarikan DinamoDindingPlafon,1.76,8767.80487804878,8.17,40700.54878048781,4.6140783434296875,22985.98784501253,2.0,10400.0,2025-02
Switch Micro 3 Pin Saklar Mikro Otomatis Rice Cooker Majic Com Jer lim,18.14,108114.40000000001,2.99,17820.4,11.394401419195047,67910.63245840248,0.0,0.0,2025-02
Switch Micro Limid Tombol Pin 3 Magicom Rice Cooker Majic Com Jer,4.14,24839.999999999996,5.54,33240.0,4.7633556444308205,28580.13386658492,1.0,6000.0,2025-02
"T Kuningan Tebal Tee Jet Pump 3 Way 1"" Sambungan Otomatis Pompa Air",2.38,76017.2,2.85,91029.0,2.5892693949160615,82701.264473619,0.0,0.0,2025-02
TABUNG ANGIN 2 LITER TANGKI PRESSURE TANK SPART PART POMPA AIR,1.86,112681.125,1.1,66639.375,1.5216069358804116,92180.85018430519,0.0,0.0,2025-02
TABUNG POMPA AIR PVC FIBER TENGKI OTOMATIS 2 LITER,3.81,104854.375,1.49,41006.041666666664,2.7770106463717825,76425.6471636901,1.0,28900.0,2025-02
TALI PEMBUANGAN AIR DRAIN REM MESIN CUCI 2 TABUNG TARIKAN,5.1,23942.18181818182,2.65,12440.545454545456,4.009127622246063,18821.031855707883,0.0,0.0,2025-02
TERMOSTAT BIMETAL PENGATUR SUHU SAKLAR OTOMATIS DISPENSER MAGIC COM,15.19,65056.16161616161,11.27,48267.47474747474,13.444604195593701,57580.93110032049,0.0,0.0,2025-02
TIMAH SOLDER 0.8mm 10M 60/40 TIM TINOL TENOL KAWAT KWALITAS BAGUS,2.9,50451.15853658536,1.26,21920.158536585364,2.169783387952467,37747.61575711697,1.0,17900.0,2025-02
"TUSEN KLEP 1/2"" INCH TUSSEN TOSSEN PVC PLASTIK FOOT VALVE",1.76,10263.57894736842,1.9,11079.999999999998,1.8223355644430823,10627.093712647027,0.0,0.0,2025-02
"TUSEN KLEP 3/4"" INCH TUSSEN TOSSEN PVC PLASTIK FOOT VALVE",3.19,21418.57142857143,0.75,5035.714285714286,2.1035801625634267,14124.038234354437,1.0,6900.0,2025-02
Tarikan pinion baut gearbox kipas angin cabutan Cosmos Miyako Multifan,5.76,11275.44406779661,4.19,8202.102542372882,5.060951170174008,9907.026362699104,0.0,0.0,2025-02
Tarikan pinion socket gerbox cabutan kipas angin CosmosMiyakoMaspion,6.33,12358.01795221843,35.74,69774.97023890784,19.424921073364604,37923.1474478777,6.0,12000.0,2025-02
Tutup sendok Blender Nasional National tutup gelas juice blender NS.,1.24,10092.001777777778,2.53,20590.939111111107,1.8143777009398279,14766.695954391209,0.0,0.0,2025-02
"WATERMUR 1/2 "" INCH POLOS WATERMOER SAMBUNGAN PIPA UNION SOCKET PVC",2.43,19440.0,2.09,16720.0,2.2786136292096577,18228.90903367726,0.0,0.0,2025-02
"WATERMUR 3/4 "" INCH POLOS WATERMOER SAMBUNGAN PIPA PVC UNION SOCKET",1.9,15200.0,1.43,11440.0,1.6907306050839388,13525.84484067151,0.0,0.0,2025-02
"WATERMUR 3/4""INCH DRAT LUAR WATER MUR UNION SOCKET SANYO PVC 1 × 3/4""",8.76,70080.0,12.02,96160.0,10.21152814346034,81692.22514768272,0.0,0.0,2025-02
"WATERMUR1/2"" INCH DRAT LUAR WATERMOR UNION SOCKET SANYO PCV 1×1/2""",4.52,36160.0,4.01,32080.0,4.292920443814487,34343.363550515896,0.0,0.0,2025-02
arang blender Philip,3.43,15667.184615384616,3.33,15210.415384615384,3.38547459682637,15463.806273811526,0.0,0.0,2025-02
bearing nkn 608 2RS ball laher.,4.48,26153.606037735848,10.14,59195.885094339625,7.000137819627463,40865.81400544461,2.0,12800.0,2025-02
bos kipasangin dinamoNational boshing fanpanasonic KDK dindingportable,17.62,52933.880350877196,11.41,34277.841929824564,14.854972462917575,44627.20402767618,0.0,0.0,2025-02
carbon arang blender Philips brush karbon kaleng bulet,46.43,199998.4731182796,83.5,359678.494623656,62.93556695646467,271096.6464812876,5.0,22500.0,2025-02
drat besar kopel gear gigi karet pisau blender.,5.43,14836.778846153846,27.62,75468.10897435898,15.310186964228512,41833.12303527182,1.0,3500.0,2025-02
gear konektor Miyako baru blender/ gigi lower mesin dinamo Blender.,52.0,167275.42087542085,82.69,266000.08754208754,65.66484623398706,211232.97674057656,19.0,55100.0,2025-02
"kapasitas kipas angin 1,5uf mikro 450V capasitor kotak spareparts",15.33,51898.9554054054,2.19,7414.136486486486,9.47936202298501,32091.91043069749,0.0,0.0,2025-02
"kapasitor 3 uf capasitor 3,0 mickro 450V kotak.spartparts kipas angin",2.24,13198.545454545456,3.98,23450.987012987014,3.0147420152211635,17763.486393582363,0.0,0.0,2025-02
"kapasitor 3,5uf mickro 450V kotak capasitor kipas angin spareparts",3.81,24875.612903225807,0.28,1828.1290322580646,2.2382532679708587,14613.627788300058,1.0,5900.0,2025-02
kapasitor 4 uf mickro capasitor kipas angin 450V kotak spareparts,1.9,16898.125,6.6,58698.75,3.9926939491606133,35510.02181034721,0.0,0.0,2025-02
kapasitor kipas angin 2 uf mickro 450V capasitor kotak spareparts,12.52,57668.56461538462,8.07,37171.35115384615,10.538619558773462,48542.09768227504,0.0,0.0,2025-02
"kapasitor kipas angin 2,5uf mickro kotak 450V capasitor spareparts",6.05,29258.67469879518,13.08,63256.77108433735,9.180135843106193,44396.46418581718,11.0,56100.0,2025-02
konektor blender maspion conektor kecil gigi atas mesin gear ger lower,13.95,48566.25,16.07,55946.92741935484,14.893938547280957,51852.526377912814,0.0,0.0,2025-02
kopel Miyako baru pisau baut flange gigi blender gear upper konektor.,7.05,22342.327188940093,45.67,144733.91244239634,24.24571070565593,76837.67397363864,6.0,13200.0,2025-02
kopel gigi karet blender drat lobang kecil gear RRT pisau blender,4.24,12416.23880597015,12.09,35403.850746268654,7.7352441491299615,22651.56570237759,0.0,0.0,2025-02
oring seal AS kipas angin umum.,77.62,38436.095097276266,207.26,102631.60357976652,135.34273267429404,67019.40406846696,10.0,5000.0,2025-02
seal 2 ply mounting bumbu blender Philip karet 2061-2071-2115-2116mill,2.62,10118.620689655172,4.48,17302.068965517243,3.4481724990295195,13317.079996251938,2.0,8000.0,2025-02
seal pompa air Shimizu 100- 125/sil pompa air Shimizu simitsu 125.,25.76,150004.1811494253,50.22,292438.2755172414,36.65091361626992,213423.53592340415,13.0,63700.0,2025-02
seal pompa air Toyomoto 125 sil TM 125 marcanical seal Ty mekanik,11.86,68449.14285714286,4.2,24240.0,8.449354116899936,48764.84376039392,10.0,49000.0,2025-02
seal sil pompa air Panasonic National GP125 Nasional Spareparts pompa,18.57,103636.90536585366,92.97,518854.23219512193,51.69689996118077,288514.09418335464,5.0,24500.0,2025-02
spiner AS kipas angin Cosmos Miyako/kunci mur baling kipas angin,10.0,31306.666666666664,6.44,20161.493333333332,8.41489564701877,26344.233305600097,25.0,75000.0,2025-02
AS 6mm KIPAS ANGIN KECIL 7 IN 9 IN BATANG BESI,18.64,124877.46892655367,27.9,186914.23728813557,22.3373778265723,149647.81145056177,3.0,19500.0,2025-03
"AS DINAMO KIPAS ANGIN MODEL COSMOS,MIYAKO,UMUM-RRT.",15.43,99802.55319148937,15.41,99673.1914893617,15.422014302750384,99750.90102204503,16.0,80000.0,2025-03
AS EXHAUST FAN MASPION EXOS EXSOS EXAUST KIPAS ANGIN,14.01,80628.97959183673,12.05,69348.97959183675,13.227401669537613,76125.04634305321,10.0,45000.0,2025-03
AS EXHAUST PANASONIC NATIONAL DINAMO MASPION EXOSOS FAN KIPAS ANGIN,4.54,27549.73831775701,9.88,59954.056074766355,6.672181165647525,40488.29187714895,0.0,0.0,2025-03
AS Exhaust/Exaust/Exsos Maspion Panasonic National multi kipas angin.,7.37,43000.600000000006,2.79,16278.381818181819,5.541275329837891,32330.822788090532,0.0,0.0,2025-03
AS FAN KIPAS ANGIN COSMOS MOYAKO DRAT KASAR DINAMO PLAFON DINDING PORT,20.31,129352.13333333332,42.59,271250.97777777776,29.206066736072444,186010.19392351917,0.0,0.0,2025-03
AS KIPAS ANGIN MIYAKO COSMOS SEKAI FAN DINAMO DRAT HALUS,20.57,131133.75,52.94,337492.5,33.494850998503814,213529.6751154618,24.0,139200.0,2025-03
AS KIPAS ANGIN MIYAKO COSMOS SEKAI FAN DINAMO DRAT HALUS - KASAR - as drat halus,13.16,81877.54716981133,13.86,86232.7358490566,13.439499403736566,83616.50808268174,21.0,115500.0,2025-03
AS KIPAS ANGIN MIYAKO COSMOS SEKAI FAN DINAMO DRAT HALUS - KASAR - as drat kasar,13.5,83025.0,9.91,60946.5,12.06656734369389,74209.38916371742,6.0,30000.0,2025-03
AS KIPAS ANGIN REGENCY 10 CM DIAMETER 10 MM,9.81,82064.42307692308,43.49,363810.57692307694,23.25791416835368,194561.39736988174,0.0,0.0,2025-03
"AS fan kipas angin Maspion16""panjang20,5cm plafonportabledindingdinamo",12.77,82538.94160583941,21.68,140128.7591240876,16.327628124704017,105533.68397390808,15.0,97500.0,2025-03
"AS fan kipas angindinding portable panasonic Nasional KDK pajang20,5cm",1.84,16810.909090909092,1.6,14618.181818181818,1.7441716330046058,15935.386283360262,0.0,0.0,2025-03
"AS kipas angin model Maspion 18,5 cm.AS Maspion 12""/inci",21.17,134993.50671641793,24.42,155717.59253731344,22.467675803062633,143268.3204734547,30.0,174000.0,2025-03
"AS kipas angin model Maspion 20,5 cm.AS Maspion 16""/inci",58.5,378519.5950118765,101.23,655000.6598812351,75.561442173805,488914.2989767862,10.0,65000.0,2025-03
Arang Mixer karbon carbon brush mixer blender umum,7.54,32992.59459459459,3.49,15271.10810810811,5.922896306952719,25916.673299882303,12.0,54000.0,2025-03
Arang blender carbon brush bostel arang sepul blender plat kotak.,8.7,38925.16853932584,4.97,22236.56179775281,7.210667462946578,32261.66049152053,10.0,45000.0,2025-03
BEARING 629 NKN 2 RS BERING BUSHING BALL LAHER BANTALAN,3.64,25002.25,7.39,50760.0625,5.137318234303037,35286.95462186899,2.0,15000.0,2025-03
"BOS KIPAS ANGIN BOSHING BOSSING BOSING BREKET KUPING 7 "" 9 "" IN AS 6MM",5.83,36167.00900900901,6.85,42494.68468468468,6.237270559730426,38693.55412099434,6.0,30000.0,2025-03
BOSHING BOSSING BOSING KIPAS ANGIN REGENCY 10MM BULET BOS MESIN CUCI,4.89,16972.375,34.84,120923.83333333336,16.848581631300256,58478.618745304644,10.0,35000.0,2025-03
BOSHING BOSSING BOSING KIPAS ANGIN REGENCY 10MM GUCI BOS MESIN CUCI,7.03,24382.383333333335,3.69,12798.15,5.696388559314094,19756.97431988772,6.0,21000.0,2025-03
"BOSHING BOSSING BOSING KIPAS ANGIN REGENCY BOS MESIN CUCI 12 "" GUCI",4.63,21727.928571428572,3.05,14313.214285714286,3.99912991728032,18767.345397522648,0.0,0.0,2025-03
Bos kipas angin boshing Maspion Gentong guci Dinamofandindingportable,9.43,21450.106666666663,26.44,60142.18666666667,16.221835510798577,36899.26850856316,0.0,0.0,2025-03
Bos mesin cuci bulet 10mm boshing fan kipasangin dinamo regenci umum,4.46,14137.026315789475,6.33,20064.434210526317,5.206662692839114,16503.750561907138,0.0,0.0,2025-03
CASING COVER TUTUP IMPELLER CAP SHIMIZU GOLDSTAR 130 PS 128 130 135,2.61,60339.07894736842,1.75,40457.23684210527,2.2666150182665032,52400.56035650324,1.0,23500.0,2025-03
ELEMEN BODY SAMPING MAGIC COM PEMANAS RICE COOKER KABEL SABUK HEATER,23.19,264438.46875,45.99,524429.71875,32.29369486456247,368249.0392524639,16.0,203200.0,2025-03
ELEMEN TUTUP ATAS MAGIC COM JAR PEMANAS TOP HEATER RICE COOKER KOTAK,37.11,338636.6345609065,55.14,503164.21529745037,44.309106070529,404330.0070095977,36.0,324000.0,2025-03
FUSE KIPAS ANGIN SEIRING THERMAL 2A THERMOFUSE KOTAK 250V,9.86,11140.070175438595,80.31,90736.2105263158,37.98961856177306,42921.60412944184,20.0,26000.0,2025-03
GEAR GIGI MIXER MASPION BARU MT 1150 ADONAN MESIN (SEPASANG),3.04,23813.333333333332,3.04,23813.333333333332,3.04,23813.333333333332,8.0,52000.0,2025-03
GEAR GIGI MIXER MASPION SEPASANG,3.9,30696.249999999996,2.32,18260.333333333332,3.26912991728032,25730.776723927185,2.0,13000.0,2025-03
GEAR GIGI MIXER MIYAKO HM 620 625 650 GRIGI SESET SEPASANG,74.01,560411.2624203822,56.91,430928.31974522286,67.18222885157815,508710.6834607206,50.0,325000.0,2025-03
GEAR GIGI MIXER MIYAKO HM 625 HM 620 628 650 GRIGI,9.47,36787.307692307695,14.09,54734.23076923077,11.31469606466134,43953.24240503059,16.0,56000.0,2025-03
GEAR GIGI MIXER PHILIP SESET SEPASANG.,2.57,19789.0,12.19,93863.0,6.411120377065391,49365.62690340351,15.0,97500.0,2025-03
GEAR KOPEL BLENDER PHILIP BARU 2061 2071 2115 2116 PLASTIK GIGI BAGUS,6.56,20694.943396226416,5.34,16846.188679245282,6.072872467773411,19158.193898334233,0.0,0.0,2025-03
GEAR KOPEL BLENDER PHILIP BARU 2061 2071 2115 2116 PLASTIK GIGI PISAU,4.67,13180.672413793103,4.28,12079.931034482759,4.5142789036324835,12741.163043528233,0.0,0.0,2025-03
GEAR KOPEL BLENDER PHILIP LAMA 2815 COPEL BAUT UPPER MOUNTING PISAU,4.37,12007.415384615384,4.67,12831.723076923075,4.489785458744243,12336.548968180336,0.0,0.0,2025-03
GEARBOX KIPAS ANGIN COSMOS / SEKAI / MIYAKO / RRT KOTAK GEARBOK GIRBOK,25.46,211372.0816993464,53.43,443582.4950980392,36.62799760358825,304090.1846798554,9.0,52200.0,2025-03
GEARBOX WALLFAN MIYAKO TARIK WALL FAN GEAR BOX KIPAS ANGIN DINDING,4.97,73762.64736842105,7.26,107749.86315789474,5.884362335081054,87333.22815102666,15.0,180000.0,2025-03
Gear Kopel Maspion Upper Blender Mounting Baut Pisau Flange gigi Spare,4.97,14476.821655172414,21.62,62975.63062068966,11.618092960305486,33841.66192345204,0.0,0.0,2025-03
Gear Kopel Maspion Upper Blender Mounting Baut Pisau Flange gigi putih,4.11,12885.611111111113,6.61,20723.574074074077,5.1082121562020255,16015.191074907461,0.0,0.0,2025-03
Gear box kipas angin Maspion bintang girbok/gear bok kipas angin12 16,2.79,35047.23068571429,4.34,54517.9144,3.408891536845255,42821.5799549802,0.0,0.0,2025-03
"Gear box/girbox/gearbox/gear bok kipas angin Cosmos Miyako,umum.rrt",5.96,39504.25447316103,7.89,52296.73956262425,6.730619784587963,44612.100122895165,13.0,65000.0,2025-03
"Gigi konektor Miyako lama gear lower panasonic,nasional drat besar POM",11.91,40915.30612244898,36.84,126559.18367346941,21.86417162164659,75111.6099927315,33.0,95700.0,2025-03
Gigi konektor blender Miyako drat lubang kecil gear lower National,3.56,12602.4,10.73,37984.200000000004,6.422872463987407,22736.96852251542,0.0,0.0,2025-03
Gigi konektor blender Miyako drat lubang kecil gear lower National RRT,39.56,135481.74375257734,103.04,352882.6814020619,64.90660307028182,222286.6472451509,35.0,101500.0,2025-03
IMPELLER JET DAB 370 KIPAS IMPELAR GADING MESIN POMPA AIR SPAREPARTS,4.46,105014.41666666666,1.77,41676.125,3.385923719926621,79724.39558877223,0.0,0.0,2025-03
IMPELLER KUNINGAN NATIONAL PANASONIC GP 125 129 POMPA AIR KIPAS SANEI,1.97,52634.13375796178,11.65,311262.77070063696,5.83507746881424,155900.63349321714,1.0,29900.0,2025-03
IMPELLER KUNINGAN POMPA AIR SHIMIZU PS 105 130 135 KIPAS GOLSTAR SANEI,2.19,60576.068702290075,1.8,49788.54961832061,2.034278903632484,56268.77562833821,1.0,29900.0,2025-03
IMPELLER KUNINGAN PS 226 230 SHIMIZU POMPA AIR KIPAS BIT SPAREPARTS.,2.06,99951.2,1.33,64531.600000000006,1.768522050389009,85808.68988487471,14.0,686000.0,2025-03
IMPELLER KUNINGAN SANYO SY 136 PWH IMPELER KIPAS POMPA AIR,3.39,91181.3142857143,0.51,13717.542857142858,2.2400595960552674,60251.20296361225,0.0,0.0,2025-03
KABEL TIES 10CM CABLE TIES KABEL TIS CABLE TIE 2.5 × 100MM ISI 100PCS,1.67,8092.032520325203,0.99,4797.073170731707,1.398486293513049,6776.405129542905,3.0,16500.0,2025-03
"KAPASITOR 1,5UF, 2UF, 2,5UF, 3UF, 3,5UF MIKRO CAPASITOR KIPAS ANGIN - 1,5UF",24.94,88969.88063337395,77.84,277683.05968331307,46.06216922523485,164320.19637864534,73.0,248200.0,2025-03
"KAPASITOR 1,5UF, 2UF, 2,5UF, 3UF, 3,5UF MIKRO CAPASITOR KIPAS ANGIN - 2,5UF",38.19,189059.37479406918,56.3,278712.8253706755,45.42104885952746,224856.6404784795,92.0,455400.0,2025-03
"KAPASITOR 1,5UF, 2UF, 2,5UF, 3UF, 3,5UF MIKRO CAPASITOR KIPAS ANGIN - 2UF",24.99,119767.04111842105,93.39,447580.79111842107,52.3010845936874,250658.10920648967,118.0,531000.0,2025-03
"KAPASITOR 1,5UF, 2UF, 2,5UF, 3UF, 3,5UF MIKRO CAPASITOR KIPAS ANGIN - 3,5UF",11.87,78675.19298245614,5.82,38575.36842105263,9.454326581991099,62663.94004695153,0.0,0.0,2025-03
"KAPASITOR 1,5UF, 2UF, 2,5UF, 3UF, 3,5UF MIKRO CAPASITOR KIPAS ANGIN - 3UF",17.61,100730.16758241758,32.18,184071.36813186813,23.4275804463454,134007.04738279054,21.0,115500.0,2025-03
"KAPASITOR 1.5UF 1,5UF 1.5 UF 1,5 UF 450V MIKRO CAPASITOR KIPAS ANGIN",48.56,170704.35036496352,113.44,398778.8613138686,74.46560187775495,261771.05010457506,74.0,259000.0,2025-03
KAPASITOR 10 UF 450V KOTAK KABEL SAN EI CAPACITOR PETAK POMPA AIR,2.74,38606.600000000006,2.61,36774.9,2.6880929678774947,37875.2299173939,26.0,351000.0,2025-03
KAPASITOR 100UF 100 MFD UF 250V 250 VAC CAPASITOR STARTING AC MOTOR,4.76,142433.84615384616,1.47,43986.92307692308,3.4463528024381347,103125.48001141803,8.0,184000.0,2025-03
KAPASITOR 12 UF 450V KOTAK KABEL SAN EI CAPACITOR PETAK POMPA AIR,5.96,93056.54054054053,0.32,4996.324324324324,3.708033375608232,57895.42921861826,17.0,270300.0,2025-03
KAPASITOR 150UF 150 MFD UF 250V 250 VAC CAPASITOR STARTING AC MOTOR,5.44,195840.0,3.03,109080.0,4.477723481421248,161198.04533116493,0.0,0.0,2025-03
KAPASITOR 200UF 200 MFD UF 250V 250 VAC CAPASITOR STARTING AC MOTOR,1.97,86348.21052631579,2.51,110017.26315789472,2.185613825739637,95798.90495136683,0.0,0.0,2025-03
KAPASITOR 250UF 250 MFD UF 250V 250 VAC CAPASITOR STARTING AC MOTOR,1.8,99000.0,2.27,124850.0,1.9876638853659805,109321.51369512893,0.0,0.0,2025-03
KAPASITOR 2UF 2 UF 400V 400 V 450V 450 V VOLT CAPASITOR KIPAS ANGIN,4.11,19136.16,9.32,43393.92,6.19027413352502,28821.916365692494,1.0,4900.0,2025-03
KAPASITOR 3 UF 450V 3UF 450 V 400 VOLT CAPASITOR 3 MICKO KIPAS ANGIN,21.99,129922.09411764705,3.94,23278.447058823527,14.782908232221379,87340.90016731266,0.0,0.0,2025-03
KAPASITOR 300UF 300 MFD UF 250V 250 VAC CAPASITOR STARTING AC MOTOR,2.01,124619.99999999999,0.48,29760.0,1.3990941604043607,86743.83794507037,0.0,0.0,2025-03
KAPASITOR 30UF 450 VAC CAPASITOR BULET CONDENSATOR SPAREPARTS DINAMO,4.5,137731.35245901637,6.99,213942.7008196721,5.494219307577216,168161.3902086779,4.0,119600.0,2025-03
KAPASITOR 35 UF 450VAC CAPASITOR BULET CONDENSATOR SPAREPARTS,7.5,273931.3725490196,3.75,136965.6862745098,6.002681765696963,219243.0473403122,23.0,793500.0,2025-03
KAPASITOR 4 UF 450V 4UF 450 V POMPA AIR CAPASITOR,16.67,154409.66363636364,17.37,160893.57272727272,16.949499403736567,156998.59038606533,17.0,144500.0,2025-03
KAPASITOR 40UF 450VAC CAPASITOR 40 UF 450 VAC BULET CONDENSATOR,4.97,198143.0459770115,6.84,272695.8620689655,5.7166626928391135,227910.85689784444,2.0,80000.0,2025-03
KAPASITOR 5 UF 450 V KOTAK CAPACITOR PETAK POMPA AIR SAN EI,24.77,242277.1392857143,28.52,278956.15714285715,26.267318234303033,256922.51588673473,17.0,168300.0,2025-03
KAPASITOR 50 UF 50UF 450VAC 450 VAC CAPASITOR BULET CONDENSATOR,11.06,529396.2584615385,5.57,266612.7630769231,8.867926104980352,424470.7866446657,7.0,343000.0,2025-03
KAPASITOR 500UF 500 MFD UF 250V 250 VAC CAPASITOR STARTING AC MOTOR,2.66,236740.0,0.72,64080.0,1.8853873667872287,167799.47564406335,0.0,0.0,2025-03
KAPASITOR 6 UF 450V KOTAK KABEL CAPACITOR PETAK SAN EI POMPA AIR.,13.71,166426.02439024393,4.85,58874.26829268293,10.172336118420024,123482.23624725966,23.0,273700.0,2025-03
KAPASITOR 8 UF 450V KOTAK KABEL SAN EI CAPACITOR PETAK POMPA AIR,21.21,284438.5764705882,6.18,82877.43529411763,15.208748516913428,203958.26393446606,18.0,232200.0,2025-03
KAPASITOR POMPA AIR 10UF 450VAC CAPASITOR BULET CONDENSATOR SPAREPART,15.81,227468.06410256412,5.72,82297.11111111111,11.781215737568626,169503.50010116366,16.0,216000.0,2025-03
KAPASITOR POMPA AIR 12UF 450VAC CAPASITOR BULET CONDENSATOR SPAREPARTS,11.4,178227.95811518325,8.63,134921.69109947645,10.293980930928157,160936.42124525952,0.0,0.0,2025-03
KAPASITOR POMPA AIR 14 UF 450VAC CAPASITOR BULET CONDENSATOR SPAREPART,6.13,102594.79365079365,5.38,90042.41269841269,5.830536353139392,97582.81794841547,25.0,447500.0,2025-03
KAPASITOR POMPA AIR 16UF 450VAC CAPASITOR BULET CONDENSATOR SPAREPARTS,9.56,175395.6737160121,1.69,31006.138972809666,6.417628132276025,117743.11819240438,17.0,321300.0,2025-03
KAPASITOR POMPA AIR 20UF 450VAC CAPASITOR BULET CONDENSATOR SPAREPARTS,12.0,285999.1304347826,9.11,217121.0065217391,10.84606674743046,258497.13820022685,21.0,459900.0,2025-03
KAPASITOR POMPA AIR 20UF 450VAC CAPASITOR KOTAK 20 UF 450V CONDENSATOR,4.2,99888.81355932204,1.93,45901.28813559322,3.293623362168561,78332.41189482923,1.0,21900.0,2025-03
KAPASITOR POMPA AIR 25UF 450VAC CAPASITOR BULET CONDENSATOR SPAREPARTS,12.56,340846.33191489364,4.03,109363.91063829788,9.154100123038692,248418.9051687432,20.0,518000.0,2025-03
KAPASITOR POMPA AIR 6 UF 450VAC CAPASITOR BULET CONDENSATOR SPAREPARTS,16.46,192745.2396694215,4.95,57964.09090909091,11.864231232845878,138929.1672216473,58.0,690200.0,2025-03
KAPASITOR POMPA AIR 8UF 450VAC CAPASITOR BULET CONDENSATOR SPAREPARTS,8.79,120735.92399999998,4.48,61535.488000000005,7.069082242707708,97098.08605293599,8.0,102400.0,2025-03
KARET SEAL ORING BLENDER BUMBU CHOPPER GELAS NATIONAL MIYAKO PAKING,5.31,18833.05839416058,11.18,39652.27737226277,7.653802142762354,27145.85738078998,4.0,15600.0,2025-03
KARET SEAL ORING BLENDER PHILIP 1741,4.37,17480.0,1.05,4200.0,3.044374256563711,12177.497026254845,3.0,12000.0,2025-03
KIPAS IMPELLER JET DAB 255 IMPELAR GADING MESIN POMPA AIR SPAREPARTS,4.67,103887.48571428572,1.7,37817.71428571428,3.484123958431994,77506.82611529002,0.0,0.0,2025-03
KIPAS PENDINGIN GP 125 NATIONAL NASIONAL PANASONIC FAN POMPA AIR,2.44,12294.451612903225,2.01,10127.806451612903,2.2683075091332516,11429.342997632708,3.0,18000.0,2025-03
KLEP TABOK KARET SEDOT PLENES POMPA AIR PLENNES PLANES OVAL PACKING,12.3,33867.251908396946,4.34,11949.908396946565,9.121692494652752,25115.988418482804,5.0,14500.0,2025-03
KNOP KOMPOR GAS HITACHI TODACHI TOMBOL PUTARAN CETEKAN PEMANTIK,3.9,10633.235294117647,1.46,3980.6470588235293,2.9257449355468235,7976.95751544678,0.0,0.0,2025-03
KNOP KOMPOR GAS RINNAI TOMBOL PUTARAN CETEKAN SWITCH PEMANTIK,14.01,40561.48192771085,8.14,23566.771084337353,11.666197857237645,33775.75114571333,2.0,5800.0,2025-03
"Kabel Buntung AC Power listrik Colokan Gepeng Oval SNI Serbaguna 1,2m",9.13,54589.79166666667,5.59,33423.541666666664,7.716531586817933,46138.428446182224,0.0,0.0,2025-03
Karet seal Oring sil blender Mounting gelas Nasional Miyako Gmc sanex,7.71,27628.376257796255,21.05,75431.55904365904,13.036460065494005,46715.4635225945,11.0,42900.0,2025-03
LAMPU GOSOKAN BAJU SETERIKA SETRIKA INDIKATOR RESISTOR 1 PCS,17.44,14294.921348314609,26.31,21565.331460674155,20.981656730204783,17197.88605020718,32.0,26400.0,2025-03
"LEHER KIPAS ANGIN COSMOS DINDING WALL FAN PLAT 12"" 16""",6.77,42226.611940298506,4.66,29065.880597014926,5.92750894016549,36971.73113574863,5.0,29500.0,2025-03
"LEHER KIPAS ANGINCOSMOS TIANG BERDIRI STAND FAN PLAT 12"" 16"" SPAREPART",3.13,19259.28125,1.63,10029.59375,2.531072706278785,15574.006745821647,3.0,17700.0,2025-03
LEM KOREA HANDSOME SEBAGUNA MULTIFUNGSI EPOTEC BESI POWERGLUE ( 1pcs),5.96,15342.123636363634,23.63,60827.91636363636,13.01536352003591,33503.912130303346,6.0,16800.0,2025-03
LEM PIPA ISARPLAS TUBE 45GR FOX FITING PVC,1.24,11709.545454545454,1.95,18414.204545454544,1.523492252361375,14386.614337639801,1.0,9600.0,2025-03
LIS KIPAS ANGIN MULTI RING GAWANG PENGIKAT KIPAS ANGIN,4.46,41560.59259259259,3.18,29632.88888888889,3.948915376024563,36798.04105954741,2.0,18800.0,2025-03
"Leher kipas angin COSMOS Dinding wall fan kipas angin COSMOS 12"" 16""",2.96,17807.40111111111,12.85,77305.77847222221,6.908927289935209,41564.20253357369,5.0,29500.0,2025-03
"Leher kipas angin COSMOS tiang berdiri stand fan leher Cosmos 12"" 16"".",14.31,86021.3909774436,6.67,40095.22556390977,11.259463650646612,67683.76833602983,11.0,64900.0,2025-03
MOUNTING PISAU BLENDER JUS PHILIP HR 2061 2115 2116 2071 MANGKOK GELAS,2.31,84315.0,1.07,39055.0,1.8148867705237957,66243.36712411854,1.0,28000.0,2025-03
MOUNTING PISAU BLENDER NATIONAL MIYAKO LAMA MANGKOK JUS JUICE GELAS,1.59,44870.89655172414,2.22,62649.93103448276,1.8415494633629104,51969.795890213994,0.0,0.0,2025-03
NITTO ISOLASI LISTRIK 3/4 INCH 25 METER HITAM ISOLASI KABEL.,2.61,20697.87362637363,6.69,53053.170329670334,4.239082238921704,33616.85382107525,4.0,38800.0,2025-03
ORING KARET TUTUP IMPELLE SHIMIZU 4 BAUT PS 128 130 135 SEMI JETPAM,7.29,12884.282608695652,6.14,10851.782608695652,6.830822408147068,12072.736125703404,6.0,10800.0,2025-03
OTOMATIS MAGIC COM RICE COOKER KAKI PIN 3 ELEMENT THERMOSTAT MTS PER.,3.0,24222.580645161288,8.1,65400.96774193548,5.03635279865213,40664.48727427833,9.0,89100.0,2025-03
OTOMATIS PER MAGIC COM RICE COOKER KAKI PIN 2 ELEMEN THERMOSTAT MTS,4.89,39904.54945054945,1.77,14443.978021978022,3.644231229059873,29738.52868900947,0.0,0.0,2025-03
OTOMATIS PM5 PRESSURE SWITCH JETPUMP POMPA AIR SAN-EI PM 5 SEMI,11.53,651829.3333333334,1.71,96672.0,7.609022650438446,430163.4138381202,8.0,440000.0,2025-03
PINION KIPAS ANGIN MASPION / PEN STOP/ TARIKAN GEARBOX DINAMO,4.67,15531.28787878788,1.58,5254.69696969697,3.436209774934297,11428.000690879973,0.0,0.0,2025-03
PINION PANASONIC NASIONAL PEN STOP TARIKAN GEARBOX KIPAS ANGIN GEAR,3.34,11900.858585858585,109.6,390519.1919191919,45.76800948721086,163077.42774357204,17.0,76500.0,2025-03
PISAU BLENDER MASPION JUS + SEAL PUTIH MOUNTING SPAREPART STAINLES,2.01,26876.571428571424,1.5,20057.142857142855,1.8063647201347868,24153.676829230862,0.0,0.0,2025-03
RADAR PELAMPUNG AIR OTOMATIS TOREN ST 70 AB ORIGINAL SHINTUNG POMPA,1.11,62017.78125000001,1.62,90512.4375,1.313635279865213,73395.26615221919,0.0,0.0,2025-03
SEAL BLENDER JUS PHILIP BARU 2061 2071 2115 2116 KARET PISAU MOUNTING,3.34,12629.375,2.64,9982.5,3.0605005962634326,11572.517879621104,0.0,0.0,2025-03
SEAL KARET PENGAMAN TABUNG GAS LPG ELPIJI REGULATOR SILIKON,39.34,24427.68125,74.34,46160.49375,53.31497018682835,33105.26430038373,20.0,12000.0,2025-03
SEAL PDL 255 PEDROLO SIL POMPA AIR MS 14 PDR KARET SPAREPARTS MACHANIC,23.23,155923.52702702704,57.53,386150.68918918923,36.92547078309178,247849.7478102931,0.0,0.0,2025-03
SEAL SANYO 100 101 PH 100 SIL POMPA AIR,8.36,59342.51612903225,2.36,16752.193548387095,5.964290825115139,42336.84503440601,0.0,0.0,2025-03
SEAL SHIMIZU SMZ 230 GOLSTAR GS 250 SIL POMPA AIR PS 226,3.21,25122.473684210527,5.12,40070.73684210527,3.972634087338347,31091.088883537483,10.0,79000.0,2025-03
SEAL SIL POMPA AIR PANASONIC NATIONAL NASIONAL GP 200 MECHANICAL,10.93,71597.5054945055,2.88,18865.582417582416,7.715756857029479,50542.44684038761,0.0,0.0,2025-03
SELANG PEMBUANGAN AIR MESIN CUCI MULTI 1-2 TABUNG PANJANG SAMPAI 2M,1.97,24895.875,2.7,34121.25,2.261477949610991,28579.4275882089,1.0,12900.0,2025-03
SELANG PEMBUANGAN MESIN CUCI MULTI 1.2 METER,1.89,16119.0,2.67,22771.285714285717,2.2014421927350316,18775.15698661163,0.0,0.0,2025-03
SINGER OIL MINYAK PELUMAS MESIN JAHIT RANTAI SEPEDA 80CC,3.51,25850.11764705882,4.11,30268.94117647059,3.749570917488486,27614.48699232697,2.0,15400.0,2025-03
SNAP RING S12 RETAINER CIRCLIP POMPA AIR EXTERNAL EKSTERNAL RETAINING,19.71,18173.779411764706,19.83,18284.426470588234,19.757914183497697,18217.959107430965,20.0,20000.0,2025-03
SPINER KIPAS ANGIN KUNCI MUR BALING MASPION FAN DINDING PLAFON DINAMO,2.14,5895.490196078432,4.4,12121.568627450983,3.0423837892066308,8381.469066343758,0.0,0.0,2025-03
STIK MIXER PHILIPS GARPU STICK KOCOKAN PENGADUK ADONAN KUE SEPASANG,1.33,33905.633802816905,2.51,63987.32394366197,1.8011561377273555,45916.79731389456,0.0,0.0,2025-03
SWITCH EXHAUST SAKLAR TARIKAN FAN DINAMO MASPION HEXOS DINDING,1.97,14664.68,1.46,10868.24,1.7663647201347867,13148.818976683353,2.0,15800.0,2025-03
SWITCH FAN KIPAS ANGIN MASPION LURUS 4 PIN SAKLAR ON OFF TIANG BERDIRI,6.69,51277.94594594595,0.91,6975.0270270270275,4.382133494860919,33588.461057906934,0.0,0.0,2025-03
SYNCHRONOUS MOTOR ROTARY ROTARI SINKRONUS SWING DINAMO KIPAS ANGIN,4.5,56688.28125,3.13,39429.848958333336,3.9529797384012904,49797.25048578751,0.0,0.0,2025-03
Siltip sealtape isolatip Hachi sealtape isolasi keranpipa air.,3.26,9403.846153846154,10.54,30403.846153846152,6.166793798860295,17788.82826594316,0.0,0.0,2025-03
Swit tembok kipas angin wall fan saklar tarikan DinamoDindingPlafon,1.63,8120.182926829269,7.84,39056.58536585366,4.109558996005829,20472.62012034611,1.0,5200.0,2025-03
Switch Micro 3 Pin Saklar Mikro Otomatis Rice Cooker Majic Com Jer lim,16.33,97326.79999999999,2.69,16032.4,10.883754475761751,64867.17667554004,0.0,0.0,2025-03
Switch Micro Limid Tombol Pin 3 Magicom Rice Cooker Majic Com Jer,2.66,15960.0,4.06,24359.999999999996,3.2189988074731337,19313.992844838802,2.0,12000.0,2025-03
"T Kuningan Tebal Tee Jet Pump 3 Way 1"" Sambungan Otomatis Pompa Air",2.14,68351.6,2.57,82085.79999999999,2.311692490866748,73835.45815828393,0.0,0.0,2025-03
TABUNG ANGIN 2 LITER TANGKI PRESSURE TANK SPART PART POMPA AIR,1.67,101170.6875,0.99,59975.4375,1.398486293513049,84722.04776888741,0.0,0.0,2025-03
TABUNG POMPA AIR PVC FIBER TENGKI OTOMATIS 2 LITER,2.44,67150.83333333333,1.39,38253.95833333333,2.0207508943951495,55612.748572833174,0.0,0.0,2025-03
TALI PEMBUANGAN AIR DRAIN REM MESIN CUCI 2 TABUNG TARIKAN,4.59,21547.96363636364,2.39,11219.963636363638,3.711573302542218,17424.14957666183,2.0,9600.0,2025-03
TERMOSTAT BIMETAL PENGATUR SUHU SAKLAR OTOMATIS DISPENSER MAGIC COM,13.67,58546.26262626262,10.14,43427.87878787879,12.26052443544274,52509.72081442143,0.0,0.0,2025-03
TIMAH SOLDER 0.8mm 10M 60/40 TIM TINOL TENOL KAWAT KWALITAS BAGUS,1.97,34271.99390243902,1.91,33228.17682926829,1.9460429082511514,33855.213545922925,2.0,36800.0,2025-03
"TUSEN KLEP 1/2"" INCH TUSSEN TOSSEN PVC PLASTIK FOOT VALVE",1.59,9272.21052631579,1.71,9972.0,1.6379141834976971,9551.625870081307,2.0,13000.0,2025-03
"TUSEN KLEP 3/4"" INCH TUSSEN TOSSEN PVC PLASTIK FOOT VALVE",2.36,15845.714285714286,0.58,3894.285714285714,1.649272944784158,11073.689772122205,2.0,13800.0,2025-03
Tarikan pinion baut gearbox kipas angin cabutan Cosmos Miyako Multifan,5.19,10159.64491525424,3.77,7379.934745762712,4.62301549527725,9049.748722492304,0.0,0.0,2025-03
Tarikan pinion socket gerbox cabutan kipas angin CosmosMiyakoMaspion,5.44,10620.476723549487,29.2,57006.97064846416,14.927008332544045,29141.90157132597,6.0,12000.0,2025-03
Tutup sendok Blender Nasional National tutup gelas juice blender NS.,1.11,9033.969333333334,2.27,18474.87422222222,1.5731704404777394,12803.579743587738,1.0,5600.0,2025-03
"WATERMUR 1/2 "" INCH POLOS WATERMOER SAMBUNGAN PIPA UNION SOCKET PVC",2.19,17520.0,1.88,15040.0,2.0662216926309487,16529.77354104759,2.0,16000.0,2025-03
"WATERMUR 3/4 "" INCH POLOS WATERMOER SAMBUNGAN PIPA PVC UNION SOCKET",1.71,13680.0,1.29,10320.0,1.5423003577580596,12338.402862064477,1.0,8000.0,2025-03
"WATERMUR 3/4""INCH DRAT LUAR WATER MUR UNION SOCKET SANYO PVC 1 × 3/4""",7.89,63120.0,10.82,86560.0,9.059904647068773,72479.23717655019,2.0,16000.0,2025-03
"WATERMUR1/2"" INCH DRAT LUAR WATERMOR UNION SOCKET SANYO PCV 1×1/2""",4.07,32560.000000000004,3.61,28880.0,3.886328963258827,31090.631706070617,0.0,0.0,2025-03
arang blender Philip,3.09,14114.16923076923,3.0,13703.076923076922,3.054064362376727,13950.026295225389,0.0,0.0,2025-03
bearing nkn 608 2RS ball laher.,3.43,20023.85462264151,9.87,57619.66330188679,6.001394514376416,35035.2919209888,0.0,0.0,2025-03
bos kipasangin dinamoNational boshing fanpanasonic KDK dindingportable,15.86,47646.50070175438,10.27,30853.06192982456,13.627997618732271,40941.13481112448,0.0,0.0,2025-03
carbon arang blender Philips brush karbon kaleng bulet,31.41,135299.41935483873,61.0,262759.1397849463,43.224839080807165,186192.1562986167,98.0,441000.0,2025-03
drat besar kopel gear gigi karet pisau blender.,3.77,10301.041666666666,23.9,65303.68589743589,11.807604281738703,32262.76490443027,0.0,0.0,2025-03
gear konektor Miyako baru blender/ gigi lower mesin dinamo Blender.,39.99,128641.23232323233,76.28,245380.17508417508,54.48004765942859,175253.3250296905,34.0,98600.0,2025-03
"kapasitas kipas angin 1,5uf mikro 450V capasitor kotak spareparts",13.8,46719.21621621621,1.97,6669.337387387387,9.076460076852019,30727.905855674195,5.0,18500.0,2025-03
"kapasitor 3 uf capasitor 3,0 mickro 450V kotak.spartparts kipas angin",2.01,11843.33766233766,3.58,21094.103896103898,2.6368772340948716,15537.028585829134,0.0,0.0,2025-03
"kapasitor 3,5uf mickro 450V kotak capasitor kipas angin spareparts",1.84,12013.41935483871,1.71,11164.645161290322,1.7880929678774948,11674.516667690483,0.0,0.0,2025-03
kapasitor 4 uf mickro capasitor kipas angin 450V kotak spareparts,1.71,15208.3125,5.94,52828.875,3.3989749682938255,30229.63362426321,0.0,0.0,2025-03
kapasitor kipas angin 2 uf mickro 450V capasitor kotak spareparts,11.27,51910.92038461538,7.26,33440.39769230769,9.668867701451951,44535.920271468625,3.0,14700.0,2025-03
"kapasitor kipas angin 2,5uf mickro kotak 450V capasitor spareparts",6.6,31918.55421686747,9.92,47974.55421686747,7.925625743436289,38329.471968859354,1.0,5100.0,2025-03
konektor blender maspion conektor kecil gigi atas mesin gear ger lower,12.56,43727.032258064515,14.46,50341.79032258065,13.318641238713539,46368.20502219867,0.0,0.0,2025-03
kopel Miyako baru pisau baut flange gigi blender gear upper konektor.,4.24,13437.087557603687,50.93,161403.5069124424,22.882610229229016,72517.83896147832,16.0,35200.0,2025-03
kopel gigi karet blender drat lobang kecil gear RRT pisau blender,3.81,11157.044776119403,10.88,31860.537313432837,6.632943977739327,19423.63594675307,0.0,0.0,2025-03
oring seal AS kipas angin umum.,54.0,26739.875486381323,175.11,86711.4740077821,102.35738969505088,50685.62695475317,10.0,5000.0,2025-03
seal 2 ply mounting bumbu blender Philip karet 2061-2071-2115-2116mill,2.06,7955.862068965517,4.41,17031.724137931036,2.9983194268299034,11579.716407067213,4.0,16000.0,2025-03
seal pompa air Shimizu 100- 125/sil pompa air Shimizu simitsu 125.,18.99,110581.49844827586,41.23,240088.2138505747,27.87009534157321,162291.56949802415,27.0,132300.0,2025-03
seal pompa air Toyomoto 125 sil TM 125 marcanical seal Ty mekanik,10.59,61119.42857142857,3.88,22393.14285714286,7.910798572753764,45656.60890560744,10.0,49000.0,2025-03
seal sil pompa air Panasonic National GP125 Nasional Spareparts pompa,13.46,75118.61853658537,76.49,426881.3619512195,38.62692488216545,215572.15716677,32.0,156800.0,2025-03
spiner AS kipas angin Cosmos Miyako/kunci mur baling kipas angin,12.73,39853.386666666665,5.96,18658.77333333333,10.026841481004917,31390.698396532724,26.0,78000.0,2025-03
